alert_id,alert_date,rule_id,analyst_id,risk_score,alert_amount,alert_age_days,review_minutes,disposition,sar_flag,rule_name,channel_focus,false_positive_flag,escalated_flag,month
ALT00001,2026-08-25,R001,ANL04,96.0,7578.03,18,36,Close - False Positive,0,Structuring / Cash Activity,Cash,1,0,2026-08
ALT00002,2026-06-05,R003,ANL07,52.0,1326.59,10,48,Escalate to Case,1,Rapid Movement of Funds,ACH/P2P/Wire,0,1,2026-06
ALT00003,2026-09-26,R001,ANL04,58.0,17204.89,10,19,Escalate to Case,0,Structuring / Cash Activity,Cash,0,1,2026-09
ALT00004,2026-03-30,R001,ANL02,45.0,33731.84,17,34,Close - False Positive,0,Structuring / Cash Activity,Cash,1,0,2026-03
ALT00005,2026-01-26,R001,ANL08,48.0,16616.52,1,19,Escalate to Case,0,Structuring / Cash Activity,Cash,0,1,2026-01
ALT00006,2026-09-21,R001,ANL11,74.0,18471.79,4,29,Close - False Positive,0,Structuring / Cash Activity,Cash,1,0,2026-09
ALT00007,2026-06-15,R001,ANL12,54.0,15069.16,3,56,Escalate to Case,0,Structuring / Cash Activity,Cash,0,1,2026-06
ALT00008,2026-04-19,R006,ANL06,47.0,62049.5,4,50,Close - Explained Activity,0,P2P Funnel Activity,P2P,0,0,2026-04
ALT00009,2026-08-16,R001,ANL03,91.0,43066.51,3,57,Close - Explained Activity,0,Structuring / Cash Activity,Cash,0,0,2026-08
ALT00010,2026-03-19,R004,ANL09,43.0,8135.38,34,30,Close - False Positive,0,Unusual Volume Increase,All,1,0,2026-03
ALT00011,2026-04-12,R008,ANL10,76.0,11984.48,10,32,Close - Explained Activity,0,Dormant Account Reactivation,All,0,0,2026-04
ALT00012,2026-08-23,R002,ANL08,61.0,3073.33,11,39,Escalate to Case,0,High-Risk Jurisdiction Wire,Wire,0,1,2026-08
ALT00013,2026-02-18,R003,ANL06,58.0,21665.96,3,19,Close - False Positive,0,Rapid Movement of Funds,ACH/P2P/Wire,1,0,2026-02
ALT00014,2026-08-20,R001,ANL07,69.0,37422.5,12,36,Escalate to Case,0,Structuring / Cash Activity,Cash,0,1,2026-08
ALT00015,2026-03-12,R002,ANL02,28.0,62887.84,6,46,Close - False Positive,0,High-Risk Jurisdiction Wire,Wire,1,0,2026-03
ALT00016,2026-02-05,R002,ANL11,34.0,3821.31,8,36,Close - False Positive,0,High-Risk Jurisdiction Wire,Wire,1,0,2026-02
ALT00017,2026-03-17,R001,ANL03,53.0,85968.41,10,32,Close - False Positive,0,Structuring / Cash Activity,Cash,1,0,2026-03
ALT00018,2026-02-10,R003,ANL12,26.0,20528.58,2,25,Close - False Positive,0,Rapid Movement of Funds,ACH/P2P/Wire,1,0,2026-02
ALT00019,2026-07-24,R008,ANL12,44.0,29584.9,7,16,Escalate to Case,0,Dormant Account Reactivation,All,0,1,2026-07
ALT00020,2026-03-09,R001,ANL11,77.0,26700.16,1,16,Close - False Positive,0,Structuring / Cash Activity,Cash,1,0,2026-03
ALT00021,2026-01-21,R008,ANL01,51.0,78652.92,5,40,Close - False Positive,0,Dormant Account Reactivation,All,1,0,2026-01
ALT00022,2026-04-27,R001,ANL12,51.0,14899.0,1,11,Close - False Positive,0,Structuring / Cash Activity,Cash,1,0,2026-04
ALT00023,2026-08-26,R001,ANL12,71.0,52422.49,11,28,Close - False Positive,0,Structuring / Cash Activity,Cash,1,0,2026-08
ALT00024,2026-09-06,R001,ANL08,47.0,144485.03,7,61,Close - False Positive,0,Structuring / Cash Activity,Cash,1,0,2026-09
ALT00025,2026-02-21,R008,ANL12,89.0,26533.55,11,39,Close - False Positive,0,Dormant Account Reactivation,All,1,0,2026-02
ALT00026,2026-02-01,R002,ANL09,52.0,35481.11,4,38,Close - False Positive,0,High-Risk Jurisdiction Wire,Wire,1,0,2026-02
ALT00027,2026-07-23,R001,ANL01,51.0,8493.62,3,9,Close - False Positive,0,Structuring / Cash Activity,Cash,1,0,2026-07
ALT00028,2026-01-10,R007,ANL02,49.0,12192.11,3,24,Close - False Positive,0,Cash Intensive Business,Cash,1,0,2026-01
ALT00029,2026-02-26,R004,ANL05,100.0,5542.36,17,52,Escalate to Case,0,Unusual Volume Increase,All,0,1,2026-02
ALT00030,2026-01-25,R006,ANL05,62.0,9750.73,1,8,Escalate to Case,1,P2P Funnel Activity,P2P,0,1,2026-01
ALT00031,2026-08-15,R001,ANL11,68.0,68711.63,0,42,Close - False Positive,0,Structuring / Cash Activity,Cash,1,0,2026-08
ALT00032,2026-06-09,R006,ANL09,66.0,41183.93,6,57,Close - False Positive,0,P2P Funnel Activity,P2P,1,0,2026-06
ALT00033,2026-08-19,R005,ANL12,83.0,6874.0,9,31,Close - False Positive,0,High-Value Wire,Wire,1,0,2026-08
ALT00034,2026-04-16,R003,ANL06,53.0,8218.23,27,47,Close - Explained Activity,0,Rapid Movement of Funds,ACH/P2P/Wire,0,0,2026-04
ALT00035,2026-03-26,R005,ANL07,34.0,10357.24,13,48,Close - False Positive,0,High-Value Wire,Wire,1,0,2026-03
ALT00036,2026-03-06,R002,ANL02,80.0,30227.66,10,42,Escalate to Case,0,High-Risk Jurisdiction Wire,Wire,0,1,2026-03
ALT00037,2026-04-21,R005,ANL02,5.0,28941.1,8,31,Close - False Positive,0,High-Value Wire,Wire,1,0,2026-04
ALT00038,2026-04-28,R002,ANL03,59.0,27128.03,8,52,Close - False Positive,0,High-Risk Jurisdiction Wire,Wire,1,0,2026-04
ALT00039,2026-06-15,R005,ANL08,51.0,6202.92,15,35,Close - False Positive,0,High-Value Wire,Wire,1,0,2026-06
ALT00040,2026-06-24,R006,ANL10,42.0,18610.98,6,41,Close - False Positive,0,P2P Funnel Activity,P2P,1,0,2026-06
ALT00041,2026-01-25,R001,ANL05,37.0,54011.75,11,51,Close - False Positive,0,Structuring / Cash Activity,Cash,1,0,2026-01
ALT00042,2026-03-25,R004,ANL01,51.0,5797.98,8,22,Close - False Positive,0,Unusual Volume Increase,All,1,0,2026-03
ALT00043,2026-04-16,R002,ANL03,68.0,34296.68,23,12,Close - False Positive,0,High-Risk Jurisdiction Wire,Wire,1,0,2026-04
ALT00044,2026-06-03,R004,ANL01,34.0,11861.54,4,53,Close - Explained Activity,0,Unusual Volume Increase,All,0,0,2026-06
ALT00045,2026-01-18,R004,ANL02,17.0,3660.56,6,22,Close - False Positive,0,Unusual Volume Increase,All,1,0,2026-01
ALT00046,2026-08-24,R002,ANL06,34.0,43224.77,2,31,Escalate to Case,0,High-Risk Jurisdiction Wire,Wire,0,1,2026-08
ALT00047,2026-03-15,R007,ANL09,53.0,15113.71,3,41,Close - False Positive,0,Cash Intensive Business,Cash,1,0,2026-03
ALT00048,2026-04-22,R002,ANL08,69.0,2379.08,8,42,Escalate to Case,0,High-Risk Jurisdiction Wire,Wire,0,1,2026-04
ALT00049,2026-03-18,R006,ANL10,53.0,49921.89,4,23,Close - False Positive,0,P2P Funnel Activity,P2P,1,0,2026-03
ALT00050,2026-03-05,R004,ANL12,65.0,101480.79,5,48,Close - Explained Activity,0,Unusual Volume Increase,All,0,0,2026-03
ALT00051,2026-03-13,R005,ANL01,59.0,8526.42,8,64,Close - False Positive,0,High-Value Wire,Wire,1,0,2026-03
ALT00052,2026-04-30,R005,ANL08,41.0,25352.39,21,26,Close - False Positive,0,High-Value Wire,Wire,1,0,2026-04
ALT00053,2026-06-25,R003,ANL04,61.0,48916.09,6,34,Close - Explained Activity,0,Rapid Movement of Funds,ACH/P2P/Wire,0,0,2026-06
ALT00054,2026-02-23,R007,ANL11,76.0,13088.65,2,43,Close - Explained Activity,0,Cash Intensive Business,Cash,0,0,2026-02
ALT00055,2026-03-09,R001,ANL12,27.0,90922.75,11,38,Close - False Positive,0,Structuring / Cash Activity,Cash,1,0,2026-03
ALT00056,2026-03-20,R005,ANL01,48.0,10904.02,13,39,Escalate to Case,1,High-Value Wire,Wire,0,1,2026-03
ALT00057,2026-06-15,R002,ANL02,65.0,27135.26,4,8,Escalate to Case,0,High-Risk Jurisdiction Wire,Wire,0,1,2026-06
ALT00058,2026-03-12,R005,ANL04,79.0,7818.79,10,19,Close - False Positive,0,High-Value Wire,Wire,1,0,2026-03
ALT00059,2026-01-31,R006,ANL02,50.0,32760.62,16,13,Close - False Positive,0,P2P Funnel Activity,P2P,1,0,2026-01
ALT00060,2026-02-28,R003,ANL01,52.0,17469.08,2,33,Close - False Positive,0,Rapid Movement of Funds,ACH/P2P/Wire,1,0,2026-02
ALT00061,2026-07-18,R001,ANL07,14.0,5055.32,18,53,Close - False Positive,0,Structuring / Cash Activity,Cash,1,0,2026-07
ALT00062,2026-01-30,R002,ANL07,41.0,12237.63,7,33,Close - Explained Activity,0,High-Risk Jurisdiction Wire,Wire,0,0,2026-01
ALT00063,2026-02-08,R006,ANL07,88.0,9346.64,6,51,Close - False Positive,0,P2P Funnel Activity,P2P,1,0,2026-02
ALT00064,2026-08-05,R004,ANL08,64.0,6072.92,8,46,Close - False Positive,0,Unusual Volume Increase,All,1,0,2026-08
ALT00065,2026-06-27,R002,ANL05,57.0,42338.72,6,31,Escalate to Case,0,High-Risk Jurisdiction Wire,Wire,0,1,2026-06
ALT00066,2026-05-04,R005,ANL11,63.0,87796.05,7,34,Close - False Positive,0,High-Value Wire,Wire,1,0,2026-05
ALT00067,2026-08-19,R007,ANL10,100.0,7561.78,12,57,Escalate to Case,0,Cash Intensive Business,Cash,0,1,2026-08
ALT00068,2026-07-04,R001,ANL01,88.0,4423.94,4,32,Close - False Positive,0,Structuring / Cash Activity,Cash,1,0,2026-07
ALT00069,2026-09-30,R006,ANL03,56.0,37506.21,8,48,Close - Explained Activity,0,P2P Funnel Activity,P2P,0,0,2026-09
ALT00070,2026-05-31,R003,ANL11,76.0,103667.98,16,33,Escalate to Case,0,Rapid Movement of Funds,ACH/P2P/Wire,0,1,2026-05
ALT00071,2026-06-13,R006,ANL02,45.0,57090.74,6,58,Close - False Positive,0,P2P Funnel Activity,P2P,1,0,2026-06
ALT00072,2026-03-14,R004,ANL04,54.0,26370.16,10,56,Close - False Positive,0,Unusual Volume Increase,All,1,0,2026-03
ALT00073,2026-08-18,R003,ANL12,33.0,24312.4,12,37,Close - False Positive,0,Rapid Movement of Funds,ACH/P2P/Wire,1,0,2026-08
ALT00074,2026-04-11,R005,ANL08,64.0,15987.3,0,32,Close - Explained Activity,0,High-Value Wire,Wire,0,0,2026-04
ALT00075,2026-03-11,R004,ANL03,34.0,9799.19,3,22,Close - False Positive,0,Unusual Volume Increase,All,1,0,2026-03
ALT00076,2026-07-21,R004,ANL01,75.0,17958.6,11,29,Close - False Positive,0,Unusual Volume Increase,All,1,0,2026-07
ALT00077,2026-04-12,R001,ANL10,61.0,23661.28,6,38,Close - False Positive,0,Structuring / Cash Activity,Cash,1,0,2026-04
ALT00078,2026-08-09,R004,ANL11,59.0,32852.35,5,79,Close - False Positive,0,Unusual Volume Increase,All,1,0,2026-08
ALT00079,2026-03-27,R004,ANL02,49.0,7814.61,10,32,Escalate to Case,0,Unusual Volume Increase,All,0,1,2026-03
ALT00080,2026-07-25,R002,ANL11,40.0,11642.6,5,43,Close - False Positive,0,High-Risk Jurisdiction Wire,Wire,1,0,2026-07
ALT00081,2026-01-18,R002,ANL05,44.0,31958.32,3,37,Escalate to Case,0,High-Risk Jurisdiction Wire,Wire,0,1,2026-01
ALT00082,2026-06-02,R001,ANL02,27.0,7871.39,3,33,Close - False Positive,0,Structuring / Cash Activity,Cash,1,0,2026-06
ALT00083,2026-04-24,R005,ANL03,40.0,69919.47,3,39,Close - False Positive,0,High-Value Wire,Wire,1,0,2026-04
ALT00084,2026-04-10,R004,ANL12,52.0,15558.71,6,36,Close - False Positive,0,Unusual Volume Increase,All,1,0,2026-04
ALT00085,2026-05-13,R006,ANL08,49.0,11256.06,20,57,Escalate to Case,0,P2P Funnel Activity,P2P,0,1,2026-05
ALT00086,2026-09-11,R001,ANL07,64.0,14061.15,8,43,Close - False Positive,0,Structuring / Cash Activity,Cash,1,0,2026-09
ALT00087,2026-05-02,R007,ANL06,84.0,32086.14,4,34,Escalate to Case,0,Cash Intensive Business,Cash,0,1,2026-05
ALT00088,2026-01-22,R003,ANL10,89.0,52780.39,13,29,Close - False Positive,0,Rapid Movement of Funds,ACH/P2P/Wire,1,0,2026-01
ALT00089,2026-04-01,R006,ANL10,56.0,4529.94,2,59,Close - False Positive,0,P2P Funnel Activity,P2P,1,0,2026-04
ALT00090,2026-08-10,R007,ANL09,34.0,12414.31,8,11,Close - False Positive,0,Cash Intensive Business,Cash,1,0,2026-08
ALT00091,2026-05-29,R002,ANL04,81.0,19477.8,15,41,Escalate to Case,0,High-Risk Jurisdiction Wire,Wire,0,1,2026-05
ALT00092,2026-04-27,R004,ANL11,47.0,65865.68,17,62,Close - False Positive,0,Unusual Volume Increase,All,1,0,2026-04
ALT00093,2026-01-01,R006,ANL03,62.0,10549.64,12,33,Close - False Positive,0,P2P Funnel Activity,P2P,1,0,2026-01
ALT00094,2026-06-07,R006,ANL06,45.0,1895.13,15,23,Escalate to Case,0,P2P Funnel Activity,P2P,0,1,2026-06
ALT00095,2026-05-16,R004,ANL02,64.0,15091.37,8,41,Close - False Positive,0,Unusual Volume Increase,All,1,0,2026-05
ALT00096,2026-08-04,R002,ANL04,61.0,54643.82,12,38,Close - False Positive,0,High-Risk Jurisdiction Wire,Wire,1,0,2026-08
ALT00097,2026-01-17,R004,ANL07,100.0,10802.18,1,35,Close - False Positive,0,Unusual Volume Increase,All,1,0,2026-01
ALT00098,2026-02-04,R002,ANL08,59.0,9625.02,8,25,Close - Explained Activity,0,High-Risk Jurisdiction Wire,Wire,0,0,2026-02
ALT00099,2026-07-01,R005,ANL06,92.0,30653.52,6,13,Close - Explained Activity,0,High-Value Wire,Wire,0,0,2026-07
ALT00100,2026-04-21,R004,ANL01,28.0,3163.75,2,34,Close - False Positive,0,Unusual Volume Increase,All,1,0,2026-04
ALT00101,2026-03-16,R002,ANL12,76.0,9340.89,11,16,Close - Explained Activity,0,High-Risk Jurisdiction Wire,Wire,0,0,2026-03
ALT00102,2026-02-03,R003,ANL09,47.0,79456.83,4,12,Close - False Positive,0,Rapid Movement of Funds,ACH/P2P/Wire,1,0,2026-02
ALT00103,2026-06-23,R005,ANL01,94.0,21573.67,10,14,Close - False Positive,0,High-Value Wire,Wire,1,0,2026-06
ALT00104,2026-03-07,R003,ANL08,82.0,52640.87,15,31,Escalate to Case,0,Rapid Movement of Funds,ACH/P2P/Wire,0,1,2026-03
ALT00105,2026-01-10,R002,ANL01,67.0,7527.34,3,20,Close - False Positive,0,High-Risk Jurisdiction Wire,Wire,1,0,2026-01
ALT00106,2026-09-16,R004,ANL05,79.0,5135.61,18,33,Close - False Positive,0,Unusual Volume Increase,All,1,0,2026-09
ALT00107,2026-03-01,R004,ANL06,59.0,12530.76,5,35,Close - False Positive,0,Unusual Volume Increase,All,1,0,2026-03
ALT00108,2026-08-08,R007,ANL04,36.0,18729.79,3,42,Close - False Positive,0,Cash Intensive Business,Cash,1,0,2026-08
ALT00109,2026-01-15,R001,ANL06,23.0,28032.52,23,42,Close - False Positive,0,Structuring / Cash Activity,Cash,1,0,2026-01
ALT00110,2026-04-02,R003,ANL05,83.0,30628.08,8,25,Escalate to Case,0,Rapid Movement of Funds,ACH/P2P/Wire,0,1,2026-04
ALT00111,2026-08-14,R004,ANL10,84.0,15214.34,9,51,Close - False Positive,0,Unusual Volume Increase,All,1,0,2026-08
ALT00112,2026-01-09,R002,ANL09,52.0,3060.46,5,53,Close - Explained Activity,0,High-Risk Jurisdiction Wire,Wire,0,0,2026-01
ALT00113,2026-06-02,R007,ANL03,69.0,9712.42,12,51,Close - False Positive,0,Cash Intensive Business,Cash,1,0,2026-06
ALT00114,2026-04-11,R004,ANL01,50.0,59443.2,2,40,Close - False Positive,0,Unusual Volume Increase,All,1,0,2026-04
ALT00115,2026-05-29,R002,ANL10,46.0,25032.29,26,40,Escalate to Case,1,High-Risk Jurisdiction Wire,Wire,0,1,2026-05
ALT00116,2026-01-05,R001,ANL08,45.0,18404.88,8,25,Close - False Positive,0,Structuring / Cash Activity,Cash,1,0,2026-01
ALT00117,2026-02-23,R008,ANL02,56.0,80238.97,7,50,Escalate to Case,0,Dormant Account Reactivation,All,0,1,2026-02
ALT00118,2026-09-12,R008,ANL03,74.0,20474.65,2,74,Close - False Positive,0,Dormant Account Reactivation,All,1,0,2026-09
ALT00119,2026-09-06,R003,ANL07,56.0,13828.28,6,33,Escalate to Case,0,Rapid Movement of Funds,ACH/P2P/Wire,0,1,2026-09
ALT00120,2026-03-22,R007,ANL04,68.0,3208.45,11,25,Close - False Positive,0,Cash Intensive Business,Cash,1,0,2026-03
ALT00121,2026-05-06,R001,ANL01,56.0,32562.73,5,37,Close - False Positive,0,Structuring / Cash Activity,Cash,1,0,2026-05
ALT00122,2026-04-01,R003,ANL11,54.0,20523.8,5,36,Escalate to Case,0,Rapid Movement of Funds,ACH/P2P/Wire,0,1,2026-04
ALT00123,2026-07-02,R002,ANL02,47.0,25486.7,4,32,Escalate to Case,0,High-Risk Jurisdiction Wire,Wire,0,1,2026-07
ALT00124,2026-05-31,R006,ANL06,73.0,34577.23,25,57,Close - Explained Activity,0,P2P Funnel Activity,P2P,0,0,2026-05
ALT00125,2026-05-06,R006,ANL05,58.0,25483.47,16,31,Escalate to Case,0,P2P Funnel Activity,P2P,0,1,2026-05
ALT00126,2026-06-21,R006,ANL10,52.0,6403.27,7,27,Close - False Positive,0,P2P Funnel Activity,P2P,1,0,2026-06
ALT00127,2026-07-03,R005,ANL11,45.0,7072.75,9,12,Escalate to Case,0,High-Value Wire,Wire,0,1,2026-07
ALT00128,2026-06-19,R002,ANL06,70.0,10293.35,7,37,Close - Explained Activity,0,High-Risk Jurisdiction Wire,Wire,0,0,2026-06
ALT00129,2026-04-20,R007,ANL10,41.0,33180.75,12,35,Close - False Positive,0,Cash Intensive Business,Cash,1,0,2026-04
ALT00130,2026-03-22,R001,ANL01,57.0,93289.69,12,23,Close - False Positive,0,Structuring / Cash Activity,Cash,1,0,2026-03
ALT00131,2026-07-14,R001,ANL01,83.0,42493.58,21,48,Close - Explained Activity,0,Structuring / Cash Activity,Cash,0,0,2026-07
ALT00132,2026-05-19,R003,ANL10,59.0,59615.38,10,55,Close - False Positive,0,Rapid Movement of Funds,ACH/P2P/Wire,1,0,2026-05
ALT00133,2026-03-28,R008,ANL02,64.0,17165.09,7,65,Close - False Positive,0,Dormant Account Reactivation,All,1,0,2026-03
ALT00134,2026-04-22,R001,ANL05,24.0,133290.93,6,44,Close - False Positive,0,Structuring / Cash Activity,Cash,1,0,2026-04
ALT00135,2026-06-11,R008,ANL01,71.0,8363.95,15,39,Close - False Positive,0,Dormant Account Reactivation,All,1,0,2026-06
ALT00136,2026-05-12,R001,ANL11,56.0,264268.77,6,30,Escalate to Case,0,Structuring / Cash Activity,Cash,0,1,2026-05
ALT00137,2026-04-06,R007,ANL06,53.0,25213.03,10,40,Close - Explained Activity,0,Cash Intensive Business,Cash,0,0,2026-04
ALT00138,2026-09-02,R001,ANL12,56.0,158471.68,1,45,Close - False Positive,0,Structuring / Cash Activity,Cash,1,0,2026-09
ALT00139,2026-06-12,R005,ANL08,72.0,24524.33,5,48,Close - False Positive,0,High-Value Wire,Wire,1,0,2026-06
ALT00140,2026-01-28,R007,ANL10,55.0,17827.07,21,34,Close - False Positive,0,Cash Intensive Business,Cash,1,0,2026-01
ALT00141,2026-07-25,R004,ANL11,82.0,44555.46,8,29,Escalate to Case,0,Unusual Volume Increase,All,0,1,2026-07
ALT00142,2026-02-24,R005,ANL11,64.0,6422.22,9,67,Close - False Positive,0,High-Value Wire,Wire,1,0,2026-02
ALT00143,2026-08-01,R008,ANL03,52.0,67816.87,15,73,Escalate to Case,0,Dormant Account Reactivation,All,0,1,2026-08
ALT00144,2026-04-04,R002,ANL01,45.0,43626.02,6,40,Close - False Positive,0,High-Risk Jurisdiction Wire,Wire,1,0,2026-04
ALT00145,2026-05-12,R007,ANL04,72.0,72193.8,1,37,Close - False Positive,0,Cash Intensive Business,Cash,1,0,2026-05
ALT00146,2026-07-05,R004,ANL04,43.0,19513.46,1,52,Close - Explained Activity,0,Unusual Volume Increase,All,0,0,2026-07
ALT00147,2026-03-14,R001,ANL02,55.0,21976.82,28,37,Escalate to Case,0,Structuring / Cash Activity,Cash,0,1,2026-03
ALT00148,2026-03-31,R001,ANL01,60.0,45931.57,9,53,Close - False Positive,0,Structuring / Cash Activity,Cash,1,0,2026-03
ALT00149,2026-09-09,R005,ANL05,55.0,21220.25,9,39,Close - False Positive,0,High-Value Wire,Wire,1,0,2026-09
ALT00150,2026-04-27,R001,ANL06,52.0,14156.46,7,36,Close - False Positive,0,Structuring / Cash Activity,Cash,1,0,2026-04
ALT00151,2026-07-05,R004,ANL05,79.0,32297.86,15,20,Close - False Positive,0,Unusual Volume Increase,All,1,0,2026-07
ALT00152,2026-03-23,R001,ANL07,50.0,42971.9,17,48,Close - Explained Activity,0,Structuring / Cash Activity,Cash,0,0,2026-03
ALT00153,2026-05-11,R005,ANL09,96.0,22530.61,17,32,Escalate to Case,0,High-Value Wire,Wire,0,1,2026-05
ALT00154,2026-05-11,R004,ANL07,51.0,292760.89,15,20,Close - False Positive,0,Unusual Volume Increase,All,1,0,2026-05
ALT00155,2026-09-29,R002,ANL05,63.0,32049.57,5,57,Close - Explained Activity,0,High-Risk Jurisdiction Wire,Wire,0,0,2026-09
ALT00156,2026-02-08,R005,ANL02,54.0,32791.02,1,51,Close - False Positive,0,High-Value Wire,Wire,1,0,2026-02
ALT00157,2026-06-25,R001,ANL11,59.0,7653.88,5,41,Close - False Positive,0,Structuring / Cash Activity,Cash,1,0,2026-06
ALT00158,2026-08-03,R001,ANL10,83.0,9270.05,7,50,Close - False Positive,0,Structuring / Cash Activity,Cash,1,0,2026-08
ALT00159,2026-01-21,R004,ANL09,55.0,131382.79,17,43,Close - False Positive,0,Unusual Volume Increase,All,1,0,2026-01
ALT00160,2026-06-24,R005,ANL12,15.0,58520.52,3,24,Close - Explained Activity,0,High-Value Wire,Wire,0,0,2026-06
ALT00161,2026-07-20,R001,ANL03,47.0,17264.88,10,47,Close - Explained Activity,0,Structuring / Cash Activity,Cash,0,0,2026-07
ALT00162,2026-09-01,R003,ANL06,46.0,54676.02,17,27,Close - Explained Activity,0,Rapid Movement of Funds,ACH/P2P/Wire,0,0,2026-09
ALT00163,2026-08-01,R002,ANL10,39.0,46233.19,14,38,Close - False Positive,0,High-Risk Jurisdiction Wire,Wire,1,0,2026-08
ALT00164,2026-06-12,R007,ANL04,74.0,25914.04,9,53,Escalate to Case,0,Cash Intensive Business,Cash,0,1,2026-06
ALT00165,2026-01-03,R005,ANL05,31.0,15185.86,7,51,Escalate to Case,1,High-Value Wire,Wire,0,1,2026-01
ALT00166,2026-05-14,R004,ANL12,62.0,35445.92,14,51,Close - False Positive,0,Unusual Volume Increase,All,1,0,2026-05
ALT00167,2026-02-09,R007,ANL06,31.0,41697.49,20,39,Close - Explained Activity,0,Cash Intensive Business,Cash,0,0,2026-02
ALT00168,2026-04-04,R007,ANL12,60.0,3872.41,1,40,Escalate to Case,0,Cash Intensive Business,Cash,0,1,2026-04
ALT00169,2026-09-17,R003,ANL01,76.0,961.89,11,37,Close - False Positive,0,Rapid Movement of Funds,ACH/P2P/Wire,1,0,2026-09
ALT00170,2026-07-30,R003,ANL10,37.0,34223.97,17,8,Close - Explained Activity,0,Rapid Movement of Funds,ACH/P2P/Wire,0,0,2026-07
ALT00171,2026-08-12,R003,ANL03,56.0,28074.04,15,34,Escalate to Case,1,Rapid Movement of Funds,ACH/P2P/Wire,0,1,2026-08
ALT00172,2026-08-05,R002,ANL05,34.0,14910.19,9,52,Close - False Positive,0,High-Risk Jurisdiction Wire,Wire,1,0,2026-08
ALT00173,2026-08-01,R003,ANL04,59.0,7002.21,8,56,Close - Explained Activity,0,Rapid Movement of Funds,ACH/P2P/Wire,0,0,2026-08
ALT00174,2026-01-30,R007,ANL02,62.0,16175.07,5,45,Close - False Positive,0,Cash Intensive Business,Cash,1,0,2026-01
ALT00175,2026-06-17,R003,ANL08,40.0,19632.4,7,58,Close - False Positive,0,Rapid Movement of Funds,ACH/P2P/Wire,1,0,2026-06
ALT00176,2026-04-28,R002,ANL03,43.0,48267.5,11,53,Escalate to Case,1,High-Risk Jurisdiction Wire,Wire,0,1,2026-04
ALT00177,2026-06-09,R004,ANL06,33.0,2466.93,10,27,Escalate to Case,0,Unusual Volume Increase,All,0,1,2026-06
ALT00178,2026-06-24,R002,ANL10,72.0,36705.25,5,56,Escalate to Case,0,High-Risk Jurisdiction Wire,Wire,0,1,2026-06
ALT00179,2026-02-11,R002,ANL09,51.0,9323.76,5,54,Escalate to Case,0,High-Risk Jurisdiction Wire,Wire,0,1,2026-02
ALT00180,2026-01-27,R007,ANL10,52.0,29536.07,13,29,Escalate to Case,0,Cash Intensive Business,Cash,0,1,2026-01
ALT00181,2026-05-18,R006,ANL12,52.0,14145.9,6,8,Close - False Positive,0,P2P Funnel Activity,P2P,1,0,2026-05
ALT00182,2026-08-01,R005,ANL11,53.0,23760.52,7,44,Close - False Positive,0,High-Value Wire,Wire,1,0,2026-08
ALT00183,2026-02-18,R003,ANL05,35.0,3977.44,1,59,Escalate to Case,0,Rapid Movement of Funds,ACH/P2P/Wire,0,1,2026-02
ALT00184,2026-02-10,R007,ANL11,60.0,17660.58,7,46,Close - False Positive,0,Cash Intensive Business,Cash,1,0,2026-02
ALT00185,2026-06-10,R006,ANL02,52.0,13949.25,7,48,Escalate to Case,1,P2P Funnel Activity,P2P,0,1,2026-06
ALT00186,2026-02-15,R003,ANL04,60.0,6986.85,11,42,Close - Explained Activity,0,Rapid Movement of Funds,ACH/P2P/Wire,0,0,2026-02
ALT00187,2026-05-03,R005,ANL06,42.0,6719.29,12,42,Close - Explained Activity,0,High-Value Wire,Wire,0,0,2026-05
ALT00188,2026-05-26,R004,ANL05,83.0,9575.52,1,8,Close - Explained Activity,0,Unusual Volume Increase,All,0,0,2026-05
ALT00189,2026-07-08,R007,ANL06,39.0,4201.08,6,49,Close - False Positive,0,Cash Intensive Business,Cash,1,0,2026-07
ALT00190,2026-01-05,R001,ANL10,41.0,54441.33,3,38,Escalate to Case,0,Structuring / Cash Activity,Cash,0,1,2026-01
ALT00191,2026-09-21,R001,ANL10,68.0,30846.57,19,40,Close - False Positive,0,Structuring / Cash Activity,Cash,1,0,2026-09
ALT00192,2026-04-21,R006,ANL06,90.0,16293.12,10,73,Escalate to Case,0,P2P Funnel Activity,P2P,0,1,2026-04
ALT00193,2026-07-05,R001,ANL03,5.0,81882.41,1,22,Close - False Positive,0,Structuring / Cash Activity,Cash,1,0,2026-07
ALT00194,2026-06-25,R003,ANL01,51.0,4341.16,21,29,Escalate to Case,1,Rapid Movement of Funds,ACH/P2P/Wire,0,1,2026-06
ALT00195,2026-05-25,R004,ANL03,78.0,19632.24,2,59,Escalate to Case,0,Unusual Volume Increase,All,0,1,2026-05
ALT00196,2026-05-23,R004,ANL10,50.0,100928.78,4,22,Close - False Positive,0,Unusual Volume Increase,All,1,0,2026-05
ALT00197,2026-03-07,R007,ANL01,44.0,14925.52,13,40,Close - False Positive,0,Cash Intensive Business,Cash,1,0,2026-03
ALT00198,2026-06-17,R001,ANL12,54.0,20646.24,2,33,Close - False Positive,0,Structuring / Cash Activity,Cash,1,0,2026-06
ALT00199,2026-03-25,R006,ANL04,65.0,21162.98,20,22,Close - False Positive,0,P2P Funnel Activity,P2P,1,0,2026-03
ALT00200,2026-03-12,R007,ANL08,52.0,29228.7,10,43,Close - Explained Activity,0,Cash Intensive Business,Cash,0,0,2026-03
ALT00201,2026-03-05,R008,ANL03,61.0,35612.46,1,37,Close - Explained Activity,0,Dormant Account Reactivation,All,0,0,2026-03
ALT00202,2026-01-16,R002,ANL12,54.0,24882.93,7,38,Close - False Positive,0,High-Risk Jurisdiction Wire,Wire,1,0,2026-01
ALT00203,2026-05-26,R003,ANL02,41.0,16746.0,8,22,Close - False Positive,0,Rapid Movement of Funds,ACH/P2P/Wire,1,0,2026-05
ALT00204,2026-01-14,R008,ANL03,45.0,4095.99,10,38,Close - False Positive,0,Dormant Account Reactivation,All,1,0,2026-01
ALT00205,2026-02-07,R008,ANL11,52.0,5170.14,3,34,Close - Explained Activity,0,Dormant Account Reactivation,All,0,0,2026-02
ALT00206,2026-08-27,R005,ANL04,54.0,36094.71,4,29,Escalate to Case,0,High-Value Wire,Wire,0,1,2026-08
ALT00207,2026-02-25,R003,ANL07,69.0,13550.59,4,29,Close - False Positive,0,Rapid Movement of Funds,ACH/P2P/Wire,1,0,2026-02
ALT00208,2026-01-21,R002,ANL06,60.0,40718.15,3,52,Close - False Positive,0,High-Risk Jurisdiction Wire,Wire,1,0,2026-01
ALT00209,2026-05-21,R006,ANL11,72.0,7558.67,8,44,Close - Explained Activity,0,P2P Funnel Activity,P2P,0,0,2026-05
ALT00210,2026-05-16,R003,ANL06,43.0,14970.86,3,60,Escalate to Case,0,Rapid Movement of Funds,ACH/P2P/Wire,0,1,2026-05
ALT00211,2026-08-22,R004,ANL08,43.0,117748.96,9,45,Close - False Positive,0,Unusual Volume Increase,All,1,0,2026-08
ALT00212,2026-02-07,R001,ANL09,68.0,45745.47,1,32,Escalate to Case,0,Structuring / Cash Activity,Cash,0,1,2026-02
ALT00213,2026-05-16,R002,ANL11,54.0,11352.76,6,41,Close - False Positive,0,High-Risk Jurisdiction Wire,Wire,1,0,2026-05
ALT00214,2026-01-07,R002,ANL07,25.0,7305.06,9,28,Close - Explained Activity,0,High-Risk Jurisdiction Wire,Wire,0,0,2026-01
ALT00215,2026-09-25,R001,ANL05,83.0,12016.0,7,45,Escalate to Case,0,Structuring / Cash Activity,Cash,0,1,2026-09
ALT00216,2026-04-16,R004,ANL07,46.0,23102.37,11,44,Close - False Positive,0,Unusual Volume Increase,All,1,0,2026-04
ALT00217,2026-07-20,R004,ANL05,78.0,10954.19,8,38,Escalate to Case,0,Unusual Volume Increase,All,0,1,2026-07
ALT00218,2026-06-22,R005,ANL11,41.0,27634.46,6,22,Close - False Positive,0,High-Value Wire,Wire,1,0,2026-06
ALT00219,2026-07-21,R005,ANL03,77.0,5406.15,4,53,Escalate to Case,0,High-Value Wire,Wire,0,1,2026-07
ALT00220,2026-08-27,R002,ANL03,47.0,7690.84,8,44,Close - False Positive,0,High-Risk Jurisdiction Wire,Wire,1,0,2026-08
ALT00221,2026-04-24,R005,ANL05,34.0,13555.59,7,40,Close - False Positive,0,High-Value Wire,Wire,1,0,2026-04
ALT00222,2026-07-08,R004,ANL04,56.0,49940.15,5,38,Close - False Positive,0,Unusual Volume Increase,All,1,0,2026-07
ALT00223,2026-04-07,R008,ANL02,71.0,6206.51,4,40,Escalate to Case,1,Dormant Account Reactivation,All,0,1,2026-04
ALT00224,2026-06-04,R005,ANL07,65.0,7761.41,15,81,Close - False Positive,0,High-Value Wire,Wire,1,0,2026-06
ALT00225,2026-04-04,R004,ANL09,41.0,14352.84,7,16,Close - False Positive,0,Unusual Volume Increase,All,1,0,2026-04
ALT00226,2026-04-11,R005,ANL03,81.0,15568.97,6,37,Close - False Positive,0,High-Value Wire,Wire,1,0,2026-04
ALT00227,2026-01-29,R006,ANL05,51.0,32999.84,6,39,Close - False Positive,0,P2P Funnel Activity,P2P,1,0,2026-01
ALT00228,2026-03-29,R007,ANL08,46.0,5354.55,16,47,Close - False Positive,0,Cash Intensive Business,Cash,1,0,2026-03
ALT00229,2026-01-08,R001,ANL12,49.0,2387.81,8,43,Close - False Positive,0,Structuring / Cash Activity,Cash,1,0,2026-01
ALT00230,2026-04-22,R002,ANL05,48.0,62719.26,9,40,Close - Explained Activity,0,High-Risk Jurisdiction Wire,Wire,0,0,2026-04
ALT00231,2026-07-31,R001,ANL08,42.0,10577.47,6,45,Escalate to Case,0,Structuring / Cash Activity,Cash,0,1,2026-07
ALT00232,2026-04-19,R004,ANL05,63.0,18199.35,4,41,Close - Explained Activity,0,Unusual Volume Increase,All,0,0,2026-04
ALT00233,2026-02-05,R005,ANL10,51.0,283252.22,7,19,Escalate to Case,0,High-Value Wire,Wire,0,1,2026-02
ALT00234,2026-07-26,R001,ANL01,71.0,15857.36,6,15,Close - Explained Activity,0,Structuring / Cash Activity,Cash,0,0,2026-07
ALT00235,2026-06-29,R005,ANL12,89.0,476877.48,21,42,Close - False Positive,0,High-Value Wire,Wire,1,0,2026-06
ALT00236,2026-05-20,R008,ANL11,11.0,11897.71,2,38,Close - False Positive,0,Dormant Account Reactivation,All,1,0,2026-05
ALT00237,2026-02-28,R006,ANL12,48.0,27882.39,12,38,Close - False Positive,0,P2P Funnel Activity,P2P,1,0,2026-02
ALT00238,2026-08-04,R005,ANL06,44.0,33905.2,6,46,Close - False Positive,0,High-Value Wire,Wire,1,0,2026-08
ALT00239,2026-09-26,R006,ANL07,43.0,29445.34,13,39,Close - Explained Activity,0,P2P Funnel Activity,P2P,0,0,2026-09
ALT00240,2026-05-10,R001,ANL06,56.0,1215939.07,11,35,Escalate to Case,1,Structuring / Cash Activity,Cash,0,1,2026-05
ALT00241,2026-09-16,R003,ANL12,43.0,31110.31,13,29,Close - Explained Activity,0,Rapid Movement of Funds,ACH/P2P/Wire,0,0,2026-09
ALT00242,2026-06-25,R008,ANL09,69.0,21128.37,17,41,Close - False Positive,0,Dormant Account Reactivation,All,1,0,2026-06
ALT00243,2026-03-26,R004,ANL07,59.0,26742.29,2,31,Close - False Positive,0,Unusual Volume Increase,All,1,0,2026-03
ALT00244,2026-05-25,R002,ANL09,42.0,28248.74,8,44,Close - False Positive,0,High-Risk Jurisdiction Wire,Wire,1,0,2026-05
ALT00245,2026-03-24,R001,ANL02,67.0,2195.87,15,64,Close - Explained Activity,0,Structuring / Cash Activity,Cash,0,0,2026-03
ALT00246,2026-06-09,R001,ANL11,57.0,25280.3,15,55,Close - Explained Activity,0,Structuring / Cash Activity,Cash,0,0,2026-06
ALT00247,2026-06-14,R004,ANL09,85.0,16448.22,7,43,Escalate to Case,1,Unusual Volume Increase,All,0,1,2026-06
ALT00248,2026-09-26,R005,ANL02,70.0,13852.85,7,50,Escalate to Case,0,High-Value Wire,Wire,0,1,2026-09
ALT00249,2026-05-14,R001,ANL12,73.0,8692.28,17,45,Close - False Positive,0,Structuring / Cash Activity,Cash,1,0,2026-05
ALT00250,2026-01-10,R006,ANL12,55.0,35938.26,8,21,Close - False Positive,0,P2P Funnel Activity,P2P,1,0,2026-01
ALT00251,2026-02-06,R005,ANL01,47.0,10848.66,4,47,Close - False Positive,0,High-Value Wire,Wire,1,0,2026-02
ALT00252,2026-08-20,R003,ANL02,57.0,17288.79,5,36,Close - False Positive,0,Rapid Movement of Funds,ACH/P2P/Wire,1,0,2026-08
ALT00253,2026-02-16,R004,ANL04,60.0,199758.83,11,31,Close - Explained Activity,0,Unusual Volume Increase,All,0,0,2026-02
ALT00254,2026-01-14,R002,ANL06,50.0,154655.96,19,23,Escalate to Case,1,High-Risk Jurisdiction Wire,Wire,0,1,2026-01
ALT00255,2026-04-20,R004,ANL02,59.0,192272.28,4,40,Close - False Positive,0,Unusual Volume Increase,All,1,0,2026-04
ALT00256,2026-05-16,R008,ANL02,82.0,113611.8,3,21,Close - Explained Activity,0,Dormant Account Reactivation,All,0,0,2026-05
ALT00257,2026-07-29,R002,ANL12,83.0,23603.8,1,30,Escalate to Case,0,High-Risk Jurisdiction Wire,Wire,0,1,2026-07
ALT00258,2026-01-20,R002,ANL08,75.0,102225.13,3,55,Escalate to Case,1,High-Risk Jurisdiction Wire,Wire,0,1,2026-01
ALT00259,2026-02-07,R004,ANL12,36.0,25597.01,24,25,Close - Explained Activity,0,Unusual Volume Increase,All,0,0,2026-02
ALT00260,2026-04-24,R007,ANL03,56.0,14894.97,2,8,Escalate to Case,0,Cash Intensive Business,Cash,0,1,2026-04
ALT00261,2026-04-21,R008,ANL03,50.0,16187.83,9,39,Close - False Positive,0,Dormant Account Reactivation,All,1,0,2026-04
ALT00262,2026-04-15,R004,ANL10,51.0,14674.79,20,36,Close - Explained Activity,0,Unusual Volume Increase,All,0,0,2026-04
ALT00263,2026-06-19,R003,ANL04,32.0,8793.47,14,13,Escalate to Case,0,Rapid Movement of Funds,ACH/P2P/Wire,0,1,2026-06
ALT00264,2026-04-24,R004,ANL02,12.0,13300.74,2,25,Close - Explained Activity,0,Unusual Volume Increase,All,0,0,2026-04
ALT00265,2026-01-15,R004,ANL07,45.0,2530.01,3,36,Close - False Positive,0,Unusual Volume Increase,All,1,0,2026-01
ALT00266,2026-04-01,R006,ANL03,63.0,32123.83,18,33,Close - Explained Activity,0,P2P Funnel Activity,P2P,0,0,2026-04
ALT00267,2026-02-08,R005,ANL05,86.0,15021.04,5,43,Escalate to Case,0,High-Value Wire,Wire,0,1,2026-02
ALT00268,2026-05-09,R005,ANL03,100.0,22445.28,8,64,Escalate to Case,1,High-Value Wire,Wire,0,1,2026-05
ALT00269,2026-03-08,R008,ANL06,61.0,4903.16,7,18,Close - Explained Activity,0,Dormant Account Reactivation,All,0,0,2026-03
ALT00270,2026-04-11,R007,ANL04,57.0,17905.46,20,15,Escalate to Case,0,Cash Intensive Business,Cash,0,1,2026-04
ALT00271,2026-06-22,R005,ANL09,69.0,19272.3,14,22,Escalate to Case,0,High-Value Wire,Wire,0,1,2026-06
ALT00272,2026-09-06,R002,ANL11,39.0,20742.6,17,25,Close - False Positive,0,High-Risk Jurisdiction Wire,Wire,1,0,2026-09
ALT00273,2026-07-04,R005,ANL04,21.0,2300.77,5,61,Escalate to Case,0,High-Value Wire,Wire,0,1,2026-07
ALT00274,2026-02-03,R001,ANL02,6.0,26817.49,18,43,Close - False Positive,0,Structuring / Cash Activity,Cash,1,0,2026-02
ALT00275,2026-06-18,R001,ANL06,28.0,55759.08,12,43,Close - False Positive,0,Structuring / Cash Activity,Cash,1,0,2026-06
ALT00276,2026-05-31,R001,ANL02,67.0,28544.44,10,31,Escalate to Case,0,Structuring / Cash Activity,Cash,0,1,2026-05
ALT00277,2026-08-01,R001,ANL05,70.0,1700.9,2,39,Close - Explained Activity,0,Structuring / Cash Activity,Cash,0,0,2026-08
ALT00278,2026-04-29,R008,ANL04,65.0,3342.35,2,34,Close - Explained Activity,0,Dormant Account Reactivation,All,0,0,2026-04
ALT00279,2026-03-25,R006,ANL08,53.0,1508.9,8,39,Close - False Positive,0,P2P Funnel Activity,P2P,1,0,2026-03
ALT00280,2026-03-26,R002,ANL12,52.0,14667.88,7,59,Close - False Positive,0,High-Risk Jurisdiction Wire,Wire,1,0,2026-03
ALT00281,2026-09-03,R004,ANL08,57.0,183100.14,6,34,Close - Explained Activity,0,Unusual Volume Increase,All,0,0,2026-09
ALT00282,2026-03-22,R003,ANL07,83.0,2554.91,3,30,Escalate to Case,0,Rapid Movement of Funds,ACH/P2P/Wire,0,1,2026-03
ALT00283,2026-08-06,R001,ANL07,17.0,7608.59,5,37,Close - False Positive,0,Structuring / Cash Activity,Cash,1,0,2026-08
ALT00284,2026-05-06,R005,ANL08,79.0,16288.09,8,31,Close - False Positive,0,High-Value Wire,Wire,1,0,2026-05
ALT00285,2026-07-18,R002,ANL09,58.0,21541.21,9,29,Escalate to Case,0,High-Risk Jurisdiction Wire,Wire,0,1,2026-07
ALT00286,2026-08-25,R004,ANL02,36.0,269408.2,7,58,Close - Explained Activity,0,Unusual Volume Increase,All,0,0,2026-08
ALT00287,2026-03-11,R005,ANL12,53.0,47470.33,5,50,Close - False Positive,0,High-Value Wire,Wire,1,0,2026-03
ALT00288,2026-03-14,R002,ANL08,77.0,18475.62,1,63,Escalate to Case,0,High-Risk Jurisdiction Wire,Wire,0,1,2026-03
ALT00289,2026-05-21,R003,ANL10,73.0,5856.03,7,63,Escalate to Case,1,Rapid Movement of Funds,ACH/P2P/Wire,0,1,2026-05
ALT00290,2026-05-30,R005,ANL04,29.0,123209.52,5,60,Escalate to Case,0,High-Value Wire,Wire,0,1,2026-05
ALT00291,2026-03-21,R008,ANL06,54.0,33892.06,8,32,Close - False Positive,0,Dormant Account Reactivation,All,1,0,2026-03
ALT00292,2026-08-09,R003,ANL04,72.0,69820.53,17,25,Close - False Positive,0,Rapid Movement of Funds,ACH/P2P/Wire,1,0,2026-08
ALT00293,2026-01-28,R008,ANL07,57.0,48510.9,7,8,Escalate to Case,0,Dormant Account Reactivation,All,0,1,2026-01
ALT00294,2026-02-23,R001,ANL06,65.0,10343.02,18,54,Close - False Positive,0,Structuring / Cash Activity,Cash,1,0,2026-02
ALT00295,2026-04-15,R001,ANL08,58.0,5217.41,13,39,Close - False Positive,0,Structuring / Cash Activity,Cash,1,0,2026-04
ALT00296,2026-06-10,R003,ANL11,78.0,61563.15,4,21,Escalate to Case,0,Rapid Movement of Funds,ACH/P2P/Wire,0,1,2026-06
ALT00297,2026-09-07,R007,ANL08,67.0,10419.83,5,19,Close - False Positive,0,Cash Intensive Business,Cash,1,0,2026-09
ALT00298,2026-04-08,R003,ANL07,79.0,26433.41,3,39,Close - False Positive,0,Rapid Movement of Funds,ACH/P2P/Wire,1,0,2026-04
ALT00299,2026-09-19,R005,ANL05,73.0,90829.81,11,31,Escalate to Case,0,High-Value Wire,Wire,0,1,2026-09
ALT00300,2026-08-07,R006,ANL04,60.0,5998.71,5,40,Close - Explained Activity,0,P2P Funnel Activity,P2P,0,0,2026-08
ALT00301,2026-09-02,R003,ANL11,64.0,15475.96,10,51,Escalate to Case,0,Rapid Movement of Funds,ACH/P2P/Wire,0,1,2026-09
ALT00302,2026-04-18,R004,ANL06,32.0,22903.99,5,40,Close - False Positive,0,Unusual Volume Increase,All,1,0,2026-04
ALT00303,2026-05-31,R003,ANL06,74.0,30196.96,16,50,Close - False Positive,0,Rapid Movement of Funds,ACH/P2P/Wire,1,0,2026-05
ALT00304,2026-03-28,R001,ANL02,79.0,12818.13,11,30,Close - False Positive,0,Structuring / Cash Activity,Cash,1,0,2026-03
ALT00305,2026-09-09,R003,ANL02,77.0,214710.7,5,47,Close - False Positive,0,Rapid Movement of Funds,ACH/P2P/Wire,1,0,2026-09
ALT00306,2026-05-21,R006,ANL09,68.0,9234.11,6,87,Escalate to Case,0,P2P Funnel Activity,P2P,0,1,2026-05
ALT00307,2026-07-01,R003,ANL01,53.0,19488.19,9,38,Close - Explained Activity,0,Rapid Movement of Funds,ACH/P2P/Wire,0,0,2026-07
ALT00308,2026-07-20,R001,ANL09,52.0,74642.36,3,51,Close - False Positive,0,Structuring / Cash Activity,Cash,1,0,2026-07
ALT00309,2026-01-01,R007,ANL05,52.0,12197.23,31,31,Close - False Positive,0,Cash Intensive Business,Cash,1,0,2026-01
ALT00310,2026-07-15,R005,ANL07,60.0,38065.3,4,31,Escalate to Case,0,High-Value Wire,Wire,0,1,2026-07
ALT00311,2026-06-15,R005,ANL12,61.0,722824.17,22,26,Close - False Positive,0,High-Value Wire,Wire,1,0,2026-06
ALT00312,2026-09-22,R003,ANL07,45.0,18939.3,5,27,Close - False Positive,0,Rapid Movement of Funds,ACH/P2P/Wire,1,0,2026-09
ALT00313,2026-06-23,R001,ANL11,78.0,3965.65,6,23,Escalate to Case,0,Structuring / Cash Activity,Cash,0,1,2026-06
ALT00314,2026-05-30,R004,ANL12,55.0,8554.98,2,37,Close - False Positive,0,Unusual Volume Increase,All,1,0,2026-05
ALT00315,2026-08-22,R001,ANL07,88.0,4432.82,2,36,Escalate to Case,0,Structuring / Cash Activity,Cash,0,1,2026-08
ALT00316,2026-09-25,R003,ANL12,52.0,8055.16,4,73,Close - False Positive,0,Rapid Movement of Funds,ACH/P2P/Wire,1,0,2026-09
ALT00317,2026-09-01,R003,ANL08,82.0,38579.35,6,33,Close - False Positive,0,Rapid Movement of Funds,ACH/P2P/Wire,1,0,2026-09
ALT00318,2026-01-18,R004,ANL05,86.0,71196.52,19,18,Close - False Positive,0,Unusual Volume Increase,All,1,0,2026-01
ALT00319,2026-08-20,R008,ANL11,88.0,56678.84,4,41,Close - False Positive,0,Dormant Account Reactivation,All,1,0,2026-08
ALT00320,2026-09-17,R005,ANL07,64.0,6123.86,4,59,Close - False Positive,0,High-Value Wire,Wire,1,0,2026-09
ALT00321,2026-04-03,R003,ANL02,35.0,24577.25,4,50,Close - Explained Activity,0,Rapid Movement of Funds,ACH/P2P/Wire,0,0,2026-04
ALT00322,2026-07-25,R005,ANL09,36.0,38452.84,6,35,Close - Explained Activity,0,High-Value Wire,Wire,0,0,2026-07
ALT00323,2026-07-11,R002,ANL04,43.0,234727.9,12,42,Close - False Positive,0,High-Risk Jurisdiction Wire,Wire,1,0,2026-07
ALT00324,2026-01-11,R002,ANL03,54.0,6169.84,2,28,Escalate to Case,0,High-Risk Jurisdiction Wire,Wire,0,1,2026-01
ALT00325,2026-06-13,R005,ANL09,58.0,53489.87,5,57,Close - False Positive,0,High-Value Wire,Wire,1,0,2026-06
ALT00326,2026-06-14,R001,ANL04,100.0,35423.64,7,39,Escalate to Case,1,Structuring / Cash Activity,Cash,0,1,2026-06
ALT00327,2026-03-13,R005,ANL03,73.0,44164.43,12,48,Close - False Positive,0,High-Value Wire,Wire,1,0,2026-03
ALT00328,2026-01-06,R008,ANL01,69.0,45886.67,9,35,Escalate to Case,0,Dormant Account Reactivation,All,0,1,2026-01
ALT00329,2026-09-23,R007,ANL05,51.0,21251.82,3,12,Close - False Positive,0,Cash Intensive Business,Cash,1,0,2026-09
ALT00330,2026-03-19,R003,ANL01,61.0,198004.0,1,25,Escalate to Case,0,Rapid Movement of Funds,ACH/P2P/Wire,0,1,2026-03
ALT00331,2026-05-27,R006,ANL09,78.0,20946.78,6,28,Escalate to Case,1,P2P Funnel Activity,P2P,0,1,2026-05
ALT00332,2026-05-13,R007,ANL06,58.0,41316.32,11,45,Escalate to Case,0,Cash Intensive Business,Cash,0,1,2026-05
ALT00333,2026-01-16,R007,ANL01,47.0,3476.9,1,48,Close - False Positive,0,Cash Intensive Business,Cash,1,0,2026-01
ALT00334,2026-08-26,R001,ANL12,65.0,11823.9,6,34,Close - Explained Activity,0,Structuring / Cash Activity,Cash,0,0,2026-08
ALT00335,2026-09-10,R006,ANL01,80.0,303275.68,8,12,Close - False Positive,0,P2P Funnel Activity,P2P,1,0,2026-09
ALT00336,2026-07-13,R003,ANL10,71.0,157774.63,8,11,Close - False Positive,0,Rapid Movement of Funds,ACH/P2P/Wire,1,0,2026-07
ALT00337,2026-07-13,R005,ANL02,78.0,41147.46,20,72,Close - False Positive,0,High-Value Wire,Wire,1,0,2026-07
ALT00338,2026-02-26,R006,ANL09,5.0,15343.1,12,35,Close - False Positive,0,P2P Funnel Activity,P2P,1,0,2026-02
ALT00339,2026-09-29,R004,ANL10,70.0,16040.83,5,14,Close - False Positive,0,Unusual Volume Increase,All,1,0,2026-09
ALT00340,2026-07-28,R004,ANL02,78.0,7567.53,3,44,Escalate to Case,0,Unusual Volume Increase,All,0,1,2026-07
ALT00341,2026-05-10,R006,ANL04,78.0,1726.3,24,18,Close - Explained Activity,0,P2P Funnel Activity,P2P,0,0,2026-05
ALT00342,2026-02-07,R002,ANL02,21.0,39521.53,1,25,Close - False Positive,0,High-Risk Jurisdiction Wire,Wire,1,0,2026-02
ALT00343,2026-01-11,R002,ANL04,64.0,49603.46,11,64,Escalate to Case,0,High-Risk Jurisdiction Wire,Wire,0,1,2026-01
ALT00344,2026-05-07,R007,ANL05,70.0,36582.67,1,55,Escalate to Case,0,Cash Intensive Business,Cash,0,1,2026-05
ALT00345,2026-07-27,R005,ANL11,69.0,9558.48,9,42,Close - False Positive,0,High-Value Wire,Wire,1,0,2026-07
ALT00346,2026-02-25,R003,ANL08,98.0,17930.53,4,16,Escalate to Case,0,Rapid Movement of Funds,ACH/P2P/Wire,0,1,2026-02
ALT00347,2026-02-18,R001,ANL06,51.0,6418.92,5,61,Escalate to Case,0,Structuring / Cash Activity,Cash,0,1,2026-02
ALT00348,2026-09-30,R001,ANL12,52.0,25445.2,7,32,Escalate to Case,0,Structuring / Cash Activity,Cash,0,1,2026-09
ALT00349,2026-09-04,R001,ANL07,71.0,61989.71,4,41,Close - False Positive,0,Structuring / Cash Activity,Cash,1,0,2026-09
ALT00350,2026-09-05,R003,ANL02,56.0,43045.65,6,41,Close - False Positive,0,Rapid Movement of Funds,ACH/P2P/Wire,1,0,2026-09
ALT00351,2026-04-10,R001,ANL04,58.0,11715.72,26,18,Close - False Positive,0,Structuring / Cash Activity,Cash,1,0,2026-04
ALT00352,2026-03-31,R001,ANL11,27.0,28563.34,13,37,Close - False Positive,0,Structuring / Cash Activity,Cash,1,0,2026-03
ALT00353,2026-03-20,R001,ANL05,46.0,65093.53,8,28,Close - False Positive,0,Structuring / Cash Activity,Cash,1,0,2026-03
ALT00354,2026-01-06,R004,ANL02,59.0,3218.21,4,33,Close - False Positive,0,Unusual Volume Increase,All,1,0,2026-01
ALT00355,2026-05-04,R004,ANL11,55.0,43314.74,11,51,Close - False Positive,0,Unusual Volume Increase,All,1,0,2026-05
ALT00356,2026-05-17,R001,ANL07,48.0,7865.16,4,30,Close - False Positive,0,Structuring / Cash Activity,Cash,1,0,2026-05
ALT00357,2026-01-11,R003,ANL02,89.0,19982.83,13,36,Escalate to Case,0,Rapid Movement of Funds,ACH/P2P/Wire,0,1,2026-01
ALT00358,2026-05-18,R001,ANL08,30.0,3907.74,26,29,Close - False Positive,0,Structuring / Cash Activity,Cash,1,0,2026-05
ALT00359,2026-08-20,R007,ANL06,57.0,5395.76,5,39,Escalate to Case,0,Cash Intensive Business,Cash,0,1,2026-08
ALT00360,2026-02-02,R004,ANL01,84.0,20998.77,1,12,Close - Explained Activity,0,Unusual Volume Increase,All,0,0,2026-02
ALT00361,2026-03-02,R004,ANL05,61.0,21279.52,5,19,Close - False Positive,0,Unusual Volume Increase,All,1,0,2026-03
ALT00362,2026-02-15,R001,ANL07,49.0,40586.59,2,46,Close - False Positive,0,Structuring / Cash Activity,Cash,1,0,2026-02
ALT00363,2026-01-05,R002,ANL11,36.0,16860.18,6,90,Close - False Positive,0,High-Risk Jurisdiction Wire,Wire,1,0,2026-01
ALT00364,2026-08-10,R005,ANL08,47.0,40327.75,9,40,Close - False Positive,0,High-Value Wire,Wire,1,0,2026-08
ALT00365,2026-01-04,R007,ANL06,64.0,12697.85,10,34,Close - False Positive,0,Cash Intensive Business,Cash,1,0,2026-01
ALT00366,2026-06-06,R001,ANL04,57.0,61897.4,9,46,Close - False Positive,0,Structuring / Cash Activity,Cash,1,0,2026-06
ALT00367,2026-04-18,R008,ANL08,78.0,27381.58,7,42,Close - Explained Activity,0,Dormant Account Reactivation,All,0,0,2026-04
ALT00368,2026-03-01,R004,ANL12,69.0,15501.95,3,25,Close - False Positive,0,Unusual Volume Increase,All,1,0,2026-03
ALT00369,2026-07-18,R004,ANL08,55.0,14486.52,7,32,Close - False Positive,0,Unusual Volume Increase,All,1,0,2026-07
ALT00370,2026-02-09,R004,ANL12,58.0,24894.24,4,46,Close - False Positive,0,Unusual Volume Increase,All,1,0,2026-02
ALT00371,2026-09-28,R004,ANL08,29.0,12610.67,3,20,Close - False Positive,0,Unusual Volume Increase,All,1,0,2026-09
ALT00372,2026-01-31,R005,ANL08,58.0,99604.57,6,52,Close - False Positive,0,High-Value Wire,Wire,1,0,2026-01
ALT00373,2026-09-18,R004,ANL02,41.0,71648.11,3,43,Close - False Positive,0,Unusual Volume Increase,All,1,0,2026-09
ALT00374,2026-05-22,R002,ANL10,71.0,419677.4,10,78,Escalate to Case,0,High-Risk Jurisdiction Wire,Wire,0,1,2026-05
ALT00375,2026-04-08,R001,ANL03,71.0,24279.3,16,15,Close - False Positive,0,Structuring / Cash Activity,Cash,1,0,2026-04
ALT00376,2026-03-18,R005,ANL07,72.0,29122.46,5,46,Close - Explained Activity,0,High-Value Wire,Wire,0,0,2026-03
ALT00377,2026-07-02,R005,ANL02,72.0,14212.22,10,43,Escalate to Case,0,High-Value Wire,Wire,0,1,2026-07
ALT00378,2026-09-05,R003,ANL08,69.0,31801.51,6,36,Close - False Positive,0,Rapid Movement of Funds,ACH/P2P/Wire,1,0,2026-09
ALT00379,2026-07-06,R002,ANL01,59.0,46615.41,3,37,Close - False Positive,0,High-Risk Jurisdiction Wire,Wire,1,0,2026-07
ALT00380,2026-03-26,R007,ANL02,60.0,25578.6,6,54,Close - False Positive,0,Cash Intensive Business,Cash,1,0,2026-03
ALT00381,2026-05-28,R002,ANL06,73.0,116735.89,5,9,Close - False Positive,0,High-Risk Jurisdiction Wire,Wire,1,0,2026-05
ALT00382,2026-02-09,R002,ANL03,51.0,42640.22,7,41,Escalate to Case,1,High-Risk Jurisdiction Wire,Wire,0,1,2026-02
ALT00383,2026-09-26,R001,ANL08,24.0,70575.86,12,37,Close - Explained Activity,0,Structuring / Cash Activity,Cash,0,0,2026-09
ALT00384,2026-07-02,R006,ANL10,53.0,46753.5,21,50,Close - Explained Activity,0,P2P Funnel Activity,P2P,0,0,2026-07
ALT00385,2026-07-18,R006,ANL12,70.0,17065.45,7,29,Escalate to Case,0,P2P Funnel Activity,P2P,0,1,2026-07
ALT00386,2026-09-23,R002,ANL02,19.0,16673.79,18,43,Escalate to Case,1,High-Risk Jurisdiction Wire,Wire,0,1,2026-09
ALT00387,2026-06-10,R006,ANL04,77.0,15866.84,6,32,Escalate to Case,0,P2P Funnel Activity,P2P,0,1,2026-06
ALT00388,2026-06-15,R004,ANL08,53.0,43054.9,12,33,Close - False Positive,0,Unusual Volume Increase,All,1,0,2026-06
ALT00389,2026-03-17,R003,ANL09,71.0,11457.13,4,54,Close - False Positive,0,Rapid Movement of Funds,ACH/P2P/Wire,1,0,2026-03
ALT00390,2026-04-16,R002,ANL10,61.0,29072.72,16,13,Escalate to Case,1,High-Risk Jurisdiction Wire,Wire,0,1,2026-04
ALT00391,2026-03-04,R004,ANL03,5.0,9958.18,6,22,Close - False Positive,0,Unusual Volume Increase,All,1,0,2026-03
ALT00392,2026-02-21,R002,ANL08,40.0,20417.27,2,47,Escalate to Case,0,High-Risk Jurisdiction Wire,Wire,0,1,2026-02
ALT00393,2026-07-05,R008,ANL09,78.0,19932.93,10,66,Close - Explained Activity,0,Dormant Account Reactivation,All,0,0,2026-07
ALT00394,2026-08-19,R002,ANL06,44.0,13191.96,6,51,Escalate to Case,1,High-Risk Jurisdiction Wire,Wire,0,1,2026-08
ALT00395,2026-02-01,R003,ANL03,83.0,93570.14,16,36,Close - False Positive,0,Rapid Movement of Funds,ACH/P2P/Wire,1,0,2026-02
ALT00396,2026-01-11,R006,ANL05,62.0,147140.4,6,38,Close - False Positive,0,P2P Funnel Activity,P2P,1,0,2026-01
ALT00397,2026-07-08,R003,ANL09,40.0,12882.74,16,46,Escalate to Case,0,Rapid Movement of Funds,ACH/P2P/Wire,0,1,2026-07
ALT00398,2026-05-28,R003,ANL02,85.0,21335.23,1,46,Close - False Positive,0,Rapid Movement of Funds,ACH/P2P/Wire,1,0,2026-05
ALT00399,2026-03-05,R008,ANL03,67.0,3572.18,5,44,Escalate to Case,0,Dormant Account Reactivation,All,0,1,2026-03
ALT00400,2026-08-18,R004,ANL07,50.0,43856.27,15,39,Close - False Positive,0,Unusual Volume Increase,All,1,0,2026-08
ALT00401,2026-02-15,R007,ANL04,66.0,5171.5,10,34,Close - False Positive,0,Cash Intensive Business,Cash,1,0,2026-02
ALT00402,2026-05-21,R004,ANL04,36.0,62510.44,5,49,Close - False Positive,0,Unusual Volume Increase,All,1,0,2026-05
ALT00403,2026-09-11,R003,ANL01,65.0,35923.44,6,38,Close - False Positive,0,Rapid Movement of Funds,ACH/P2P/Wire,1,0,2026-09
ALT00404,2026-04-27,R007,ANL11,34.0,16217.86,6,45,Close - False Positive,0,Cash Intensive Business,Cash,1,0,2026-04
ALT00405,2026-03-16,R001,ANL02,42.0,2705.32,13,20,Close - False Positive,0,Structuring / Cash Activity,Cash,1,0,2026-03
ALT00406,2026-01-28,R008,ANL10,41.0,9829.27,3,61,Close - False Positive,0,Dormant Account Reactivation,All,1,0,2026-01
ALT00407,2026-04-05,R003,ANL03,58.0,3632.53,4,23,Close - Explained Activity,0,Rapid Movement of Funds,ACH/P2P/Wire,0,0,2026-04
ALT00408,2026-02-07,R001,ANL09,63.0,19540.41,1,41,Close - False Positive,0,Structuring / Cash Activity,Cash,1,0,2026-02
ALT00409,2026-06-26,R002,ANL04,64.0,20875.94,9,39,Escalate to Case,1,High-Risk Jurisdiction Wire,Wire,0,1,2026-06
ALT00410,2026-06-05,R006,ANL06,30.0,8118.82,31,43,Close - Explained Activity,0,P2P Funnel Activity,P2P,0,0,2026-06
ALT00411,2026-01-21,R005,ANL10,51.0,41561.46,3,34,Close - False Positive,0,High-Value Wire,Wire,1,0,2026-01
ALT00412,2026-04-26,R004,ANL03,31.0,24167.35,1,65,Close - Explained Activity,0,Unusual Volume Increase,All,0,0,2026-04
ALT00413,2026-04-13,R008,ANL08,77.0,64785.49,16,51,Close - False Positive,0,Dormant Account Reactivation,All,1,0,2026-04
ALT00414,2026-01-08,R001,ANL07,50.0,15191.75,0,43,Close - False Positive,0,Structuring / Cash Activity,Cash,1,0,2026-01
ALT00415,2026-06-07,R005,ANL09,85.0,38186.79,14,31,Close - False Positive,0,High-Value Wire,Wire,1,0,2026-06
ALT00416,2026-08-26,R003,ANL12,73.0,6750.91,12,25,Close - False Positive,0,Rapid Movement of Funds,ACH/P2P/Wire,1,0,2026-08
ALT00417,2026-01-15,R003,ANL05,64.0,8889.24,15,37,Close - False Positive,0,Rapid Movement of Funds,ACH/P2P/Wire,1,0,2026-01
ALT00418,2026-02-19,R007,ANL04,29.0,70021.98,7,26,Close - Explained Activity,0,Cash Intensive Business,Cash,0,0,2026-02
ALT00419,2026-07-27,R006,ANL06,60.0,11820.72,5,22,Close - False Positive,0,P2P Funnel Activity,P2P,1,0,2026-07
ALT00420,2026-06-22,R007,ANL06,18.0,16168.97,11,58,Close - False Positive,0,Cash Intensive Business,Cash,1,0,2026-06
ALT00421,2026-01-04,R005,ANL12,48.0,97685.44,6,45,Close - Explained Activity,0,High-Value Wire,Wire,0,0,2026-01
ALT00422,2026-04-24,R004,ANL10,13.0,44386.67,5,37,Close - False Positive,0,Unusual Volume Increase,All,1,0,2026-04
ALT00423,2026-06-02,R005,ANL12,74.0,31559.31,34,32,Close - Explained Activity,0,High-Value Wire,Wire,0,0,2026-06
ALT00424,2026-04-16,R005,ANL01,47.0,8515.5,4,42,Close - Explained Activity,0,High-Value Wire,Wire,0,0,2026-04
ALT00425,2026-05-11,R003,ANL07,63.0,20729.73,7,57,Close - False Positive,0,Rapid Movement of Funds,ACH/P2P/Wire,1,0,2026-05
ALT00426,2026-09-24,R004,ANL07,53.0,16748.1,8,39,Escalate to Case,1,Unusual Volume Increase,All,0,1,2026-09
ALT00427,2026-02-19,R007,ANL01,48.0,6365.12,4,37,Close - False Positive,0,Cash Intensive Business,Cash,1,0,2026-02
ALT00428,2026-06-19,R003,ANL07,71.0,12044.32,8,44,Escalate to Case,0,Rapid Movement of Funds,ACH/P2P/Wire,0,1,2026-06
ALT00429,2026-05-10,R002,ANL11,38.0,2172.38,6,27,Close - False Positive,0,High-Risk Jurisdiction Wire,Wire,1,0,2026-05
ALT00430,2026-08-09,R006,ANL07,48.0,21191.39,15,44,Close - False Positive,0,P2P Funnel Activity,P2P,1,0,2026-08
ALT00431,2026-05-03,R001,ANL07,31.0,212660.11,19,39,Close - Explained Activity,0,Structuring / Cash Activity,Cash,0,0,2026-05
ALT00432,2026-02-21,R001,ANL07,50.0,20119.96,4,17,Close - Explained Activity,0,Structuring / Cash Activity,Cash,0,0,2026-02
ALT00433,2026-02-13,R005,ANL01,51.0,59234.73,14,37,Close - False Positive,0,High-Value Wire,Wire,1,0,2026-02
ALT00434,2026-08-11,R001,ANL05,78.0,24685.65,8,52,Close - False Positive,0,Structuring / Cash Activity,Cash,1,0,2026-08
ALT00435,2026-08-01,R006,ANL06,39.0,90253.95,7,49,Close - False Positive,0,P2P Funnel Activity,P2P,1,0,2026-08
ALT00436,2026-06-25,R005,ANL03,45.0,36580.0,9,44,Close - False Positive,0,High-Value Wire,Wire,1,0,2026-06
ALT00437,2026-03-20,R006,ANL11,56.0,25038.9,8,50,Close - False Positive,0,P2P Funnel Activity,P2P,1,0,2026-03
ALT00438,2026-06-18,R001,ANL08,66.0,11977.52,18,53,Close - False Positive,0,Structuring / Cash Activity,Cash,1,0,2026-06
ALT00439,2026-06-03,R002,ANL06,75.0,5933.83,11,21,Escalate to Case,0,High-Risk Jurisdiction Wire,Wire,0,1,2026-06
ALT00440,2026-03-17,R001,ANL02,63.0,7668.18,4,8,Close - Explained Activity,0,Structuring / Cash Activity,Cash,0,0,2026-03
ALT00441,2026-05-14,R001,ANL01,60.0,17220.53,24,17,Close - False Positive,0,Structuring / Cash Activity,Cash,1,0,2026-05
ALT00442,2026-04-07,R002,ANL04,76.0,33318.36,0,22,Escalate to Case,0,High-Risk Jurisdiction Wire,Wire,0,1,2026-04
ALT00443,2026-03-15,R001,ANL12,36.0,21846.81,3,40,Close - Explained Activity,0,Structuring / Cash Activity,Cash,0,0,2026-03
ALT00444,2026-01-23,R004,ANL06,84.0,18474.72,4,31,Close - False Positive,0,Unusual Volume Increase,All,1,0,2026-01
ALT00445,2026-01-27,R003,ANL05,67.0,34278.49,7,17,Close - False Positive,0,Rapid Movement of Funds,ACH/P2P/Wire,1,0,2026-01
ALT00446,2026-03-04,R003,ANL01,75.0,40492.13,4,63,Escalate to Case,1,Rapid Movement of Funds,ACH/P2P/Wire,0,1,2026-03
ALT00447,2026-04-18,R004,ANL02,31.0,4563.52,5,48,Close - False Positive,0,Unusual Volume Increase,All,1,0,2026-04
ALT00448,2026-09-21,R002,ANL08,45.0,6051.42,9,26,Close - False Positive,0,High-Risk Jurisdiction Wire,Wire,1,0,2026-09
ALT00449,2026-04-18,R003,ANL03,60.0,16486.86,12,78,Close - False Positive,0,Rapid Movement of Funds,ACH/P2P/Wire,1,0,2026-04
ALT00450,2026-09-21,R001,ANL05,56.0,45718.83,4,69,Close - Explained Activity,0,Structuring / Cash Activity,Cash,0,0,2026-09
ALT00451,2026-01-16,R004,ANL12,71.0,25133.52,4,33,Close - False Positive,0,Unusual Volume Increase,All,1,0,2026-01
ALT00452,2026-09-06,R004,ANL03,53.0,160268.51,12,39,Close - Explained Activity,0,Unusual Volume Increase,All,0,0,2026-09
ALT00453,2026-07-04,R001,ANL09,66.0,29606.78,5,57,Close - False Positive,0,Structuring / Cash Activity,Cash,1,0,2026-07
ALT00454,2026-06-26,R007,ANL11,57.0,48258.64,16,49,Close - False Positive,0,Cash Intensive Business,Cash,1,0,2026-06
ALT00455,2026-03-08,R001,ANL10,70.0,8789.17,4,29,Close - False Positive,0,Structuring / Cash Activity,Cash,1,0,2026-03
ALT00456,2026-02-16,R006,ANL03,37.0,21063.96,5,32,Close - False Positive,0,P2P Funnel Activity,P2P,1,0,2026-02
ALT00457,2026-02-22,R001,ANL09,55.0,2556.91,14,36,Close - False Positive,0,Structuring / Cash Activity,Cash,1,0,2026-02
ALT00458,2026-05-08,R005,ANL03,86.0,58865.18,21,16,Close - Explained Activity,0,High-Value Wire,Wire,0,0,2026-05
ALT00459,2026-08-31,R002,ANL03,57.0,23246.26,2,19,Escalate to Case,1,High-Risk Jurisdiction Wire,Wire,0,1,2026-08
ALT00460,2026-02-18,R005,ANL12,76.0,70345.01,9,19,Close - Explained Activity,0,High-Value Wire,Wire,0,0,2026-02
ALT00461,2026-06-09,R002,ANL12,61.0,16039.49,6,44,Close - False Positive,0,High-Risk Jurisdiction Wire,Wire,1,0,2026-06
ALT00462,2026-03-23,R003,ANL12,47.0,22628.07,2,43,Close - False Positive,0,Rapid Movement of Funds,ACH/P2P/Wire,1,0,2026-03
ALT00463,2026-01-18,R004,ANL10,42.0,93883.73,19,36,Escalate to Case,0,Unusual Volume Increase,All,0,1,2026-01
ALT00464,2026-06-11,R007,ANL06,29.0,14107.34,6,56,Close - False Positive,0,Cash Intensive Business,Cash,1,0,2026-06
ALT00465,2026-04-13,R004,ANL08,60.0,67603.66,10,37,Close - False Positive,0,Unusual Volume Increase,All,1,0,2026-04
ALT00466,2026-09-15,R003,ANL05,88.0,132868.51,21,22,Escalate to Case,0,Rapid Movement of Funds,ACH/P2P/Wire,0,1,2026-09
ALT00467,2026-04-02,R001,ANL04,63.0,2381.79,9,24,Close - False Positive,0,Structuring / Cash Activity,Cash,1,0,2026-04
ALT00468,2026-01-03,R006,ANL10,25.0,91946.67,5,44,Close - False Positive,0,P2P Funnel Activity,P2P,1,0,2026-01
ALT00469,2026-09-15,R003,ANL07,75.0,375990.75,12,36,Escalate to Case,0,Rapid Movement of Funds,ACH/P2P/Wire,0,1,2026-09
ALT00470,2026-08-13,R006,ANL05,36.0,51225.1,1,31,Escalate to Case,0,P2P Funnel Activity,P2P,0,1,2026-08
ALT00471,2026-04-04,R001,ANL02,72.0,96917.6,8,40,Escalate to Case,0,Structuring / Cash Activity,Cash,0,1,2026-04
ALT00472,2026-06-14,R004,ANL08,21.0,22387.66,3,55,Close - False Positive,0,Unusual Volume Increase,All,1,0,2026-06
ALT00473,2026-07-06,R002,ANL04,60.0,8131.2,9,64,Close - Explained Activity,0,High-Risk Jurisdiction Wire,Wire,0,0,2026-07
ALT00474,2026-04-02,R004,ANL11,43.0,84688.73,11,19,Close - False Positive,0,Unusual Volume Increase,All,1,0,2026-04
ALT00475,2026-04-15,R001,ANL04,65.0,9788.04,6,57,Close - False Positive,0,Structuring / Cash Activity,Cash,1,0,2026-04
ALT00476,2026-09-06,R004,ANL02,72.0,81990.98,19,60,Close - False Positive,0,Unusual Volume Increase,All,1,0,2026-09
ALT00477,2026-09-24,R002,ANL09,41.0,11756.92,3,47,Close - False Positive,0,High-Risk Jurisdiction Wire,Wire,1,0,2026-09
ALT00478,2026-01-03,R002,ANL06,63.0,35183.72,10,25,Escalate to Case,0,High-Risk Jurisdiction Wire,Wire,0,1,2026-01
ALT00479,2026-05-05,R001,ANL01,69.0,112655.0,3,17,Close - False Positive,0,Structuring / Cash Activity,Cash,1,0,2026-05
ALT00480,2026-09-13,R001,ANL06,52.0,32334.36,8,44,Close - Explained Activity,0,Structuring / Cash Activity,Cash,0,0,2026-09
ALT00481,2026-01-12,R004,ANL12,59.0,26324.13,6,35,Close - False Positive,0,Unusual Volume Increase,All,1,0,2026-01
ALT00482,2026-04-17,R004,ANL09,81.0,13390.66,9,20,Close - Explained Activity,0,Unusual Volume Increase,All,0,0,2026-04
ALT00483,2026-03-17,R007,ANL05,62.0,60037.23,4,24,Close - False Positive,0,Cash Intensive Business,Cash,1,0,2026-03
ALT00484,2026-07-04,R007,ANL06,84.0,179433.95,7,36,Close - Explained Activity,0,Cash Intensive Business,Cash,0,0,2026-07
ALT00485,2026-02-18,R002,ANL12,68.0,23058.31,5,56,Close - False Positive,0,High-Risk Jurisdiction Wire,Wire,1,0,2026-02
ALT00486,2026-05-05,R004,ANL11,63.0,25420.12,3,8,Close - False Positive,0,Unusual Volume Increase,All,1,0,2026-05
ALT00487,2026-04-06,R002,ANL03,63.0,48198.19,4,41,Close - False Positive,0,High-Risk Jurisdiction Wire,Wire,1,0,2026-04
ALT00488,2026-01-22,R001,ANL09,56.0,32177.61,11,53,Close - False Positive,0,Structuring / Cash Activity,Cash,1,0,2026-01
ALT00489,2026-04-04,R003,ANL09,60.0,13999.29,2,46,Close - False Positive,0,Rapid Movement of Funds,ACH/P2P/Wire,1,0,2026-04
ALT00490,2026-04-12,R007,ANL12,47.0,47084.76,9,26,Close - False Positive,0,Cash Intensive Business,Cash,1,0,2026-04
ALT00491,2026-02-21,R002,ANL12,60.0,43375.67,4,36,Escalate to Case,1,High-Risk Jurisdiction Wire,Wire,0,1,2026-02
ALT00492,2026-06-29,R002,ANL11,68.0,13575.49,1,10,Close - False Positive,0,High-Risk Jurisdiction Wire,Wire,1,0,2026-06
ALT00493,2026-03-02,R004,ANL02,64.0,52376.27,9,10,Escalate to Case,0,Unusual Volume Increase,All,0,1,2026-03
ALT00494,2026-08-25,R001,ANL02,57.0,8529.51,7,27,Close - False Positive,0,Structuring / Cash Activity,Cash,1,0,2026-08
ALT00495,2026-03-02,R007,ANL06,52.0,15521.69,3,34,Close - False Positive,0,Cash Intensive Business,Cash,1,0,2026-03
ALT00496,2026-09-11,R003,ANL06,25.0,80111.22,12,41,Close - False Positive,0,Rapid Movement of Funds,ACH/P2P/Wire,1,0,2026-09
ALT00497,2026-06-22,R004,ANL10,76.0,53456.39,5,18,Close - False Positive,0,Unusual Volume Increase,All,1,0,2026-06
ALT00498,2026-03-19,R004,ANL01,84.0,82632.1,19,32,Close - False Positive,0,Unusual Volume Increase,All,1,0,2026-03
ALT00499,2026-06-24,R002,ANL05,58.0,59711.23,11,24,Escalate to Case,1,High-Risk Jurisdiction Wire,Wire,0,1,2026-06
ALT00500,2026-09-24,R002,ANL03,57.0,15113.17,12,34,Escalate to Case,1,High-Risk Jurisdiction Wire,Wire,0,1,2026-09
ALT00501,2026-04-28,R005,ANL08,46.0,12655.98,27,50,Escalate to Case,1,High-Value Wire,Wire,0,1,2026-04
ALT00502,2026-03-08,R001,ANL02,45.0,70179.33,15,31,Close - False Positive,0,Structuring / Cash Activity,Cash,1,0,2026-03
ALT00503,2026-05-23,R004,ANL04,43.0,20223.06,2,29,Close - False Positive,0,Unusual Volume Increase,All,1,0,2026-05
ALT00504,2026-07-05,R001,ANL04,58.0,24843.52,5,38,Close - False Positive,0,Structuring / Cash Activity,Cash,1,0,2026-07
ALT00505,2026-01-31,R004,ANL07,35.0,3367.28,3,47,Close - False Positive,0,Unusual Volume Increase,All,1,0,2026-01
ALT00506,2026-01-07,R003,ANL02,30.0,10750.35,4,48,Escalate to Case,0,Rapid Movement of Funds,ACH/P2P/Wire,0,1,2026-01
ALT00507,2026-07-02,R002,ANL04,49.0,25154.53,16,54,Escalate to Case,0,High-Risk Jurisdiction Wire,Wire,0,1,2026-07
ALT00508,2026-09-11,R007,ANL02,14.0,12027.14,18,48,Close - False Positive,0,Cash Intensive Business,Cash,1,0,2026-09
ALT00509,2026-02-09,R004,ANL06,36.0,30539.62,12,35,Close - False Positive,0,Unusual Volume Increase,All,1,0,2026-02
ALT00510,2026-03-07,R001,ANL05,45.0,14173.61,11,48,Close - False Positive,0,Structuring / Cash Activity,Cash,1,0,2026-03
ALT00511,2026-04-14,R002,ANL07,47.0,303935.81,3,38,Close - False Positive,0,High-Risk Jurisdiction Wire,Wire,1,0,2026-04
ALT00512,2026-05-04,R001,ANL03,28.0,4346.38,6,33,Close - False Positive,0,Structuring / Cash Activity,Cash,1,0,2026-05
ALT00513,2026-07-20,R007,ANL04,67.0,12239.58,35,37,Close - False Positive,0,Cash Intensive Business,Cash,1,0,2026-07
ALT00514,2026-06-11,R001,ANL02,42.0,41019.89,7,37,Escalate to Case,1,Structuring / Cash Activity,Cash,0,1,2026-06
ALT00515,2026-05-30,R006,ANL12,46.0,5563.24,7,36,Close - False Positive,0,P2P Funnel Activity,P2P,1,0,2026-05
ALT00516,2026-03-27,R001,ANL06,74.0,18130.45,3,62,Escalate to Case,0,Structuring / Cash Activity,Cash,0,1,2026-03
ALT00517,2026-02-10,R003,ANL02,51.0,1948.91,11,8,Escalate to Case,0,Rapid Movement of Funds,ACH/P2P/Wire,0,1,2026-02
ALT00518,2026-04-09,R002,ANL06,48.0,68586.92,11,48,Escalate to Case,0,High-Risk Jurisdiction Wire,Wire,0,1,2026-04
ALT00519,2026-09-27,R002,ANL07,57.0,137472.97,15,41,Escalate to Case,0,High-Risk Jurisdiction Wire,Wire,0,1,2026-09
ALT00520,2026-09-28,R002,ANL08,38.0,11994.72,18,29,Escalate to Case,0,High-Risk Jurisdiction Wire,Wire,0,1,2026-09
ALT00521,2026-06-04,R008,ANL04,80.0,39724.95,6,34,Escalate to Case,0,Dormant Account Reactivation,All,0,1,2026-06
ALT00522,2026-04-18,R004,ANL04,51.0,12196.28,3,25,Close - False Positive,0,Unusual Volume Increase,All,1,0,2026-04
ALT00523,2026-01-02,R002,ANL06,55.0,13602.82,15,49,Escalate to Case,0,High-Risk Jurisdiction Wire,Wire,0,1,2026-01
ALT00524,2026-02-21,R006,ANL12,64.0,39942.41,24,46,Close - False Positive,0,P2P Funnel Activity,P2P,1,0,2026-02
ALT00525,2026-03-18,R008,ANL04,43.0,110096.13,13,56,Close - False Positive,0,Dormant Account Reactivation,All,1,0,2026-03
ALT00526,2026-03-08,R002,ANL05,71.0,19359.93,9,24,Close - Explained Activity,0,High-Risk Jurisdiction Wire,Wire,0,0,2026-03
ALT00527,2026-05-09,R006,ANL11,65.0,27774.83,12,32,Close - False Positive,0,P2P Funnel Activity,P2P,1,0,2026-05
ALT00528,2026-07-25,R007,ANL04,79.0,4898.88,9,58,Close - Explained Activity,0,Cash Intensive Business,Cash,0,0,2026-07
ALT00529,2026-06-07,R002,ANL07,71.0,59951.79,9,44,Escalate to Case,1,High-Risk Jurisdiction Wire,Wire,0,1,2026-06
ALT00530,2026-04-02,R001,ANL03,28.0,4265.41,21,47,Close - Explained Activity,0,Structuring / Cash Activity,Cash,0,0,2026-04
ALT00531,2026-09-19,R006,ANL09,36.0,11003.78,3,49,Close - False Positive,0,P2P Funnel Activity,P2P,1,0,2026-09
ALT00532,2026-09-04,R003,ANL05,84.0,8938.54,5,44,Escalate to Case,1,Rapid Movement of Funds,ACH/P2P/Wire,0,1,2026-09
ALT00533,2026-07-15,R007,ANL02,61.0,46618.33,2,28,Close - False Positive,0,Cash Intensive Business,Cash,1,0,2026-07
ALT00534,2026-03-16,R002,ANL07,85.0,7981.13,4,42,Close - Explained Activity,0,High-Risk Jurisdiction Wire,Wire,0,0,2026-03
ALT00535,2026-04-22,R007,ANL10,81.0,84789.71,8,28,Close - False Positive,0,Cash Intensive Business,Cash,1,0,2026-04
ALT00536,2026-08-12,R004,ANL06,71.0,17032.48,5,20,Close - False Positive,0,Unusual Volume Increase,All,1,0,2026-08
ALT00537,2026-07-17,R002,ANL12,54.0,74659.27,7,51,Close - False Positive,0,High-Risk Jurisdiction Wire,Wire,1,0,2026-07
ALT00538,2026-04-13,R002,ANL02,47.0,4859.96,16,32,Close - False Positive,0,High-Risk Jurisdiction Wire,Wire,1,0,2026-04
ALT00539,2026-07-20,R007,ANL05,40.0,27882.42,16,42,Close - False Positive,0,Cash Intensive Business,Cash,1,0,2026-07
ALT00540,2026-01-06,R005,ANL11,51.0,17266.82,1,39,Escalate to Case,0,High-Value Wire,Wire,0,1,2026-01
ALT00541,2026-06-08,R001,ANL10,67.0,65166.36,12,35,Close - False Positive,0,Structuring / Cash Activity,Cash,1,0,2026-06
ALT00542,2026-01-05,R003,ANL09,36.0,13973.76,5,46,Close - False Positive,0,Rapid Movement of Funds,ACH/P2P/Wire,1,0,2026-01
ALT00543,2026-03-12,R003,ANL11,41.0,4943.07,4,52,Close - False Positive,0,Rapid Movement of Funds,ACH/P2P/Wire,1,0,2026-03
ALT00544,2026-03-24,R007,ANL06,47.0,22122.6,7,32,Close - False Positive,0,Cash Intensive Business,Cash,1,0,2026-03
ALT00545,2026-05-07,R004,ANL05,44.0,18966.58,3,44,Close - False Positive,0,Unusual Volume Increase,All,1,0,2026-05
ALT00546,2026-08-30,R002,ANL11,47.0,4484.93,20,42,Close - Explained Activity,0,High-Risk Jurisdiction Wire,Wire,0,0,2026-08
ALT00547,2026-09-04,R001,ANL02,42.0,204441.63,8,38,Escalate to Case,0,Structuring / Cash Activity,Cash,0,1,2026-09
ALT00548,2026-03-06,R006,ANL08,100.0,17058.08,10,56,Escalate to Case,0,P2P Funnel Activity,P2P,0,1,2026-03
ALT00549,2026-08-07,R002,ANL04,57.0,25500.76,4,39,Close - False Positive,0,High-Risk Jurisdiction Wire,Wire,1,0,2026-08
ALT00550,2026-02-13,R001,ANL11,69.0,58936.84,11,22,Escalate to Case,0,Structuring / Cash Activity,Cash,0,1,2026-02
ALT00551,2026-01-21,R004,ANL01,75.0,4972.44,7,25,Close - False Positive,0,Unusual Volume Increase,All,1,0,2026-01
ALT00552,2026-06-01,R006,ANL10,64.0,31342.9,12,44,Escalate to Case,1,P2P Funnel Activity,P2P,0,1,2026-06
ALT00553,2026-06-01,R002,ANL04,73.0,2606.03,11,39,Close - Explained Activity,0,High-Risk Jurisdiction Wire,Wire,0,0,2026-06
ALT00554,2026-03-07,R003,ANL11,75.0,67458.61,17,23,Close - False Positive,0,Rapid Movement of Funds,ACH/P2P/Wire,1,0,2026-03
ALT00555,2026-03-24,R005,ANL06,68.0,68286.16,10,53,Close - False Positive,0,High-Value Wire,Wire,1,0,2026-03
ALT00556,2026-04-08,R003,ANL10,36.0,49780.42,6,56,Close - Explained Activity,0,Rapid Movement of Funds,ACH/P2P/Wire,0,0,2026-04
ALT00557,2026-08-17,R005,ANL10,54.0,75641.61,20,14,Escalate to Case,0,High-Value Wire,Wire,0,1,2026-08
ALT00558,2026-03-09,R003,ANL12,79.0,39711.13,6,37,Escalate to Case,0,Rapid Movement of Funds,ACH/P2P/Wire,0,1,2026-03
ALT00559,2026-05-24,R008,ANL11,42.0,15415.08,11,54,Close - False Positive,0,Dormant Account Reactivation,All,1,0,2026-05
ALT00560,2026-02-02,R001,ANL05,69.0,32225.28,4,61,Close - False Positive,0,Structuring / Cash Activity,Cash,1,0,2026-02
ALT00561,2026-02-13,R003,ANL06,45.0,16306.87,23,38,Escalate to Case,0,Rapid Movement of Funds,ACH/P2P/Wire,0,1,2026-02
ALT00562,2026-01-09,R002,ANL08,86.0,121899.61,14,33,Escalate to Case,0,High-Risk Jurisdiction Wire,Wire,0,1,2026-01
ALT00563,2026-06-08,R007,ANL10,72.0,93670.03,8,76,Close - False Positive,0,Cash Intensive Business,Cash,1,0,2026-06
ALT00564,2026-09-12,R002,ANL01,75.0,16907.29,3,21,Escalate to Case,1,High-Risk Jurisdiction Wire,Wire,0,1,2026-09
ALT00565,2026-05-28,R002,ANL02,34.0,19121.01,8,42,Escalate to Case,0,High-Risk Jurisdiction Wire,Wire,0,1,2026-05
ALT00566,2026-05-30,R007,ANL02,78.0,26032.92,18,37,Close - False Positive,0,Cash Intensive Business,Cash,1,0,2026-05
ALT00567,2026-09-09,R003,ANL05,42.0,58032.47,15,33,Escalate to Case,0,Rapid Movement of Funds,ACH/P2P/Wire,0,1,2026-09
ALT00568,2026-08-23,R005,ANL03,86.0,14923.1,2,41,Escalate to Case,0,High-Value Wire,Wire,0,1,2026-08
ALT00569,2026-03-31,R007,ANL12,64.0,11700.98,2,35,Close - False Positive,0,Cash Intensive Business,Cash,1,0,2026-03
ALT00570,2026-03-31,R008,ANL01,55.0,20327.26,4,10,Close - False Positive,0,Dormant Account Reactivation,All,1,0,2026-03
ALT00571,2026-03-18,R005,ANL11,87.0,35533.13,2,47,Escalate to Case,0,High-Value Wire,Wire,0,1,2026-03
ALT00572,2026-02-15,R003,ANL04,82.0,9145.56,19,34,Close - Explained Activity,0,Rapid Movement of Funds,ACH/P2P/Wire,0,0,2026-02
ALT00573,2026-09-24,R005,ANL05,53.0,271376.87,7,22,Escalate to Case,1,High-Value Wire,Wire,0,1,2026-09
ALT00574,2026-02-07,R007,ANL06,39.0,80104.42,11,45,Escalate to Case,0,Cash Intensive Business,Cash,0,1,2026-02
ALT00575,2026-04-25,R001,ANL08,96.0,1172.7,6,38,Escalate to Case,0,Structuring / Cash Activity,Cash,0,1,2026-04
ALT00576,2026-06-10,R004,ANL04,33.0,26090.08,15,42,Close - False Positive,0,Unusual Volume Increase,All,1,0,2026-06
ALT00577,2026-08-08,R003,ANL08,73.0,13503.86,10,37,Close - False Positive,0,Rapid Movement of Funds,ACH/P2P/Wire,1,0,2026-08
ALT00578,2026-01-17,R003,ANL12,41.0,65118.67,4,35,Escalate to Case,0,Rapid Movement of Funds,ACH/P2P/Wire,0,1,2026-01
ALT00579,2026-01-15,R002,ANL10,94.0,12853.2,16,60,Close - False Positive,0,High-Risk Jurisdiction Wire,Wire,1,0,2026-01
ALT00580,2026-05-06,R002,ANL12,67.0,5312.17,5,30,Escalate to Case,1,High-Risk Jurisdiction Wire,Wire,0,1,2026-05
ALT00581,2026-05-18,R004,ANL04,43.0,57853.42,1,19,Escalate to Case,0,Unusual Volume Increase,All,0,1,2026-05
ALT00582,2026-09-24,R004,ANL02,47.0,20578.36,10,42,Close - False Positive,0,Unusual Volume Increase,All,1,0,2026-09
ALT00583,2026-07-04,R002,ANL10,5.0,11682.74,9,33,Close - False Positive,0,High-Risk Jurisdiction Wire,Wire,1,0,2026-07
ALT00584,2026-08-24,R001,ANL09,68.0,32716.13,8,33,Close - False Positive,0,Structuring / Cash Activity,Cash,1,0,2026-08
ALT00585,2026-09-02,R006,ANL09,87.0,611734.65,6,45,Close - False Positive,0,P2P Funnel Activity,P2P,1,0,2026-09
ALT00586,2026-03-01,R004,ANL07,59.0,33139.26,9,20,Close - False Positive,0,Unusual Volume Increase,All,1,0,2026-03
ALT00587,2026-05-27,R003,ANL07,39.0,43006.79,18,36,Close - Explained Activity,0,Rapid Movement of Funds,ACH/P2P/Wire,0,0,2026-05
ALT00588,2026-09-18,R006,ANL05,35.0,14528.24,15,36,Escalate to Case,0,P2P Funnel Activity,P2P,0,1,2026-09
ALT00589,2026-06-28,R004,ANL08,59.0,38670.45,11,59,Escalate to Case,0,Unusual Volume Increase,All,0,1,2026-06
ALT00590,2026-04-25,R004,ANL02,82.0,6076.12,6,44,Escalate to Case,0,Unusual Volume Increase,All,0,1,2026-04
ALT00591,2026-05-29,R004,ANL06,71.0,81117.19,35,61,Close - False Positive,0,Unusual Volume Increase,All,1,0,2026-05
ALT00592,2026-03-04,R006,ANL08,48.0,14675.86,15,33,Close - False Positive,0,P2P Funnel Activity,P2P,1,0,2026-03
ALT00593,2026-02-08,R008,ANL04,37.0,28819.04,7,17,Close - False Positive,0,Dormant Account Reactivation,All,1,0,2026-02
ALT00594,2026-03-12,R006,ANL06,40.0,26402.13,11,46,Close - False Positive,0,P2P Funnel Activity,P2P,1,0,2026-03
ALT00595,2026-08-13,R006,ANL07,37.0,9542.34,6,15,Close - False Positive,0,P2P Funnel Activity,P2P,1,0,2026-08
ALT00596,2026-02-06,R003,ANL07,56.0,3665.8,15,13,Close - False Positive,0,Rapid Movement of Funds,ACH/P2P/Wire,1,0,2026-02
ALT00597,2026-08-22,R005,ANL05,34.0,3530.35,11,51,Escalate to Case,0,High-Value Wire,Wire,0,1,2026-08
ALT00598,2026-08-07,R003,ANL03,36.0,19916.7,4,28,Close - Explained Activity,0,Rapid Movement of Funds,ACH/P2P/Wire,0,0,2026-08
ALT00599,2026-02-03,R008,ANL09,73.0,12905.04,22,52,Close - False Positive,0,Dormant Account Reactivation,All,1,0,2026-02
ALT00600,2026-09-14,R001,ANL05,76.0,10558.94,23,53,Escalate to Case,0,Structuring / Cash Activity,Cash,0,1,2026-09
ALT00601,2026-04-20,R001,ANL11,100.0,33066.47,7,8,Close - False Positive,0,Structuring / Cash Activity,Cash,1,0,2026-04
ALT00602,2026-07-19,R004,ANL11,92.0,11327.22,15,44,Close - False Positive,0,Unusual Volume Increase,All,1,0,2026-07
ALT00603,2026-05-12,R002,ANL12,62.0,11174.95,23,21,Close - False Positive,0,High-Risk Jurisdiction Wire,Wire,1,0,2026-05
ALT00604,2026-09-01,R004,ANL06,51.0,86996.84,3,45,Close - False Positive,0,Unusual Volume Increase,All,1,0,2026-09
ALT00605,2026-07-03,R007,ANL10,65.0,163317.24,16,55,Close - False Positive,0,Cash Intensive Business,Cash,1,0,2026-07
ALT00606,2026-06-01,R008,ANL11,45.0,30401.21,6,49,Escalate to Case,0,Dormant Account Reactivation,All,0,1,2026-06
ALT00607,2026-06-29,R001,ANL04,38.0,4379.11,27,54,Close - False Positive,0,Structuring / Cash Activity,Cash,1,0,2026-06
ALT00608,2026-07-06,R008,ANL03,69.0,29735.73,16,23,Close - False Positive,0,Dormant Account Reactivation,All,1,0,2026-07
ALT00609,2026-09-30,R003,ANL11,60.0,4033.87,5,29,Close - False Positive,0,Rapid Movement of Funds,ACH/P2P/Wire,1,0,2026-09
ALT00610,2026-03-17,R003,ANL01,60.0,52875.33,6,49,Close - False Positive,0,Rapid Movement of Funds,ACH/P2P/Wire,1,0,2026-03
ALT00611,2026-04-28,R003,ANL08,51.0,234349.69,22,21,Close - False Positive,0,Rapid Movement of Funds,ACH/P2P/Wire,1,0,2026-04
ALT00612,2026-08-26,R006,ANL11,46.0,24400.71,11,63,Close - False Positive,0,P2P Funnel Activity,P2P,1,0,2026-08
ALT00613,2026-02-25,R001,ANL07,40.0,16109.78,11,22,Close - False Positive,0,Structuring / Cash Activity,Cash,1,0,2026-02
ALT00614,2026-07-16,R001,ANL11,8.0,30196.89,9,29,Close - Explained Activity,0,Structuring / Cash Activity,Cash,0,0,2026-07
ALT00615,2026-01-15,R001,ANL08,76.0,1612.7,2,28,Close - False Positive,0,Structuring / Cash Activity,Cash,1,0,2026-01
ALT00616,2026-08-04,R006,ANL11,58.0,48431.03,8,36,Close - Explained Activity,0,P2P Funnel Activity,P2P,0,0,2026-08
ALT00617,2026-06-21,R002,ANL06,53.0,7784.33,10,36,Close - False Positive,0,High-Risk Jurisdiction Wire,Wire,1,0,2026-06
ALT00618,2026-02-13,R003,ANL11,83.0,44639.94,10,49,Escalate to Case,0,Rapid Movement of Funds,ACH/P2P/Wire,0,1,2026-02
ALT00619,2026-08-26,R004,ANL11,57.0,18282.59,12,53,Close - False Positive,0,Unusual Volume Increase,All,1,0,2026-08
ALT00620,2026-04-09,R005,ANL07,52.0,27766.17,19,49,Escalate to Case,0,High-Value Wire,Wire,0,1,2026-04
ALT00621,2026-08-25,R008,ANL07,82.0,32801.32,24,20,Close - False Positive,0,Dormant Account Reactivation,All,1,0,2026-08
ALT00622,2026-07-10,R003,ANL07,52.0,61069.98,23,38,Close - False Positive,0,Rapid Movement of Funds,ACH/P2P/Wire,1,0,2026-07
ALT00623,2026-09-08,R003,ANL07,61.0,28239.19,18,8,Close - False Positive,0,Rapid Movement of Funds,ACH/P2P/Wire,1,0,2026-09
ALT00624,2026-09-24,R003,ANL01,73.0,2440.56,16,26,Escalate to Case,0,Rapid Movement of Funds,ACH/P2P/Wire,0,1,2026-09
ALT00625,2026-08-12,R001,ANL05,38.0,21164.65,5,23,Escalate to Case,0,Structuring / Cash Activity,Cash,0,1,2026-08
ALT00626,2026-02-06,R004,ANL06,39.0,108177.33,10,43,Close - False Positive,0,Unusual Volume Increase,All,1,0,2026-02
ALT00627,2026-09-05,R001,ANL12,56.0,40553.96,17,12,Close - False Positive,0,Structuring / Cash Activity,Cash,1,0,2026-09
ALT00628,2026-09-02,R004,ANL06,68.0,11704.65,17,30,Close - False Positive,0,Unusual Volume Increase,All,1,0,2026-09
ALT00629,2026-02-04,R004,ANL05,41.0,61336.2,4,35,Close - False Positive,0,Unusual Volume Increase,All,1,0,2026-02
ALT00630,2026-06-11,R004,ANL05,42.0,14482.47,26,44,Close - False Positive,0,Unusual Volume Increase,All,1,0,2026-06
ALT00631,2026-07-06,R002,ANL05,73.0,11692.9,20,22,Escalate to Case,0,High-Risk Jurisdiction Wire,Wire,0,1,2026-07
ALT00632,2026-08-16,R005,ANL11,74.0,21061.44,16,40,Close - False Positive,0,High-Value Wire,Wire,1,0,2026-08
ALT00633,2026-06-05,R003,ANL06,74.0,10942.54,3,47,Escalate to Case,0,Rapid Movement of Funds,ACH/P2P/Wire,0,1,2026-06
ALT00634,2026-08-07,R006,ANL12,59.0,23214.69,6,37,Close - Explained Activity,0,P2P Funnel Activity,P2P,0,0,2026-08
ALT00635,2026-01-23,R006,ANL08,36.0,27447.79,1,37,Close - False Positive,0,P2P Funnel Activity,P2P,1,0,2026-01
ALT00636,2026-02-10,R005,ANL12,83.0,53356.4,7,32,Close - False Positive,0,High-Value Wire,Wire,1,0,2026-02
ALT00637,2026-01-12,R001,ANL06,62.0,6926.35,2,54,Close - Explained Activity,0,Structuring / Cash Activity,Cash,0,0,2026-01
ALT00638,2026-05-12,R005,ANL11,58.0,8859.11,8,38,Escalate to Case,0,High-Value Wire,Wire,0,1,2026-05
ALT00639,2026-07-02,R001,ANL12,52.0,20997.83,3,52,Close - False Positive,0,Structuring / Cash Activity,Cash,1,0,2026-07
ALT00640,2026-01-17,R003,ANL08,70.0,26654.46,6,26,Escalate to Case,0,Rapid Movement of Funds,ACH/P2P/Wire,0,1,2026-01
ALT00641,2026-06-28,R008,ANL05,46.0,20662.57,4,31,Close - Explained Activity,0,Dormant Account Reactivation,All,0,0,2026-06
ALT00642,2026-01-31,R001,ANL03,72.0,75337.78,4,39,Escalate to Case,0,Structuring / Cash Activity,Cash,0,1,2026-01
ALT00643,2026-05-07,R001,ANL07,61.0,38490.84,19,61,Close - False Positive,0,Structuring / Cash Activity,Cash,1,0,2026-05
ALT00644,2026-09-20,R003,ANL09,53.0,75182.07,7,32,Close - False Positive,0,Rapid Movement of Funds,ACH/P2P/Wire,1,0,2026-09
ALT00645,2026-09-23,R006,ANL07,67.0,11178.8,4,44,Close - Explained Activity,0,P2P Funnel Activity,P2P,0,0,2026-09
ALT00646,2026-05-02,R002,ANL12,53.0,22897.84,3,30,Escalate to Case,0,High-Risk Jurisdiction Wire,Wire,0,1,2026-05
ALT00647,2026-05-01,R004,ANL03,48.0,21756.66,13,69,Escalate to Case,0,Unusual Volume Increase,All,0,1,2026-05
ALT00648,2026-01-12,R001,ANL03,32.0,44940.37,23,42,Close - False Positive,0,Structuring / Cash Activity,Cash,1,0,2026-01
ALT00649,2026-06-04,R001,ANL01,95.0,4810.97,6,35,Close - Explained Activity,0,Structuring / Cash Activity,Cash,0,0,2026-06
ALT00650,2026-04-19,R002,ANL01,76.0,96481.16,6,28,Close - False Positive,0,High-Risk Jurisdiction Wire,Wire,1,0,2026-04
ALT00651,2026-04-12,R003,ANL07,70.0,61693.04,1,42,Close - False Positive,0,Rapid Movement of Funds,ACH/P2P/Wire,1,0,2026-04
ALT00652,2026-02-09,R008,ANL01,39.0,3985.83,0,55,Close - Explained Activity,0,Dormant Account Reactivation,All,0,0,2026-02
ALT00653,2026-09-30,R003,ANL01,50.0,7276.55,2,35,Close - False Positive,0,Rapid Movement of Funds,ACH/P2P/Wire,1,0,2026-09
ALT00654,2026-03-31,R002,ANL05,85.0,225255.3,14,34,Close - False Positive,0,High-Risk Jurisdiction Wire,Wire,1,0,2026-03
ALT00655,2026-02-27,R002,ANL12,72.0,5030.9,15,35,Escalate to Case,0,High-Risk Jurisdiction Wire,Wire,0,1,2026-02
ALT00656,2026-03-18,R001,ANL10,59.0,27071.03,16,30,Escalate to Case,0,Structuring / Cash Activity,Cash,0,1,2026-03
ALT00657,2026-07-28,R002,ANL08,97.0,98659.79,2,42,Close - Explained Activity,0,High-Risk Jurisdiction Wire,Wire,0,0,2026-07
ALT00658,2026-05-14,R003,ANL02,67.0,4180.7,8,10,Close - False Positive,0,Rapid Movement of Funds,ACH/P2P/Wire,1,0,2026-05
ALT00659,2026-01-24,R006,ANL03,69.0,96257.19,5,53,Close - False Positive,0,P2P Funnel Activity,P2P,1,0,2026-01
ALT00660,2026-05-22,R006,ANL01,50.0,11790.71,3,43,Close - Explained Activity,0,P2P Funnel Activity,P2P,0,0,2026-05
ALT00661,2026-02-24,R005,ANL12,62.0,44810.37,7,41,Escalate to Case,0,High-Value Wire,Wire,0,1,2026-02
ALT00662,2026-03-06,R006,ANL03,75.0,22791.83,4,50,Close - Explained Activity,0,P2P Funnel Activity,P2P,0,0,2026-03
ALT00663,2026-04-18,R007,ANL10,82.0,825.02,19,36,Escalate to Case,0,Cash Intensive Business,Cash,0,1,2026-04
ALT00664,2026-09-12,R002,ANL11,60.0,68167.47,5,30,Escalate to Case,0,High-Risk Jurisdiction Wire,Wire,0,1,2026-09
ALT00665,2026-05-12,R003,ANL10,70.0,16876.93,3,33,Escalate to Case,0,Rapid Movement of Funds,ACH/P2P/Wire,0,1,2026-05
ALT00666,2026-07-06,R006,ANL04,78.0,8612.23,11,52,Close - Explained Activity,0,P2P Funnel Activity,P2P,0,0,2026-07
ALT00667,2026-04-29,R001,ANL06,74.0,44362.32,11,42,Close - False Positive,0,Structuring / Cash Activity,Cash,1,0,2026-04
ALT00668,2026-04-06,R006,ANL10,67.0,1636.8,8,36,Close - Explained Activity,0,P2P Funnel Activity,P2P,0,0,2026-04
ALT00669,2026-01-04,R001,ANL12,52.0,12277.91,6,39,Escalate to Case,1,Structuring / Cash Activity,Cash,0,1,2026-01
ALT00670,2026-02-12,R002,ANL05,56.0,44718.27,4,48,Close - False Positive,0,High-Risk Jurisdiction Wire,Wire,1,0,2026-02
ALT00671,2026-03-12,R008,ANL08,56.0,17659.46,15,59,Close - Explained Activity,0,Dormant Account Reactivation,All,0,0,2026-03
ALT00672,2026-09-11,R004,ANL09,66.0,60758.22,5,61,Escalate to Case,0,Unusual Volume Increase,All,0,1,2026-09
ALT00673,2026-09-13,R004,ANL10,100.0,10846.84,4,8,Escalate to Case,0,Unusual Volume Increase,All,0,1,2026-09
ALT00674,2026-07-16,R002,ANL08,70.0,20165.28,6,39,Escalate to Case,0,High-Risk Jurisdiction Wire,Wire,0,1,2026-07
ALT00675,2026-05-20,R001,ANL11,37.0,14621.68,18,34,Escalate to Case,0,Structuring / Cash Activity,Cash,0,1,2026-05
ALT00676,2026-07-26,R001,ANL11,75.0,90998.32,7,51,Escalate to Case,0,Structuring / Cash Activity,Cash,0,1,2026-07
ALT00677,2026-01-03,R003,ANL06,80.0,62065.6,6,28,Close - False Positive,0,Rapid Movement of Funds,ACH/P2P/Wire,1,0,2026-01
ALT00678,2026-08-24,R008,ANL06,60.0,41372.05,9,34,Escalate to Case,0,Dormant Account Reactivation,All,0,1,2026-08
ALT00679,2026-03-21,R004,ANL07,76.0,4885.1,10,44,Close - False Positive,0,Unusual Volume Increase,All,1,0,2026-03
ALT00680,2026-05-01,R004,ANL11,74.0,175365.01,12,36,Escalate to Case,0,Unusual Volume Increase,All,0,1,2026-05
ALT00681,2026-03-24,R006,ANL03,55.0,70430.76,18,52,Close - False Positive,0,P2P Funnel Activity,P2P,1,0,2026-03
ALT00682,2026-06-11,R008,ANL09,57.0,45024.74,4,32,Close - Explained Activity,0,Dormant Account Reactivation,All,0,0,2026-06
ALT00683,2026-04-02,R002,ANL09,54.0,24114.17,1,36,Close - Explained Activity,0,High-Risk Jurisdiction Wire,Wire,0,0,2026-04
ALT00684,2026-02-20,R004,ANL02,80.0,3750.92,5,45,Escalate to Case,0,Unusual Volume Increase,All,0,1,2026-02
ALT00685,2026-02-12,R008,ANL09,49.0,19905.93,14,44,Close - False Positive,0,Dormant Account Reactivation,All,1,0,2026-02
ALT00686,2026-06-22,R005,ANL06,58.0,95402.99,2,31,Close - False Positive,0,High-Value Wire,Wire,1,0,2026-06
ALT00687,2026-08-11,R006,ANL09,62.0,2798.96,18,16,Close - Explained Activity,0,P2P Funnel Activity,P2P,0,0,2026-08
ALT00688,2026-09-05,R004,ANL11,63.0,129456.93,13,60,Close - False Positive,0,Unusual Volume Increase,All,1,0,2026-09
ALT00689,2026-09-09,R005,ANL11,45.0,7784.93,3,37,Close - False Positive,0,High-Value Wire,Wire,1,0,2026-09
ALT00690,2026-03-19,R004,ANL01,45.0,16788.37,5,39,Close - False Positive,0,Unusual Volume Increase,All,1,0,2026-03
ALT00691,2026-01-25,R008,ANL02,60.0,14911.09,20,41,Escalate to Case,0,Dormant Account Reactivation,All,0,1,2026-01
ALT00692,2026-01-03,R004,ANL11,46.0,10620.56,2,26,Close - Explained Activity,0,Unusual Volume Increase,All,0,0,2026-01
ALT00693,2026-06-28,R001,ANL05,59.0,28574.64,10,42,Close - False Positive,0,Structuring / Cash Activity,Cash,1,0,2026-06
ALT00694,2026-04-06,R002,ANL10,50.0,26164.15,14,51,Escalate to Case,0,High-Risk Jurisdiction Wire,Wire,0,1,2026-04
ALT00695,2026-07-31,R003,ANL04,37.0,7046.2,6,41,Close - False Positive,0,Rapid Movement of Funds,ACH/P2P/Wire,1,0,2026-07
ALT00696,2026-07-31,R001,ANL12,58.0,16579.84,4,35,Close - False Positive,0,Structuring / Cash Activity,Cash,1,0,2026-07
ALT00697,2026-07-10,R003,ANL06,75.0,114244.79,11,34,Close - False Positive,0,Rapid Movement of Funds,ACH/P2P/Wire,1,0,2026-07
ALT00698,2026-01-10,R001,ANL06,87.0,93593.81,11,41,Escalate to Case,0,Structuring / Cash Activity,Cash,0,1,2026-01
ALT00699,2026-05-25,R007,ANL11,82.0,20283.2,24,28,Close - Explained Activity,0,Cash Intensive Business,Cash,0,0,2026-05
ALT00700,2026-04-03,R006,ANL09,83.0,45188.92,5,24,Escalate to Case,0,P2P Funnel Activity,P2P,0,1,2026-04
ALT00701,2026-09-05,R002,ANL05,81.0,23993.83,8,43,Close - False Positive,0,High-Risk Jurisdiction Wire,Wire,1,0,2026-09
ALT00702,2026-03-02,R004,ANL01,46.0,124470.2,19,38,Close - False Positive,0,Unusual Volume Increase,All,1,0,2026-03
ALT00703,2026-08-16,R008,ANL08,58.0,84221.65,10,35,Close - Explained Activity,0,Dormant Account Reactivation,All,0,0,2026-08
ALT00704,2026-07-12,R004,ANL01,33.0,13453.32,18,34,Close - False Positive,0,Unusual Volume Increase,All,1,0,2026-07
ALT00705,2026-04-13,R006,ANL10,52.0,6841.26,5,31,Close - False Positive,0,P2P Funnel Activity,P2P,1,0,2026-04
ALT00706,2026-06-02,R002,ANL03,86.0,9527.05,8,66,Close - Explained Activity,0,High-Risk Jurisdiction Wire,Wire,0,0,2026-06
ALT00707,2026-04-09,R001,ANL01,66.0,17402.93,14,35,Close - False Positive,0,Structuring / Cash Activity,Cash,1,0,2026-04
ALT00708,2026-08-15,R002,ANL07,70.0,5851.92,8,36,Close - False Positive,0,High-Risk Jurisdiction Wire,Wire,1,0,2026-08
ALT00709,2026-08-22,R001,ANL11,80.0,4124.23,8,27,Close - Explained Activity,0,Structuring / Cash Activity,Cash,0,0,2026-08
ALT00710,2026-07-24,R006,ANL12,64.0,7730.39,16,49,Close - False Positive,0,P2P Funnel Activity,P2P,1,0,2026-07
ALT00711,2026-05-17,R005,ANL05,74.0,37544.27,6,50,Close - False Positive,0,High-Value Wire,Wire,1,0,2026-05
ALT00712,2026-09-22,R005,ANL08,40.0,163882.68,6,11,Escalate to Case,0,High-Value Wire,Wire,0,1,2026-09
ALT00713,2026-09-12,R005,ANL12,48.0,50626.99,7,27,Close - False Positive,0,High-Value Wire,Wire,1,0,2026-09
ALT00714,2026-07-05,R001,ANL06,91.0,63134.54,9,20,Close - False Positive,0,Structuring / Cash Activity,Cash,1,0,2026-07
ALT00715,2026-05-28,R002,ANL01,92.0,38706.87,11,47,Escalate to Case,0,High-Risk Jurisdiction Wire,Wire,0,1,2026-05
ALT00716,2026-05-25,R005,ANL07,65.0,155883.75,22,28,Escalate to Case,0,High-Value Wire,Wire,0,1,2026-05
ALT00717,2026-06-26,R003,ANL06,50.0,26426.42,4,49,Close - False Positive,0,Rapid Movement of Funds,ACH/P2P/Wire,1,0,2026-06
ALT00718,2026-02-23,R003,ANL02,28.0,16889.99,2,44,Close - False Positive,0,Rapid Movement of Funds,ACH/P2P/Wire,1,0,2026-02
ALT00719,2026-07-31,R003,ANL02,81.0,33726.4,3,41,Close - Explained Activity,0,Rapid Movement of Funds,ACH/P2P/Wire,0,0,2026-07
ALT00720,2026-07-16,R006,ANL06,60.0,17539.4,22,55,Escalate to Case,0,P2P Funnel Activity,P2P,0,1,2026-07
ALT00721,2026-04-29,R005,ANL11,64.0,23630.04,4,50,Close - False Positive,0,High-Value Wire,Wire,1,0,2026-04
ALT00722,2026-02-08,R005,ANL03,89.0,60762.18,20,22,Close - False Positive,0,High-Value Wire,Wire,1,0,2026-02
ALT00723,2026-01-20,R002,ANL10,44.0,16623.67,12,29,Close - False Positive,0,High-Risk Jurisdiction Wire,Wire,1,0,2026-01
ALT00724,2026-03-16,R001,ANL01,48.0,27149.59,4,44,Close - False Positive,0,Structuring / Cash Activity,Cash,1,0,2026-03
ALT00725,2026-01-07,R007,ANL09,42.0,9068.51,2,55,Close - False Positive,0,Cash Intensive Business,Cash,1,0,2026-01
ALT00726,2026-05-16,R006,ANL03,33.0,55871.72,22,37,Escalate to Case,0,P2P Funnel Activity,P2P,0,1,2026-05
ALT00727,2026-03-21,R004,ANL05,39.0,6834.2,19,38,Close - False Positive,0,Unusual Volume Increase,All,1,0,2026-03
ALT00728,2026-08-22,R004,ANL02,81.0,53658.91,5,47,Escalate to Case,0,Unusual Volume Increase,All,0,1,2026-08
ALT00729,2026-06-15,R008,ANL09,57.0,74626.86,5,12,Close - False Positive,0,Dormant Account Reactivation,All,1,0,2026-06
ALT00730,2026-07-12,R006,ANL11,64.0,63589.74,7,42,Close - False Positive,0,P2P Funnel Activity,P2P,1,0,2026-07
ALT00731,2026-04-07,R008,ANL05,68.0,16748.92,5,37,Close - False Positive,0,Dormant Account Reactivation,All,1,0,2026-04
ALT00732,2026-09-04,R006,ANL07,27.0,17796.14,23,69,Close - False Positive,0,P2P Funnel Activity,P2P,1,0,2026-09
ALT00733,2026-06-22,R001,ANL11,53.0,55469.57,16,39,Close - False Positive,0,Structuring / Cash Activity,Cash,1,0,2026-06
ALT00734,2026-02-25,R007,ANL01,51.0,25346.05,1,62,Close - False Positive,0,Cash Intensive Business,Cash,1,0,2026-02
ALT00735,2026-01-14,R006,ANL08,56.0,3698.39,9,24,Escalate to Case,0,P2P Funnel Activity,P2P,0,1,2026-01
ALT00736,2026-03-22,R007,ANL05,92.0,213545.22,15,31,Escalate to Case,0,Cash Intensive Business,Cash,0,1,2026-03
ALT00737,2026-04-04,R005,ANL01,72.0,324163.71,14,55,Escalate to Case,0,High-Value Wire,Wire,0,1,2026-04
ALT00738,2026-04-23,R005,ANL10,47.0,10795.78,9,25,Close - Explained Activity,0,High-Value Wire,Wire,0,0,2026-04
ALT00739,2026-06-01,R003,ANL03,43.0,29144.53,4,43,Close - False Positive,0,Rapid Movement of Funds,ACH/P2P/Wire,1,0,2026-06
ALT00740,2026-09-14,R008,ANL08,47.0,24800.54,16,36,Close - Explained Activity,0,Dormant Account Reactivation,All,0,0,2026-09
ALT00741,2026-07-29,R008,ANL02,48.0,27636.06,12,56,Close - False Positive,0,Dormant Account Reactivation,All,1,0,2026-07
ALT00742,2026-05-14,R007,ANL12,71.0,16591.22,5,70,Close - False Positive,0,Cash Intensive Business,Cash,1,0,2026-05
ALT00743,2026-02-15,R001,ANL08,40.0,485441.94,11,48,Close - Explained Activity,0,Structuring / Cash Activity,Cash,0,0,2026-02
ALT00744,2026-07-13,R004,ANL01,32.0,36220.61,9,41,Escalate to Case,0,Unusual Volume Increase,All,0,1,2026-07
ALT00745,2026-01-02,R001,ANL07,60.0,56257.02,9,40,Escalate to Case,1,Structuring / Cash Activity,Cash,0,1,2026-01
ALT00746,2026-03-03,R004,ANL11,69.0,513261.31,9,47,Close - False Positive,0,Unusual Volume Increase,All,1,0,2026-03
ALT00747,2026-09-22,R004,ANL05,45.0,29771.24,14,25,Close - Explained Activity,0,Unusual Volume Increase,All,0,0,2026-09
ALT00748,2026-01-28,R001,ANL10,79.0,7941.28,14,19,Escalate to Case,1,Structuring / Cash Activity,Cash,0,1,2026-01
ALT00749,2026-01-19,R007,ANL07,56.0,34652.58,18,31,Close - False Positive,0,Cash Intensive Business,Cash,1,0,2026-01
ALT00750,2026-03-24,R005,ANL04,77.0,12851.04,9,32,Close - False Positive,0,High-Value Wire,Wire,1,0,2026-03
ALT00751,2026-05-18,R003,ANL07,100.0,10450.01,7,33,Escalate to Case,0,Rapid Movement of Funds,ACH/P2P/Wire,0,1,2026-05
ALT00752,2026-01-27,R001,ANL11,64.0,15156.51,6,37,Escalate to Case,1,Structuring / Cash Activity,Cash,0,1,2026-01
ALT00753,2026-04-04,R002,ANL04,39.0,8180.4,18,44,Close - False Positive,0,High-Risk Jurisdiction Wire,Wire,1,0,2026-04
ALT00754,2026-06-14,R004,ANL12,54.0,21506.85,5,16,Close - False Positive,0,Unusual Volume Increase,All,1,0,2026-06
ALT00755,2026-01-06,R004,ANL05,38.0,54666.53,3,20,Close - False Positive,0,Unusual Volume Increase,All,1,0,2026-01
ALT00756,2026-02-24,R004,ANL12,41.0,11166.46,10,26,Escalate to Case,0,Unusual Volume Increase,All,0,1,2026-02
ALT00757,2026-05-02,R004,ANL06,58.0,16414.69,5,45,Close - False Positive,0,Unusual Volume Increase,All,1,0,2026-05
ALT00758,2026-05-02,R006,ANL10,42.0,9946.46,13,39,Close - False Positive,0,P2P Funnel Activity,P2P,1,0,2026-05
ALT00759,2026-09-12,R004,ANL01,48.0,7726.94,13,28,Close - Explained Activity,0,Unusual Volume Increase,All,0,0,2026-09
ALT00760,2026-08-24,R003,ANL04,57.0,18448.05,19,45,Escalate to Case,0,Rapid Movement of Funds,ACH/P2P/Wire,0,1,2026-08
ALT00761,2026-01-06,R004,ANL08,53.0,84431.2,21,46,Close - False Positive,0,Unusual Volume Increase,All,1,0,2026-01
ALT00762,2026-07-05,R003,ANL02,69.0,6565.67,7,9,Escalate to Case,0,Rapid Movement of Funds,ACH/P2P/Wire,0,1,2026-07
ALT00763,2026-01-20,R001,ANL07,78.0,15145.94,15,43,Close - False Positive,0,Structuring / Cash Activity,Cash,1,0,2026-01
ALT00764,2026-01-07,R007,ANL03,63.0,7398.69,2,16,Close - False Positive,0,Cash Intensive Business,Cash,1,0,2026-01
ALT00765,2026-05-24,R004,ANL07,75.0,4093.59,7,30,Close - False Positive,0,Unusual Volume Increase,All,1,0,2026-05
ALT00766,2026-08-14,R006,ANL12,46.0,53183.35,10,46,Close - False Positive,0,P2P Funnel Activity,P2P,1,0,2026-08
ALT00767,2026-05-05,R002,ANL10,68.0,58586.5,11,58,Escalate to Case,0,High-Risk Jurisdiction Wire,Wire,0,1,2026-05
ALT00768,2026-06-11,R008,ANL03,45.0,18246.42,23,26,Close - Explained Activity,0,Dormant Account Reactivation,All,0,0,2026-06
ALT00769,2026-07-09,R001,ANL09,47.0,7423.42,11,30,Close - False Positive,0,Structuring / Cash Activity,Cash,1,0,2026-07
ALT00770,2026-05-13,R002,ANL09,28.0,114116.43,2,63,Close - False Positive,0,High-Risk Jurisdiction Wire,Wire,1,0,2026-05
ALT00771,2026-05-01,R001,ANL11,52.0,61366.09,12,51,Close - False Positive,0,Structuring / Cash Activity,Cash,1,0,2026-05
ALT00772,2026-04-07,R003,ANL11,90.0,279440.38,7,28,Close - False Positive,0,Rapid Movement of Funds,ACH/P2P/Wire,1,0,2026-04
ALT00773,2026-05-13,R004,ANL06,36.0,11439.32,3,34,Close - False Positive,0,Unusual Volume Increase,All,1,0,2026-05
ALT00774,2026-07-01,R002,ANL08,72.0,15571.51,1,17,Close - False Positive,0,High-Risk Jurisdiction Wire,Wire,1,0,2026-07
ALT00775,2026-01-24,R001,ANL11,32.0,5515.71,13,27,Close - Explained Activity,0,Structuring / Cash Activity,Cash,0,0,2026-01
ALT00776,2026-08-11,R001,ANL06,44.0,5271.58,6,37,Escalate to Case,0,Structuring / Cash Activity,Cash,0,1,2026-08
ALT00777,2026-06-07,R002,ANL01,78.0,5297.7,2,18,Close - False Positive,0,High-Risk Jurisdiction Wire,Wire,1,0,2026-06
ALT00778,2026-07-12,R001,ANL03,73.0,4660.24,4,75,Close - False Positive,0,Structuring / Cash Activity,Cash,1,0,2026-07
ALT00779,2026-07-30,R006,ANL05,54.0,19712.37,30,39,Escalate to Case,0,P2P Funnel Activity,P2P,0,1,2026-07
ALT00780,2026-09-07,R007,ANL10,41.0,41056.51,9,35,Close - False Positive,0,Cash Intensive Business,Cash,1,0,2026-09
ALT00781,2026-01-23,R004,ANL11,55.0,54043.25,11,40,Close - Explained Activity,0,Unusual Volume Increase,All,0,0,2026-01
ALT00782,2026-04-01,R003,ANL06,19.0,5343.02,10,23,Close - Explained Activity,0,Rapid Movement of Funds,ACH/P2P/Wire,0,0,2026-04
ALT00783,2026-01-25,R001,ANL12,38.0,32291.93,7,49,Close - False Positive,0,Structuring / Cash Activity,Cash,1,0,2026-01
ALT00784,2026-05-12,R007,ANL06,47.0,50426.21,11,26,Close - False Positive,0,Cash Intensive Business,Cash,1,0,2026-05
ALT00785,2026-09-29,R002,ANL07,41.0,11564.8,10,62,Close - False Positive,0,High-Risk Jurisdiction Wire,Wire,1,0,2026-09
ALT00786,2026-01-18,R001,ANL12,52.0,21491.44,17,16,Close - False Positive,0,Structuring / Cash Activity,Cash,1,0,2026-01
ALT00787,2026-05-12,R003,ANL09,75.0,12114.03,10,40,Close - False Positive,0,Rapid Movement of Funds,ACH/P2P/Wire,1,0,2026-05
ALT00788,2026-09-28,R006,ANL04,53.0,67563.55,7,31,Close - False Positive,0,P2P Funnel Activity,P2P,1,0,2026-09
ALT00789,2026-03-22,R002,ANL03,63.0,29992.17,6,21,Escalate to Case,0,High-Risk Jurisdiction Wire,Wire,0,1,2026-03
ALT00790,2026-01-06,R005,ANL02,75.0,69970.74,12,39,Escalate to Case,1,High-Value Wire,Wire,0,1,2026-01
ALT00791,2026-09-27,R003,ANL08,8.0,74050.8,3,49,Close - False Positive,0,Rapid Movement of Funds,ACH/P2P/Wire,1,0,2026-09
ALT00792,2026-05-03,R005,ANL08,40.0,11501.86,16,44,Close - False Positive,0,High-Value Wire,Wire,1,0,2026-05
ALT00793,2026-07-05,R002,ANL09,62.0,3959.66,18,34,Close - Explained Activity,0,High-Risk Jurisdiction Wire,Wire,0,0,2026-07
ALT00794,2026-01-04,R008,ANL07,71.0,8557.34,3,50,Close - False Positive,0,Dormant Account Reactivation,All,1,0,2026-01
ALT00795,2026-01-29,R004,ANL04,60.0,23662.71,14,28,Close - Explained Activity,0,Unusual Volume Increase,All,0,0,2026-01
ALT00796,2026-03-20,R002,ANL03,62.0,11745.97,10,34,Close - Explained Activity,0,High-Risk Jurisdiction Wire,Wire,0,0,2026-03
ALT00797,2026-06-30,R003,ANL11,79.0,143140.81,18,9,Close - False Positive,0,Rapid Movement of Funds,ACH/P2P/Wire,1,0,2026-06
ALT00798,2026-09-04,R002,ANL03,68.0,39250.27,2,44,Close - False Positive,0,High-Risk Jurisdiction Wire,Wire,1,0,2026-09
ALT00799,2026-01-06,R002,ANL04,74.0,23811.93,12,38,Close - Explained Activity,0,High-Risk Jurisdiction Wire,Wire,0,0,2026-01
ALT00800,2026-04-24,R004,ANL12,63.0,35630.35,1,39,Close - False Positive,0,Unusual Volume Increase,All,1,0,2026-04
ALT00801,2026-01-01,R004,ANL11,58.0,22990.43,7,43,Escalate to Case,0,Unusual Volume Increase,All,0,1,2026-01
ALT00802,2026-05-24,R006,ANL06,59.0,60777.43,2,47,Close - Explained Activity,0,P2P Funnel Activity,P2P,0,0,2026-05
ALT00803,2026-06-06,R001,ANL07,67.0,131634.67,13,18,Close - False Positive,0,Structuring / Cash Activity,Cash,1,0,2026-06
ALT00804,2026-06-15,R007,ANL12,43.0,20147.36,16,14,Close - False Positive,0,Cash Intensive Business,Cash,1,0,2026-06
ALT00805,2026-05-26,R003,ANL05,36.0,6853.95,12,33,Close - False Positive,0,Rapid Movement of Funds,ACH/P2P/Wire,1,0,2026-05
ALT00806,2026-05-28,R001,ANL03,67.0,9876.82,14,46,Escalate to Case,0,Structuring / Cash Activity,Cash,0,1,2026-05
ALT00807,2026-02-08,R006,ANL10,79.0,5225.69,9,16,Escalate to Case,0,P2P Funnel Activity,P2P,0,1,2026-02
ALT00808,2026-04-02,R003,ANL09,61.0,124594.1,5,21,Close - False Positive,0,Rapid Movement of Funds,ACH/P2P/Wire,1,0,2026-04
ALT00809,2026-03-22,R006,ANL05,50.0,3399.5,20,51,Close - False Positive,0,P2P Funnel Activity,P2P,1,0,2026-03
ALT00810,2026-02-20,R001,ANL08,58.0,56137.2,10,46,Close - Explained Activity,0,Structuring / Cash Activity,Cash,0,0,2026-02
ALT00811,2026-07-23,R005,ANL05,96.0,24598.6,3,32,Escalate to Case,1,High-Value Wire,Wire,0,1,2026-07
ALT00812,2026-05-02,R003,ANL06,26.0,17385.2,3,28,Close - False Positive,0,Rapid Movement of Funds,ACH/P2P/Wire,1,0,2026-05
ALT00813,2026-06-30,R001,ANL01,82.0,43380.53,11,44,Escalate to Case,0,Structuring / Cash Activity,Cash,0,1,2026-06
ALT00814,2026-05-10,R002,ANL06,88.0,11042.5,10,43,Escalate to Case,1,High-Risk Jurisdiction Wire,Wire,0,1,2026-05
ALT00815,2026-01-20,R001,ANL02,43.0,3273.32,11,31,Close - False Positive,0,Structuring / Cash Activity,Cash,1,0,2026-01
ALT00816,2026-05-17,R004,ANL11,31.0,54538.05,12,12,Close - False Positive,0,Unusual Volume Increase,All,1,0,2026-05
ALT00817,2026-07-23,R001,ANL06,27.0,16707.11,8,40,Escalate to Case,0,Structuring / Cash Activity,Cash,0,1,2026-07
ALT00818,2026-02-19,R006,ANL01,50.0,306060.13,3,8,Close - False Positive,0,P2P Funnel Activity,P2P,1,0,2026-02
ALT00819,2026-04-19,R002,ANL10,64.0,5147.48,9,37,Close - Explained Activity,0,High-Risk Jurisdiction Wire,Wire,0,0,2026-04
ALT00820,2026-08-02,R001,ANL08,66.0,14825.57,9,39,Close - False Positive,0,Structuring / Cash Activity,Cash,1,0,2026-08
ALT00821,2026-04-30,R008,ANL11,75.0,7273.81,9,35,Escalate to Case,1,Dormant Account Reactivation,All,0,1,2026-04
ALT00822,2026-06-05,R004,ANL04,53.0,21934.3,6,54,Close - False Positive,0,Unusual Volume Increase,All,1,0,2026-06
ALT00823,2026-02-13,R002,ANL10,39.0,4712.9,4,43,Close - False Positive,0,High-Risk Jurisdiction Wire,Wire,1,0,2026-02
ALT00824,2026-05-03,R005,ANL09,51.0,28263.81,3,33,Escalate to Case,0,High-Value Wire,Wire,0,1,2026-05
ALT00825,2026-05-26,R007,ANL11,31.0,4974.15,13,23,Close - False Positive,0,Cash Intensive Business,Cash,1,0,2026-05
ALT00826,2026-01-12,R004,ANL04,63.0,82863.14,6,25,Close - Explained Activity,0,Unusual Volume Increase,All,0,0,2026-01
ALT00827,2026-03-09,R006,ANL06,57.0,43167.52,9,34,Close - False Positive,0,P2P Funnel Activity,P2P,1,0,2026-03
ALT00828,2026-09-29,R005,ANL10,64.0,7444.35,2,30,Escalate to Case,0,High-Value Wire,Wire,0,1,2026-09
ALT00829,2026-09-27,R006,ANL04,69.0,73285.24,2,34,Close - False Positive,0,P2P Funnel Activity,P2P,1,0,2026-09
ALT00830,2026-04-16,R001,ANL07,51.0,18259.34,4,47,Close - False Positive,0,Structuring / Cash Activity,Cash,1,0,2026-04
ALT00831,2026-01-20,R002,ANL12,56.0,9815.33,1,41,Close - False Positive,0,High-Risk Jurisdiction Wire,Wire,1,0,2026-01
ALT00832,2026-03-12,R002,ANL11,100.0,13031.94,6,31,Escalate to Case,0,High-Risk Jurisdiction Wire,Wire,0,1,2026-03
ALT00833,2026-08-25,R008,ANL04,36.0,12324.81,9,26,Close - Explained Activity,0,Dormant Account Reactivation,All,0,0,2026-08
ALT00834,2026-04-11,R001,ANL02,48.0,7024.59,8,52,Close - False Positive,0,Structuring / Cash Activity,Cash,1,0,2026-04
ALT00835,2026-05-16,R006,ANL10,83.0,3243.55,10,14,Escalate to Case,0,P2P Funnel Activity,P2P,0,1,2026-05
ALT00836,2026-07-28,R005,ANL09,68.0,20214.54,15,55,Close - False Positive,0,High-Value Wire,Wire,1,0,2026-07
ALT00837,2026-08-16,R002,ANL06,81.0,16710.89,17,41,Close - False Positive,0,High-Risk Jurisdiction Wire,Wire,1,0,2026-08
ALT00838,2026-01-25,R003,ANL05,100.0,14931.95,6,67,Escalate to Case,0,Rapid Movement of Funds,ACH/P2P/Wire,0,1,2026-01
ALT00839,2026-01-16,R002,ANL08,53.0,7600.5,3,26,Close - Explained Activity,0,High-Risk Jurisdiction Wire,Wire,0,0,2026-01
ALT00840,2026-06-09,R006,ANL03,54.0,67200.29,6,45,Close - False Positive,0,P2P Funnel Activity,P2P,1,0,2026-06
ALT00841,2026-02-10,R005,ANL02,63.0,24953.56,6,53,Close - Explained Activity,0,High-Value Wire,Wire,0,0,2026-02
ALT00842,2026-04-13,R001,ANL08,92.0,85151.22,14,59,Escalate to Case,0,Structuring / Cash Activity,Cash,0,1,2026-04
ALT00843,2026-01-13,R002,ANL02,97.0,36327.99,3,31,Escalate to Case,1,High-Risk Jurisdiction Wire,Wire,0,1,2026-01
ALT00844,2026-09-12,R005,ANL02,29.0,27152.47,1,41,Escalate to Case,1,High-Value Wire,Wire,0,1,2026-09
ALT00845,2026-02-07,R001,ANL12,72.0,40802.35,30,38,Escalate to Case,0,Structuring / Cash Activity,Cash,0,1,2026-02
ALT00846,2026-04-13,R008,ANL06,62.0,4377.11,2,49,Close - Explained Activity,0,Dormant Account Reactivation,All,0,0,2026-04
ALT00847,2026-02-19,R001,ANL03,71.0,12640.36,10,39,Close - Explained Activity,0,Structuring / Cash Activity,Cash,0,0,2026-02
ALT00848,2026-08-22,R008,ANL04,93.0,124827.0,35,18,Close - False Positive,0,Dormant Account Reactivation,All,1,0,2026-08
ALT00849,2026-02-03,R004,ANL03,58.0,9700.58,2,43,Close - False Positive,0,Unusual Volume Increase,All,1,0,2026-02
ALT00850,2026-03-24,R003,ANL02,61.0,30418.01,10,85,Close - False Positive,0,Rapid Movement of Funds,ACH/P2P/Wire,1,0,2026-03
ALT00851,2026-07-15,R001,ANL06,59.0,161344.25,14,40,Close - Explained Activity,0,Structuring / Cash Activity,Cash,0,0,2026-07
ALT00852,2026-04-28,R004,ANL03,58.0,53597.27,4,35,Close - Explained Activity,0,Unusual Volume Increase,All,0,0,2026-04
ALT00853,2026-05-29,R001,ANL02,65.0,28957.17,18,51,Close - Explained Activity,0,Structuring / Cash Activity,Cash,0,0,2026-05
ALT00854,2026-08-26,R006,ANL10,19.0,24718.91,7,57,Close - Explained Activity,0,P2P Funnel Activity,P2P,0,0,2026-08
ALT00855,2026-04-08,R002,ANL05,65.0,52029.13,3,18,Escalate to Case,0,High-Risk Jurisdiction Wire,Wire,0,1,2026-04
ALT00856,2026-03-18,R007,ANL07,79.0,15105.55,9,42,Escalate to Case,1,Cash Intensive Business,Cash,0,1,2026-03
ALT00857,2026-07-14,R005,ANL04,31.0,26690.03,7,53,Escalate to Case,0,High-Value Wire,Wire,0,1,2026-07
ALT00858,2026-08-26,R005,ANL10,45.0,46066.19,17,47,Close - False Positive,0,High-Value Wire,Wire,1,0,2026-08
ALT00859,2026-08-05,R001,ANL08,27.0,41443.83,15,31,Close - Explained Activity,0,Structuring / Cash Activity,Cash,0,0,2026-08
ALT00860,2026-06-12,R005,ANL04,62.0,44942.65,12,35,Escalate to Case,0,High-Value Wire,Wire,0,1,2026-06
ALT00861,2026-04-28,R001,ANL04,79.0,28293.7,7,32,Close - False Positive,0,Structuring / Cash Activity,Cash,1,0,2026-04
ALT00862,2026-03-13,R002,ANL01,75.0,15486.0,9,30,Escalate to Case,1,High-Risk Jurisdiction Wire,Wire,0,1,2026-03
ALT00863,2026-08-27,R001,ANL01,59.0,13624.55,12,52,Close - False Positive,0,Structuring / Cash Activity,Cash,1,0,2026-08
ALT00864,2026-01-27,R004,ANL05,47.0,45584.62,10,54,Close - False Positive,0,Unusual Volume Increase,All,1,0,2026-01
ALT00865,2026-08-19,R001,ANL11,52.0,17639.18,14,28,Close - False Positive,0,Structuring / Cash Activity,Cash,1,0,2026-08
ALT00866,2026-03-28,R007,ANL11,46.0,23491.93,1,37,Close - False Positive,0,Cash Intensive Business,Cash,1,0,2026-03
ALT00867,2026-01-05,R004,ANL08,74.0,65407.08,2,43,Close - False Positive,0,Unusual Volume Increase,All,1,0,2026-01
ALT00868,2026-09-16,R002,ANL03,15.0,53675.25,28,45,Close - Explained Activity,0,High-Risk Jurisdiction Wire,Wire,0,0,2026-09
ALT00869,2026-04-22,R006,ANL04,73.0,14029.67,6,28,Close - False Positive,0,P2P Funnel Activity,P2P,1,0,2026-04
ALT00870,2026-08-10,R002,ANL09,50.0,30467.31,7,22,Close - False Positive,0,High-Risk Jurisdiction Wire,Wire,1,0,2026-08
ALT00871,2026-01-26,R001,ANL02,42.0,52882.91,7,35,Close - False Positive,0,Structuring / Cash Activity,Cash,1,0,2026-01
ALT00872,2026-06-17,R002,ANL08,73.0,7724.77,5,40,Escalate to Case,0,High-Risk Jurisdiction Wire,Wire,0,1,2026-06
ALT00873,2026-05-08,R004,ANL11,97.0,4517.52,3,47,Escalate to Case,0,Unusual Volume Increase,All,0,1,2026-05
ALT00874,2026-02-24,R005,ANL04,42.0,20033.44,6,40,Escalate to Case,0,High-Value Wire,Wire,0,1,2026-02
ALT00875,2026-06-25,R004,ANL11,78.0,18063.89,1,41,Close - Explained Activity,0,Unusual Volume Increase,All,0,0,2026-06
ALT00876,2026-03-05,R006,ANL01,49.0,5244.16,5,33,Close - False Positive,0,P2P Funnel Activity,P2P,1,0,2026-03
ALT00877,2026-04-30,R002,ANL04,87.0,121639.88,14,40,Escalate to Case,1,High-Risk Jurisdiction Wire,Wire,0,1,2026-04
ALT00878,2026-02-26,R006,ANL08,40.0,8698.95,2,24,Close - Explained Activity,0,P2P Funnel Activity,P2P,0,0,2026-02
ALT00879,2026-02-03,R003,ANL07,20.0,15130.73,2,23,Close - Explained Activity,0,Rapid Movement of Funds,ACH/P2P/Wire,0,0,2026-02
ALT00880,2026-03-21,R002,ANL08,84.0,129445.77,3,41,Close - False Positive,0,High-Risk Jurisdiction Wire,Wire,1,0,2026-03
ALT00881,2026-08-12,R001,ANL10,34.0,52457.17,8,47,Escalate to Case,0,Structuring / Cash Activity,Cash,0,1,2026-08
ALT00882,2026-05-27,R005,ANL03,66.0,19755.73,14,42,Escalate to Case,0,High-Value Wire,Wire,0,1,2026-05
ALT00883,2026-06-07,R007,ANL09,75.0,7848.2,9,32,Escalate to Case,0,Cash Intensive Business,Cash,0,1,2026-06
ALT00884,2026-03-20,R007,ANL08,60.0,64387.53,7,26,Close - False Positive,0,Cash Intensive Business,Cash,1,0,2026-03
ALT00885,2026-05-15,R005,ANL03,52.0,29621.14,12,53,Close - False Positive,0,High-Value Wire,Wire,1,0,2026-05
ALT00886,2026-07-19,R001,ANL02,59.0,34035.14,11,38,Close - False Positive,0,Structuring / Cash Activity,Cash,1,0,2026-07
ALT00887,2026-07-20,R004,ANL04,64.0,13839.19,21,67,Close - False Positive,0,Unusual Volume Increase,All,1,0,2026-07
ALT00888,2026-08-18,R005,ANL04,80.0,16542.98,2,8,Escalate to Case,0,High-Value Wire,Wire,0,1,2026-08
ALT00889,2026-09-30,R006,ANL08,74.0,12875.39,4,26,Close - False Positive,0,P2P Funnel Activity,P2P,1,0,2026-09
ALT00890,2026-06-30,R002,ANL09,82.0,23261.96,4,32,Close - Explained Activity,0,High-Risk Jurisdiction Wire,Wire,0,0,2026-06
ALT00891,2026-01-25,R002,ANL01,69.0,721961.66,5,62,Escalate to Case,0,High-Risk Jurisdiction Wire,Wire,0,1,2026-01
ALT00892,2026-09-12,R001,ANL08,26.0,6466.28,17,8,Close - Explained Activity,0,Structuring / Cash Activity,Cash,0,0,2026-09
ALT00893,2026-08-03,R003,ANL01,53.0,15509.98,10,35,Close - False Positive,0,Rapid Movement of Funds,ACH/P2P/Wire,1,0,2026-08
ALT00894,2026-01-17,R007,ANL10,29.0,11892.04,10,32,Close - False Positive,0,Cash Intensive Business,Cash,1,0,2026-01
ALT00895,2026-06-11,R001,ANL10,60.0,12344.17,6,60,Close - False Positive,0,Structuring / Cash Activity,Cash,1,0,2026-06
ALT00896,2026-04-01,R003,ANL11,76.0,81269.68,4,8,Escalate to Case,0,Rapid Movement of Funds,ACH/P2P/Wire,0,1,2026-04
ALT00897,2026-03-18,R001,ANL08,42.0,24772.72,2,21,Close - False Positive,0,Structuring / Cash Activity,Cash,1,0,2026-03
ALT00898,2026-07-23,R004,ANL03,99.0,28179.49,20,41,Close - False Positive,0,Unusual Volume Increase,All,1,0,2026-07
ALT00899,2026-06-21,R001,ANL06,71.0,13518.4,14,51,Close - False Positive,0,Structuring / Cash Activity,Cash,1,0,2026-06
ALT00900,2026-06-29,R008,ANL08,80.0,19038.15,1,37,Escalate to Case,0,Dormant Account Reactivation,All,0,1,2026-06
ALT00901,2026-08-29,R002,ANL07,5.0,4776.66,2,43,Close - Explained Activity,0,High-Risk Jurisdiction Wire,Wire,0,0,2026-08
ALT00902,2026-09-07,R001,ANL04,39.0,2320.1,3,8,Close - False Positive,0,Structuring / Cash Activity,Cash,1,0,2026-09
ALT00903,2026-03-02,R005,ANL12,70.0,36857.78,9,23,Close - False Positive,0,High-Value Wire,Wire,1,0,2026-03
ALT00904,2026-06-23,R008,ANL06,33.0,19591.31,12,8,Close - False Positive,0,Dormant Account Reactivation,All,1,0,2026-06
ALT00905,2026-03-01,R003,ANL04,43.0,59074.93,7,36,Close - False Positive,0,Rapid Movement of Funds,ACH/P2P/Wire,1,0,2026-03
ALT00906,2026-04-20,R007,ANL12,65.0,2903.96,12,35,Close - False Positive,0,Cash Intensive Business,Cash,1,0,2026-04
ALT00907,2026-03-10,R006,ANL08,51.0,2766.91,5,17,Close - False Positive,0,P2P Funnel Activity,P2P,1,0,2026-03
ALT00908,2026-06-14,R007,ANL12,91.0,32433.99,19,45,Close - False Positive,0,Cash Intensive Business,Cash,1,0,2026-06
ALT00909,2026-01-02,R003,ANL05,81.0,8454.19,17,14,Escalate to Case,0,Rapid Movement of Funds,ACH/P2P/Wire,0,1,2026-01
ALT00910,2026-05-20,R001,ANL02,41.0,55327.48,21,52,Close - False Positive,0,Structuring / Cash Activity,Cash,1,0,2026-05
ALT00911,2026-02-19,R005,ANL04,53.0,242014.6,3,27,Close - False Positive,0,High-Value Wire,Wire,1,0,2026-02
ALT00912,2026-07-04,R001,ANL04,80.0,159633.33,20,57,Close - False Positive,0,Structuring / Cash Activity,Cash,1,0,2026-07
ALT00913,2026-09-29,R006,ANL09,46.0,60098.36,3,31,Escalate to Case,0,P2P Funnel Activity,P2P,0,1,2026-09
ALT00914,2026-09-03,R007,ANL04,33.0,19191.95,6,50,Close - False Positive,0,Cash Intensive Business,Cash,1,0,2026-09
ALT00915,2026-05-07,R004,ANL04,74.0,14899.37,10,27,Close - False Positive,0,Unusual Volume Increase,All,1,0,2026-05
ALT00916,2026-01-08,R003,ANL04,49.0,8942.13,4,48,Close - False Positive,0,Rapid Movement of Funds,ACH/P2P/Wire,1,0,2026-01
ALT00917,2026-05-09,R005,ANL04,73.0,18955.87,3,57,Escalate to Case,0,High-Value Wire,Wire,0,1,2026-05
ALT00918,2026-07-31,R002,ANL12,52.0,10889.31,21,38,Escalate to Case,0,High-Risk Jurisdiction Wire,Wire,0,1,2026-07
ALT00919,2026-03-01,R007,ANL05,43.0,88789.09,5,25,Close - Explained Activity,0,Cash Intensive Business,Cash,0,0,2026-03
ALT00920,2026-04-15,R001,ANL06,64.0,16744.52,33,12,Escalate to Case,0,Structuring / Cash Activity,Cash,0,1,2026-04
ALT00921,2026-03-13,R003,ANL07,41.0,45608.94,8,35,Close - False Positive,0,Rapid Movement of Funds,ACH/P2P/Wire,1,0,2026-03
ALT00922,2026-08-25,R001,ANL06,49.0,12814.8,12,50,Close - Explained Activity,0,Structuring / Cash Activity,Cash,0,0,2026-08
ALT00923,2026-03-27,R008,ANL10,73.0,56607.13,4,22,Close - False Positive,0,Dormant Account Reactivation,All,1,0,2026-03
ALT00924,2026-02-09,R004,ANL09,48.0,17049.89,2,44,Close - False Positive,0,Unusual Volume Increase,All,1,0,2026-02
ALT00925,2026-08-21,R002,ANL04,60.0,50604.43,7,38,Close - Explained Activity,0,High-Risk Jurisdiction Wire,Wire,0,0,2026-08
ALT00926,2026-03-06,R006,ANL06,51.0,67555.87,7,28,Close - False Positive,0,P2P Funnel Activity,P2P,1,0,2026-03
ALT00927,2026-05-05,R004,ANL06,48.0,20769.12,11,33,Close - False Positive,0,Unusual Volume Increase,All,1,0,2026-05
ALT00928,2026-03-04,R002,ANL03,32.0,24213.15,9,46,Close - False Positive,0,High-Risk Jurisdiction Wire,Wire,1,0,2026-03
ALT00929,2026-07-29,R007,ANL04,76.0,97865.08,14,67,Escalate to Case,0,Cash Intensive Business,Cash,0,1,2026-07
ALT00930,2026-05-15,R003,ANL03,59.0,27286.65,15,58,Close - Explained Activity,0,Rapid Movement of Funds,ACH/P2P/Wire,0,0,2026-05
ALT00931,2026-04-15,R001,ANL03,73.0,84420.66,2,40,Close - False Positive,0,Structuring / Cash Activity,Cash,1,0,2026-04
ALT00932,2026-05-27,R001,ANL03,56.0,4964.24,10,23,Close - False Positive,0,Structuring / Cash Activity,Cash,1,0,2026-05
ALT00933,2026-03-23,R001,ANL09,70.0,212863.73,14,40,Close - False Positive,0,Structuring / Cash Activity,Cash,1,0,2026-03
ALT00934,2026-03-26,R001,ANL06,79.0,16906.24,4,49,Close - False Positive,0,Structuring / Cash Activity,Cash,1,0,2026-03
ALT00935,2026-04-21,R004,ANL01,69.0,13343.21,6,40,Close - False Positive,0,Unusual Volume Increase,All,1,0,2026-04
ALT00936,2026-09-25,R005,ANL08,49.0,17614.66,8,33,Escalate to Case,0,High-Value Wire,Wire,0,1,2026-09
ALT00937,2026-07-07,R004,ANL12,82.0,76841.23,5,56,Escalate to Case,0,Unusual Volume Increase,All,0,1,2026-07
ALT00938,2026-05-05,R002,ANL12,49.0,5375.57,8,41,Escalate to Case,0,High-Risk Jurisdiction Wire,Wire,0,1,2026-05
ALT00939,2026-09-14,R006,ANL10,57.0,33131.01,14,34,Close - False Positive,0,P2P Funnel Activity,P2P,1,0,2026-09
ALT00940,2026-04-10,R007,ANL01,90.0,11609.68,8,13,Close - False Positive,0,Cash Intensive Business,Cash,1,0,2026-04
ALT00941,2026-05-04,R005,ANL07,49.0,25143.69,4,45,Close - False Positive,0,High-Value Wire,Wire,1,0,2026-05
ALT00942,2026-01-05,R008,ANL02,64.0,6462.67,4,38,Escalate to Case,0,Dormant Account Reactivation,All,0,1,2026-01
ALT00943,2026-08-18,R007,ANL10,27.0,19551.02,10,19,Close - False Positive,0,Cash Intensive Business,Cash,1,0,2026-08
ALT00944,2026-09-08,R004,ANL09,41.0,64676.45,5,48,Escalate to Case,0,Unusual Volume Increase,All,0,1,2026-09
ALT00945,2026-09-24,R004,ANL07,36.0,7481.48,13,42,Close - False Positive,0,Unusual Volume Increase,All,1,0,2026-09
ALT00946,2026-05-15,R006,ANL08,67.0,51692.51,7,8,Close - False Positive,0,P2P Funnel Activity,P2P,1,0,2026-05
ALT00947,2026-02-08,R001,ANL12,41.0,16160.09,12,36,Escalate to Case,0,Structuring / Cash Activity,Cash,0,1,2026-02
ALT00948,2026-03-02,R002,ANL10,86.0,9049.81,4,49,Close - False Positive,0,High-Risk Jurisdiction Wire,Wire,1,0,2026-03
ALT00949,2026-07-08,R001,ANL06,51.0,94087.09,3,33,Close - False Positive,0,Structuring / Cash Activity,Cash,1,0,2026-07
ALT00950,2026-03-12,R005,ANL10,53.0,4720.34,3,8,Escalate to Case,1,High-Value Wire,Wire,0,1,2026-03
ALT00951,2026-08-05,R005,ANL07,53.0,3291.56,22,33,Close - False Positive,0,High-Value Wire,Wire,1,0,2026-08
ALT00952,2026-09-12,R001,ANL11,86.0,25759.85,4,40,Escalate to Case,0,Structuring / Cash Activity,Cash,0,1,2026-09
ALT00953,2026-06-30,R007,ANL01,62.0,11649.98,15,40,Escalate to Case,0,Cash Intensive Business,Cash,0,1,2026-06
ALT00954,2026-05-02,R004,ANL09,69.0,24559.36,4,41,Close - Explained Activity,0,Unusual Volume Increase,All,0,0,2026-05
ALT00955,2026-06-27,R006,ANL03,44.0,29809.93,10,37,Escalate to Case,0,P2P Funnel Activity,P2P,0,1,2026-06
ALT00956,2026-04-04,R003,ANL05,95.0,32711.99,9,10,Close - False Positive,0,Rapid Movement of Funds,ACH/P2P/Wire,1,0,2026-04
ALT00957,2026-06-16,R003,ANL01,66.0,17540.25,7,43,Close - False Positive,0,Rapid Movement of Funds,ACH/P2P/Wire,1,0,2026-06
ALT00958,2026-02-12,R008,ANL06,63.0,87531.73,2,41,Close - False Positive,0,Dormant Account Reactivation,All,1,0,2026-02
ALT00959,2026-03-21,R005,ANL12,56.0,13495.17,6,26,Close - False Positive,0,High-Value Wire,Wire,1,0,2026-03
ALT00960,2026-03-25,R007,ANL03,46.0,17528.28,12,43,Escalate to Case,0,Cash Intensive Business,Cash,0,1,2026-03
ALT00961,2026-04-30,R007,ANL04,65.0,4145.92,17,23,Close - False Positive,0,Cash Intensive Business,Cash,1,0,2026-04
ALT00962,2026-04-12,R003,ANL10,59.0,59976.19,14,37,Escalate to Case,0,Rapid Movement of Funds,ACH/P2P/Wire,0,1,2026-04
ALT00963,2026-05-05,R004,ANL03,73.0,12213.8,3,32,Close - Explained Activity,0,Unusual Volume Increase,All,0,0,2026-05
ALT00964,2026-07-05,R008,ANL11,65.0,18307.89,8,58,Close - False Positive,0,Dormant Account Reactivation,All,1,0,2026-07
ALT00965,2026-02-15,R001,ANL02,50.0,14720.29,2,44,Close - Explained Activity,0,Structuring / Cash Activity,Cash,0,0,2026-02
ALT00966,2026-03-29,R001,ANL08,29.0,5112.89,2,29,Close - Explained Activity,0,Structuring / Cash Activity,Cash,0,0,2026-03
ALT00967,2026-07-15,R006,ANL10,75.0,10848.93,2,52,Close - Explained Activity,0,P2P Funnel Activity,P2P,0,0,2026-07
ALT00968,2026-09-30,R002,ANL10,55.0,9601.3,11,28,Close - False Positive,0,High-Risk Jurisdiction Wire,Wire,1,0,2026-09
ALT00969,2026-03-28,R001,ANL04,57.0,29638.12,12,32,Close - False Positive,0,Structuring / Cash Activity,Cash,1,0,2026-03
ALT00970,2026-05-19,R005,ANL03,52.0,316601.09,3,46,Close - False Positive,0,High-Value Wire,Wire,1,0,2026-05
ALT00971,2026-06-02,R007,ANL02,93.0,16114.78,6,54,Close - Explained Activity,0,Cash Intensive Business,Cash,0,0,2026-06
ALT00972,2026-09-10,R004,ANL06,51.0,23712.77,4,31,Close - Explained Activity,0,Unusual Volume Increase,All,0,0,2026-09
ALT00973,2026-08-04,R004,ANL07,57.0,15265.31,17,40,Close - Explained Activity,0,Unusual Volume Increase,All,0,0,2026-08
ALT00974,2026-07-17,R001,ANL06,46.0,7853.8,14,37,Close - False Positive,0,Structuring / Cash Activity,Cash,1,0,2026-07
ALT00975,2026-02-15,R004,ANL12,41.0,12513.26,4,26,Close - False Positive,0,Unusual Volume Increase,All,1,0,2026-02
ALT00976,2026-08-01,R002,ANL11,60.0,4660.53,13,22,Close - False Positive,0,High-Risk Jurisdiction Wire,Wire,1,0,2026-08
ALT00977,2026-07-28,R004,ANL09,34.0,6515.65,6,17,Close - False Positive,0,Unusual Volume Increase,All,1,0,2026-07
ALT00978,2026-06-13,R008,ANL05,67.0,12500.89,18,71,Close - Explained Activity,0,Dormant Account Reactivation,All,0,0,2026-06
ALT00979,2026-06-16,R002,ANL11,56.0,11896.5,7,18,Close - False Positive,0,High-Risk Jurisdiction Wire,Wire,1,0,2026-06
ALT00980,2026-06-25,R008,ANL11,36.0,9031.82,11,46,Escalate to Case,0,Dormant Account Reactivation,All,0,1,2026-06
ALT00981,2026-05-20,R004,ANL02,60.0,62409.5,18,72,Close - False Positive,0,Unusual Volume Increase,All,1,0,2026-05
ALT00982,2026-04-10,R004,ANL04,100.0,30329.9,15,30,Close - False Positive,0,Unusual Volume Increase,All,1,0,2026-04
ALT00983,2026-02-26,R003,ANL05,67.0,4915.56,12,8,Close - False Positive,0,Rapid Movement of Funds,ACH/P2P/Wire,1,0,2026-02
ALT00984,2026-08-16,R007,ANL11,61.0,60007.13,12,45,Escalate to Case,0,Cash Intensive Business,Cash,0,1,2026-08
ALT00985,2026-03-28,R003,ANL11,56.0,6332.02,3,27,Close - Explained Activity,0,Rapid Movement of Funds,ACH/P2P/Wire,0,0,2026-03
ALT00986,2026-07-01,R008,ANL03,61.0,47756.11,10,20,Escalate to Case,0,Dormant Account Reactivation,All,0,1,2026-07
ALT00987,2026-05-16,R006,ANL07,96.0,30051.13,5,45,Close - False Positive,0,P2P Funnel Activity,P2P,1,0,2026-05
ALT00988,2026-09-01,R003,ANL07,52.0,163892.34,8,32,Close - False Positive,0,Rapid Movement of Funds,ACH/P2P/Wire,1,0,2026-09
ALT00989,2026-01-17,R001,ANL09,92.0,17581.72,21,49,Escalate to Case,0,Structuring / Cash Activity,Cash,0,1,2026-01
ALT00990,2026-09-30,R006,ANL02,63.0,1018.4,14,30,Close - Explained Activity,0,P2P Funnel Activity,P2P,0,0,2026-09
ALT00991,2026-08-16,R003,ANL12,65.0,49565.35,6,45,Close - False Positive,0,Rapid Movement of Funds,ACH/P2P/Wire,1,0,2026-08
ALT00992,2026-06-08,R001,ANL03,86.0,13461.56,4,51,Close - False Positive,0,Structuring / Cash Activity,Cash,1,0,2026-06
ALT00993,2026-08-22,R008,ANL09,51.0,4168.41,6,12,Escalate to Case,0,Dormant Account Reactivation,All,0,1,2026-08
ALT00994,2026-01-10,R001,ANL05,53.0,150321.03,16,60,Close - False Positive,0,Structuring / Cash Activity,Cash,1,0,2026-01
ALT00995,2026-05-24,R005,ANL11,61.0,35339.21,2,8,Close - False Positive,0,High-Value Wire,Wire,1,0,2026-05
ALT00996,2026-08-08,R004,ANL08,77.0,167155.2,2,46,Close - False Positive,0,Unusual Volume Increase,All,1,0,2026-08
ALT00997,2026-09-10,R003,ANL11,41.0,29379.17,13,28,Escalate to Case,0,Rapid Movement of Funds,ACH/P2P/Wire,0,1,2026-09
ALT00998,2026-07-19,R002,ANL07,41.0,60478.62,16,59,Close - False Positive,0,High-Risk Jurisdiction Wire,Wire,1,0,2026-07
ALT00999,2026-01-04,R004,ANL08,53.0,51502.1,8,35,Escalate to Case,0,Unusual Volume Increase,All,0,1,2026-01
ALT01000,2026-01-02,R005,ANL08,24.0,56038.91,9,29,Escalate to Case,0,High-Value Wire,Wire,0,1,2026-01
ALT01001,2026-03-15,R002,ANL12,58.0,18965.71,12,67,Close - False Positive,0,High-Risk Jurisdiction Wire,Wire,1,0,2026-03
ALT01002,2026-06-28,R005,ANL10,88.0,116756.13,33,47,Close - False Positive,0,High-Value Wire,Wire,1,0,2026-06
ALT01003,2026-02-16,R008,ANL05,67.0,89099.38,3,21,Close - Explained Activity,0,Dormant Account Reactivation,All,0,0,2026-02
ALT01004,2026-07-04,R003,ANL12,59.0,13863.06,13,27,Close - False Positive,0,Rapid Movement of Funds,ACH/P2P/Wire,1,0,2026-07
ALT01005,2026-06-11,R002,ANL07,61.0,1642.12,6,22,Close - False Positive,0,High-Risk Jurisdiction Wire,Wire,1,0,2026-06
ALT01006,2026-01-22,R008,ANL11,84.0,6440.14,17,19,Close - False Positive,0,Dormant Account Reactivation,All,1,0,2026-01
ALT01007,2026-01-19,R004,ANL08,55.0,11143.63,11,28,Escalate to Case,0,Unusual Volume Increase,All,0,1,2026-01
ALT01008,2026-03-21,R005,ANL04,51.0,70193.69,0,31,Close - False Positive,0,High-Value Wire,Wire,1,0,2026-03
ALT01009,2026-09-03,R003,ANL06,54.0,10557.66,8,25,Escalate to Case,0,Rapid Movement of Funds,ACH/P2P/Wire,0,1,2026-09
ALT01010,2026-07-23,R004,ANL06,46.0,31692.34,1,31,Escalate to Case,1,Unusual Volume Increase,All,0,1,2026-07
ALT01011,2026-04-05,R002,ANL10,58.0,14989.63,12,8,Close - False Positive,0,High-Risk Jurisdiction Wire,Wire,1,0,2026-04
ALT01012,2026-01-03,R007,ANL01,45.0,196726.85,6,58,Close - False Positive,0,Cash Intensive Business,Cash,1,0,2026-01
ALT01013,2026-09-01,R003,ANL09,54.0,23357.81,3,38,Close - Explained Activity,0,Rapid Movement of Funds,ACH/P2P/Wire,0,0,2026-09
ALT01014,2026-02-26,R001,ANL11,53.0,182714.55,10,28,Close - False Positive,0,Structuring / Cash Activity,Cash,1,0,2026-02
ALT01015,2026-04-24,R002,ANL01,47.0,6865.34,3,34,Escalate to Case,1,High-Risk Jurisdiction Wire,Wire,0,1,2026-04
ALT01016,2026-07-29,R001,ANL11,66.0,5320.65,6,24,Close - False Positive,0,Structuring / Cash Activity,Cash,1,0,2026-07
ALT01017,2026-06-25,R008,ANL06,69.0,37266.67,6,23,Close - False Positive,0,Dormant Account Reactivation,All,1,0,2026-06
ALT01018,2026-06-04,R002,ANL04,46.0,21448.46,14,48,Close - Explained Activity,0,High-Risk Jurisdiction Wire,Wire,0,0,2026-06
ALT01019,2026-06-20,R001,ANL01,30.0,12885.79,15,35,Close - False Positive,0,Structuring / Cash Activity,Cash,1,0,2026-06
ALT01020,2026-08-11,R004,ANL12,73.0,22466.42,7,20,Close - False Positive,0,Unusual Volume Increase,All,1,0,2026-08
ALT01021,2026-07-23,R005,ANL05,63.0,44146.75,22,30,Close - Explained Activity,0,High-Value Wire,Wire,0,0,2026-07
ALT01022,2026-03-02,R007,ANL04,38.0,3219.79,2,22,Close - False Positive,0,Cash Intensive Business,Cash,1,0,2026-03
ALT01023,2026-04-28,R007,ANL09,61.0,28837.7,2,23,Close - False Positive,0,Cash Intensive Business,Cash,1,0,2026-04
ALT01024,2026-08-21,R003,ANL03,49.0,27177.86,15,36,Close - False Positive,0,Rapid Movement of Funds,ACH/P2P/Wire,1,0,2026-08
ALT01025,2026-05-31,R004,ANL02,72.0,93690.29,1,42,Close - False Positive,0,Unusual Volume Increase,All,1,0,2026-05
ALT01026,2026-03-03,R002,ANL11,6.0,6199.43,2,17,Close - Explained Activity,0,High-Risk Jurisdiction Wire,Wire,0,0,2026-03
ALT01027,2026-04-07,R004,ANL03,58.0,23060.23,4,42,Escalate to Case,0,Unusual Volume Increase,All,0,1,2026-04
ALT01028,2026-02-13,R005,ANL09,69.0,38078.29,12,45,Escalate to Case,0,High-Value Wire,Wire,0,1,2026-02
ALT01029,2026-03-11,R005,ANL09,66.0,12404.74,8,20,Escalate to Case,0,High-Value Wire,Wire,0,1,2026-03
ALT01030,2026-07-24,R006,ANL03,57.0,5266.61,6,44,Escalate to Case,0,P2P Funnel Activity,P2P,0,1,2026-07
ALT01031,2026-05-19,R002,ANL09,95.0,25389.96,19,37,Escalate to Case,0,High-Risk Jurisdiction Wire,Wire,0,1,2026-05
ALT01032,2026-05-07,R005,ANL01,60.0,8860.01,5,33,Escalate to Case,0,High-Value Wire,Wire,0,1,2026-05
ALT01033,2026-04-11,R005,ANL03,69.0,17662.78,12,43,Escalate to Case,0,High-Value Wire,Wire,0,1,2026-04
ALT01034,2026-04-27,R002,ANL08,65.0,20840.14,6,35,Escalate to Case,0,High-Risk Jurisdiction Wire,Wire,0,1,2026-04
ALT01035,2026-03-04,R004,ANL09,55.0,49611.01,14,52,Escalate to Case,0,Unusual Volume Increase,All,0,1,2026-03
ALT01036,2026-06-10,R001,ANL07,73.0,27178.97,3,17,Escalate to Case,0,Structuring / Cash Activity,Cash,0,1,2026-06
ALT01037,2026-05-07,R001,ANL10,26.0,4066.53,2,58,Close - False Positive,0,Structuring / Cash Activity,Cash,1,0,2026-05
ALT01038,2026-03-01,R001,ANL10,54.0,1345.46,13,54,Escalate to Case,1,Structuring / Cash Activity,Cash,0,1,2026-03
ALT01039,2026-02-07,R002,ANL08,51.0,146382.25,15,26,Close - False Positive,0,High-Risk Jurisdiction Wire,Wire,1,0,2026-02
ALT01040,2026-02-02,R002,ANL09,67.0,17622.73,6,27,Close - Explained Activity,0,High-Risk Jurisdiction Wire,Wire,0,0,2026-02
ALT01041,2026-02-17,R001,ANL02,72.0,85088.75,9,42,Escalate to Case,0,Structuring / Cash Activity,Cash,0,1,2026-02
ALT01042,2026-09-24,R002,ANL04,76.0,108645.61,16,28,Escalate to Case,0,High-Risk Jurisdiction Wire,Wire,0,1,2026-09
ALT01043,2026-04-09,R001,ANL05,18.0,32989.22,2,38,Close - False Positive,0,Structuring / Cash Activity,Cash,1,0,2026-04
ALT01044,2026-09-30,R002,ANL09,38.0,74287.22,8,21,Close - Explained Activity,0,High-Risk Jurisdiction Wire,Wire,0,0,2026-09
ALT01045,2026-05-24,R004,ANL05,91.0,10049.35,9,50,Close - False Positive,0,Unusual Volume Increase,All,1,0,2026-05
ALT01046,2026-06-29,R005,ANL05,71.0,18430.13,6,51,Close - False Positive,0,High-Value Wire,Wire,1,0,2026-06
ALT01047,2026-08-06,R004,ANL08,56.0,15601.05,4,34,Close - False Positive,0,Unusual Volume Increase,All,1,0,2026-08
ALT01048,2026-06-28,R005,ANL07,64.0,32527.73,3,24,Escalate to Case,1,High-Value Wire,Wire,0,1,2026-06
ALT01049,2026-03-17,R002,ANL08,73.0,28859.2,12,28,Escalate to Case,0,High-Risk Jurisdiction Wire,Wire,0,1,2026-03
ALT01050,2026-01-10,R002,ANL09,65.0,19895.37,8,35,Close - Explained Activity,0,High-Risk Jurisdiction Wire,Wire,0,0,2026-01
ALT01051,2026-07-24,R001,ANL06,53.0,29157.57,12,17,Close - Explained Activity,0,Structuring / Cash Activity,Cash,0,0,2026-07
ALT01052,2026-02-03,R001,ANL08,49.0,25261.87,0,25,Close - False Positive,0,Structuring / Cash Activity,Cash,1,0,2026-02
ALT01053,2026-07-28,R002,ANL08,19.0,14506.23,10,36,Close - False Positive,0,High-Risk Jurisdiction Wire,Wire,1,0,2026-07
ALT01054,2026-06-27,R007,ANL08,47.0,9823.53,4,39,Close - False Positive,0,Cash Intensive Business,Cash,1,0,2026-06
ALT01055,2026-06-19,R001,ANL05,56.0,73670.59,23,27,Escalate to Case,0,Structuring / Cash Activity,Cash,0,1,2026-06
ALT01056,2026-05-24,R002,ANL04,23.0,26188.01,7,54,Close - False Positive,0,High-Risk Jurisdiction Wire,Wire,1,0,2026-05
ALT01057,2026-03-19,R003,ANL10,91.0,17442.99,8,36,Close - False Positive,0,Rapid Movement of Funds,ACH/P2P/Wire,1,0,2026-03
ALT01058,2026-08-01,R002,ANL08,77.0,29348.74,3,28,Escalate to Case,0,High-Risk Jurisdiction Wire,Wire,0,1,2026-08
ALT01059,2026-02-28,R001,ANL06,100.0,43425.48,1,31,Close - False Positive,0,Structuring / Cash Activity,Cash,1,0,2026-02
ALT01060,2026-02-15,R002,ANL09,47.0,4951.81,7,39,Escalate to Case,0,High-Risk Jurisdiction Wire,Wire,0,1,2026-02
ALT01061,2026-06-28,R003,ANL04,27.0,3868.28,5,38,Close - Explained Activity,0,Rapid Movement of Funds,ACH/P2P/Wire,0,0,2026-06
ALT01062,2026-04-20,R003,ANL03,48.0,137093.01,4,28,Escalate to Case,0,Rapid Movement of Funds,ACH/P2P/Wire,0,1,2026-04
ALT01063,2026-01-17,R005,ANL08,53.0,4846.85,6,38,Close - Explained Activity,0,High-Value Wire,Wire,0,0,2026-01
ALT01064,2026-07-29,R006,ANL10,38.0,124234.54,7,25,Close - False Positive,0,P2P Funnel Activity,P2P,1,0,2026-07
ALT01065,2026-03-19,R005,ANL10,50.0,3496.66,14,38,Close - False Positive,0,High-Value Wire,Wire,1,0,2026-03
ALT01066,2026-01-21,R005,ANL11,63.0,4030.3,17,25,Close - False Positive,0,High-Value Wire,Wire,1,0,2026-01
ALT01067,2026-07-10,R008,ANL12,57.0,45407.66,10,14,Close - False Positive,0,Dormant Account Reactivation,All,1,0,2026-07
ALT01068,2026-09-26,R003,ANL06,57.0,84754.72,6,13,Escalate to Case,1,Rapid Movement of Funds,ACH/P2P/Wire,0,1,2026-09
ALT01069,2026-06-21,R003,ANL01,69.0,16917.95,2,33,Close - False Positive,0,Rapid Movement of Funds,ACH/P2P/Wire,1,0,2026-06
ALT01070,2026-08-26,R006,ANL12,50.0,60948.58,12,39,Close - False Positive,0,P2P Funnel Activity,P2P,1,0,2026-08
ALT01071,2026-01-03,R008,ANL02,77.0,1409.71,24,30,Escalate to Case,0,Dormant Account Reactivation,All,0,1,2026-01
ALT01072,2026-04-08,R007,ANL07,62.0,21014.62,5,18,Close - Explained Activity,0,Cash Intensive Business,Cash,0,0,2026-04
ALT01073,2026-02-08,R008,ANL08,72.0,74498.64,3,51,Close - Explained Activity,0,Dormant Account Reactivation,All,0,0,2026-02
ALT01074,2026-08-16,R001,ANL01,61.0,25029.79,13,18,Close - False Positive,0,Structuring / Cash Activity,Cash,1,0,2026-08
ALT01075,2026-02-23,R001,ANL12,71.0,17008.02,8,32,Close - False Positive,0,Structuring / Cash Activity,Cash,1,0,2026-02
ALT01076,2026-03-27,R003,ANL01,49.0,9589.54,8,44,Escalate to Case,0,Rapid Movement of Funds,ACH/P2P/Wire,0,1,2026-03
ALT01077,2026-08-30,R002,ANL06,50.0,38820.85,8,56,Escalate to Case,0,High-Risk Jurisdiction Wire,Wire,0,1,2026-08
ALT01078,2026-08-11,R006,ANL02,80.0,74205.58,1,34,Close - Explained Activity,0,P2P Funnel Activity,P2P,0,0,2026-08
ALT01079,2026-06-27,R003,ANL06,61.0,134502.48,3,15,Close - Explained Activity,0,Rapid Movement of Funds,ACH/P2P/Wire,0,0,2026-06
ALT01080,2026-01-25,R002,ANL05,100.0,38901.94,5,24,Escalate to Case,0,High-Risk Jurisdiction Wire,Wire,0,1,2026-01
ALT01081,2026-08-23,R002,ANL01,66.0,26012.22,21,30,Close - Explained Activity,0,High-Risk Jurisdiction Wire,Wire,0,0,2026-08
ALT01082,2026-03-01,R004,ANL05,5.0,16305.97,8,42,Close - False Positive,0,Unusual Volume Increase,All,1,0,2026-03
ALT01083,2026-02-26,R004,ANL10,62.0,8823.54,12,19,Close - False Positive,0,Unusual Volume Increase,All,1,0,2026-02
ALT01084,2026-03-04,R007,ANL06,64.0,7745.21,8,39,Escalate to Case,0,Cash Intensive Business,Cash,0,1,2026-03
ALT01085,2026-06-29,R004,ANL05,55.0,85729.23,19,69,Close - Explained Activity,0,Unusual Volume Increase,All,0,0,2026-06
ALT01086,2026-07-01,R004,ANL01,58.0,2659.39,7,29,Close - False Positive,0,Unusual Volume Increase,All,1,0,2026-07
ALT01087,2026-01-20,R005,ANL07,35.0,2512.11,5,43,Escalate to Case,0,High-Value Wire,Wire,0,1,2026-01
ALT01088,2026-02-15,R005,ANL11,65.0,7409.9,29,58,Escalate to Case,0,High-Value Wire,Wire,0,1,2026-02
ALT01089,2026-04-16,R004,ANL02,70.0,96626.06,9,10,Escalate to Case,0,Unusual Volume Increase,All,0,1,2026-04
ALT01090,2026-08-13,R004,ANL01,75.0,30870.2,10,33,Close - False Positive,0,Unusual Volume Increase,All,1,0,2026-08
ALT01091,2026-01-23,R002,ANL08,72.0,9559.31,13,56,Close - False Positive,0,High-Risk Jurisdiction Wire,Wire,1,0,2026-01
ALT01092,2026-06-17,R003,ANL02,98.0,4501.86,7,38,Close - False Positive,0,Rapid Movement of Funds,ACH/P2P/Wire,1,0,2026-06
ALT01093,2026-06-17,R001,ANL03,72.0,57391.58,13,29,Close - False Positive,0,Structuring / Cash Activity,Cash,1,0,2026-06
ALT01094,2026-05-04,R005,ANL04,50.0,14799.24,10,24,Close - Explained Activity,0,High-Value Wire,Wire,0,0,2026-05
ALT01095,2026-07-16,R008,ANL06,61.0,27348.71,21,32,Close - False Positive,0,Dormant Account Reactivation,All,1,0,2026-07
ALT01096,2026-05-04,R002,ANL10,48.0,76316.05,18,23,Escalate to Case,0,High-Risk Jurisdiction Wire,Wire,0,1,2026-05
ALT01097,2026-07-02,R007,ANL10,94.0,42722.65,7,23,Close - False Positive,0,Cash Intensive Business,Cash,1,0,2026-07
ALT01098,2026-08-04,R003,ANL03,67.0,13495.27,14,54,Close - False Positive,0,Rapid Movement of Funds,ACH/P2P/Wire,1,0,2026-08
ALT01099,2026-06-13,R001,ANL05,51.0,105883.54,21,51,Close - False Positive,0,Structuring / Cash Activity,Cash,1,0,2026-06
ALT01100,2026-04-06,R006,ANL07,68.0,3178.01,6,36,Close - False Positive,0,P2P Funnel Activity,P2P,1,0,2026-04
ALT01101,2026-03-01,R003,ANL07,64.0,6894.36,12,37,Close - False Positive,0,Rapid Movement of Funds,ACH/P2P/Wire,1,0,2026-03
ALT01102,2026-08-27,R002,ANL08,83.0,59415.16,3,30,Escalate to Case,0,High-Risk Jurisdiction Wire,Wire,0,1,2026-08
ALT01103,2026-06-25,R007,ANL02,58.0,23173.92,3,33,Close - False Positive,0,Cash Intensive Business,Cash,1,0,2026-06
ALT01104,2026-08-28,R002,ANL04,49.0,48640.82,6,58,Close - False Positive,0,High-Risk Jurisdiction Wire,Wire,1,0,2026-08
ALT01105,2026-06-05,R005,ANL12,97.0,5838.23,6,26,Escalate to Case,0,High-Value Wire,Wire,0,1,2026-06
ALT01106,2026-07-13,R005,ANL08,62.0,22717.35,4,43,Close - False Positive,0,High-Value Wire,Wire,1,0,2026-07
ALT01107,2026-01-17,R005,ANL07,68.0,12422.88,20,42,Escalate to Case,0,High-Value Wire,Wire,0,1,2026-01
ALT01108,2026-01-25,R004,ANL01,100.0,11464.64,8,61,Escalate to Case,1,Unusual Volume Increase,All,0,1,2026-01
ALT01109,2026-06-27,R001,ANL08,61.0,40656.63,10,37,Close - False Positive,0,Structuring / Cash Activity,Cash,1,0,2026-06
ALT01110,2026-09-11,R004,ANL05,27.0,10765.15,7,25,Close - False Positive,0,Unusual Volume Increase,All,1,0,2026-09
ALT01111,2026-01-03,R006,ANL05,66.0,22457.12,15,29,Escalate to Case,0,P2P Funnel Activity,P2P,0,1,2026-01
ALT01112,2026-01-06,R003,ANL05,74.0,12362.73,26,45,Close - False Positive,0,Rapid Movement of Funds,ACH/P2P/Wire,1,0,2026-01
ALT01113,2026-07-01,R002,ANL03,73.0,59222.71,13,20,Close - False Positive,0,High-Risk Jurisdiction Wire,Wire,1,0,2026-07
ALT01114,2026-04-02,R006,ANL10,51.0,15334.38,11,16,Close - Explained Activity,0,P2P Funnel Activity,P2P,0,0,2026-04
ALT01115,2026-06-18,R001,ANL06,64.0,32807.41,5,22,Escalate to Case,0,Structuring / Cash Activity,Cash,0,1,2026-06
ALT01116,2026-02-23,R003,ANL05,73.0,13151.51,14,41,Close - False Positive,0,Rapid Movement of Funds,ACH/P2P/Wire,1,0,2026-02
ALT01117,2026-07-16,R001,ANL06,33.0,40633.23,11,41,Escalate to Case,0,Structuring / Cash Activity,Cash,0,1,2026-07
ALT01118,2026-04-23,R002,ANL05,99.0,21252.61,19,24,Escalate to Case,0,High-Risk Jurisdiction Wire,Wire,0,1,2026-04
ALT01119,2026-08-05,R006,ANL03,27.0,55733.7,3,29,Close - False Positive,0,P2P Funnel Activity,P2P,1,0,2026-08
ALT01120,2026-05-29,R005,ANL08,51.0,90677.35,14,43,Close - Explained Activity,0,High-Value Wire,Wire,0,0,2026-05
ALT01121,2026-04-28,R006,ANL08,59.0,171886.26,19,47,Escalate to Case,0,P2P Funnel Activity,P2P,0,1,2026-04
ALT01122,2026-06-18,R001,ANL10,63.0,9854.14,15,14,Close - False Positive,0,Structuring / Cash Activity,Cash,1,0,2026-06
ALT01123,2026-01-29,R001,ANL10,53.0,26513.72,15,50,Escalate to Case,0,Structuring / Cash Activity,Cash,0,1,2026-01
ALT01124,2026-06-20,R004,ANL07,59.0,2591.02,8,42,Close - False Positive,0,Unusual Volume Increase,All,1,0,2026-06
ALT01125,2026-02-28,R005,ANL03,60.0,6227.1,11,44,Escalate to Case,0,High-Value Wire,Wire,0,1,2026-02
ALT01126,2026-02-27,R005,ANL10,53.0,15706.9,8,19,Close - Explained Activity,0,High-Value Wire,Wire,0,0,2026-02
ALT01127,2026-04-19,R004,ANL05,35.0,12272.57,4,44,Close - False Positive,0,Unusual Volume Increase,All,1,0,2026-04
ALT01128,2026-02-12,R008,ANL06,52.0,18686.76,2,28,Close - False Positive,0,Dormant Account Reactivation,All,1,0,2026-02
ALT01129,2026-09-14,R004,ANL10,82.0,6482.23,8,32,Close - False Positive,0,Unusual Volume Increase,All,1,0,2026-09
ALT01130,2026-08-22,R004,ANL11,65.0,54152.59,10,21,Close - Explained Activity,0,Unusual Volume Increase,All,0,0,2026-08
ALT01131,2026-04-17,R003,ANL12,61.0,14988.44,6,53,Close - False Positive,0,Rapid Movement of Funds,ACH/P2P/Wire,1,0,2026-04
ALT01132,2026-07-06,R005,ANL06,48.0,61580.88,17,35,Escalate to Case,0,High-Value Wire,Wire,0,1,2026-07
ALT01133,2026-01-08,R005,ANL08,67.0,18164.13,8,52,Escalate to Case,0,High-Value Wire,Wire,0,1,2026-01
ALT01134,2026-03-06,R004,ANL09,66.0,19703.58,6,24,Close - False Positive,0,Unusual Volume Increase,All,1,0,2026-03
ALT01135,2026-04-19,R006,ANL08,51.0,179015.79,12,55,Close - Explained Activity,0,P2P Funnel Activity,P2P,0,0,2026-04
ALT01136,2026-03-26,R006,ANL11,63.0,160979.52,8,51,Close - False Positive,0,P2P Funnel Activity,P2P,1,0,2026-03
ALT01137,2026-08-19,R002,ANL05,44.0,22844.78,15,50,Close - Explained Activity,0,High-Risk Jurisdiction Wire,Wire,0,0,2026-08
ALT01138,2026-05-24,R005,ANL09,40.0,26969.49,1,49,Close - False Positive,0,High-Value Wire,Wire,1,0,2026-05
ALT01139,2026-08-17,R002,ANL04,51.0,106383.61,5,15,Close - False Positive,0,High-Risk Jurisdiction Wire,Wire,1,0,2026-08
ALT01140,2026-05-16,R002,ANL05,100.0,71841.42,6,39,Close - Explained Activity,0,High-Risk Jurisdiction Wire,Wire,0,0,2026-05
ALT01141,2026-07-18,R006,ANL04,45.0,19699.4,10,31,Close - False Positive,0,P2P Funnel Activity,P2P,1,0,2026-07
ALT01142,2026-07-15,R003,ANL05,63.0,32737.55,10,68,Escalate to Case,0,Rapid Movement of Funds,ACH/P2P/Wire,0,1,2026-07
ALT01143,2026-09-29,R007,ANL12,69.0,26703.7,9,41,Close - False Positive,0,Cash Intensive Business,Cash,1,0,2026-09
ALT01144,2026-05-14,R007,ANL12,77.0,56938.23,15,43,Escalate to Case,0,Cash Intensive Business,Cash,0,1,2026-05
ALT01145,2026-09-13,R002,ANL07,65.0,28141.97,5,38,Escalate to Case,0,High-Risk Jurisdiction Wire,Wire,0,1,2026-09
ALT01146,2026-09-29,R004,ANL08,57.0,49916.55,4,67,Close - False Positive,0,Unusual Volume Increase,All,1,0,2026-09
ALT01147,2026-08-11,R007,ANL11,74.0,9091.61,4,20,Escalate to Case,0,Cash Intensive Business,Cash,0,1,2026-08
ALT01148,2026-02-02,R003,ANL11,66.0,139930.18,6,46,Escalate to Case,0,Rapid Movement of Funds,ACH/P2P/Wire,0,1,2026-02
ALT01149,2026-09-06,R004,ANL03,51.0,60996.16,11,24,Close - False Positive,0,Unusual Volume Increase,All,1,0,2026-09
ALT01150,2026-06-25,R002,ANL05,23.0,25119.24,6,18,Close - False Positive,0,High-Risk Jurisdiction Wire,Wire,1,0,2026-06
ALT01151,2026-01-29,R005,ANL12,19.0,25388.34,5,43,Escalate to Case,0,High-Value Wire,Wire,0,1,2026-01
ALT01152,2026-01-15,R001,ANL04,28.0,5046.89,2,64,Close - False Positive,0,Structuring / Cash Activity,Cash,1,0,2026-01
ALT01153,2026-01-06,R002,ANL04,42.0,70310.51,3,58,Close - Explained Activity,0,High-Risk Jurisdiction Wire,Wire,0,0,2026-01
ALT01154,2026-05-23,R004,ANL09,59.0,52601.72,8,36,Close - False Positive,0,Unusual Volume Increase,All,1,0,2026-05
ALT01155,2026-04-07,R004,ANL04,52.0,7089.55,20,60,Close - False Positive,0,Unusual Volume Increase,All,1,0,2026-04
ALT01156,2026-05-28,R005,ANL08,62.0,92500.92,9,16,Escalate to Case,0,High-Value Wire,Wire,0,1,2026-05
ALT01157,2026-02-11,R005,ANL03,63.0,26318.38,6,8,Escalate to Case,0,High-Value Wire,Wire,0,1,2026-02
ALT01158,2026-08-01,R004,ANL02,60.0,127309.42,28,27,Close - False Positive,0,Unusual Volume Increase,All,1,0,2026-08
ALT01159,2026-01-22,R008,ANL03,44.0,22835.46,7,29,Close - Explained Activity,0,Dormant Account Reactivation,All,0,0,2026-01
ALT01160,2026-09-29,R005,ANL10,58.0,7398.61,9,19,Escalate to Case,1,High-Value Wire,Wire,0,1,2026-09
ALT01161,2026-05-30,R002,ANL03,32.0,9597.04,7,23,Close - False Positive,0,High-Risk Jurisdiction Wire,Wire,1,0,2026-05
ALT01162,2026-06-14,R005,ANL01,78.0,26059.84,10,48,Escalate to Case,0,High-Value Wire,Wire,0,1,2026-06
ALT01163,2026-01-29,R003,ANL04,68.0,73961.27,4,21,Close - Explained Activity,0,Rapid Movement of Funds,ACH/P2P/Wire,0,0,2026-01
ALT01164,2026-02-25,R005,ANL02,68.0,54355.5,10,38,Close - Explained Activity,0,High-Value Wire,Wire,0,0,2026-02
ALT01165,2026-08-20,R004,ANL04,75.0,56936.67,5,29,Close - False Positive,0,Unusual Volume Increase,All,1,0,2026-08
ALT01166,2026-01-02,R001,ANL03,20.0,9121.6,6,41,Close - False Positive,0,Structuring / Cash Activity,Cash,1,0,2026-01
ALT01167,2026-04-26,R006,ANL03,56.0,75209.78,12,55,Close - False Positive,0,P2P Funnel Activity,P2P,1,0,2026-04
ALT01168,2026-04-08,R003,ANL02,92.0,3177.59,1,57,Close - False Positive,0,Rapid Movement of Funds,ACH/P2P/Wire,1,0,2026-04
ALT01169,2026-08-05,R002,ANL05,72.0,87479.2,1,36,Close - False Positive,0,High-Risk Jurisdiction Wire,Wire,1,0,2026-08
ALT01170,2026-06-25,R003,ANL06,43.0,2880.01,5,34,Close - False Positive,0,Rapid Movement of Funds,ACH/P2P/Wire,1,0,2026-06
ALT01171,2026-04-06,R007,ANL07,51.0,16361.15,8,45,Close - False Positive,0,Cash Intensive Business,Cash,1,0,2026-04
ALT01172,2026-07-16,R003,ANL04,65.0,67914.8,5,24,Close - False Positive,0,Rapid Movement of Funds,ACH/P2P/Wire,1,0,2026-07
ALT01173,2026-08-19,R007,ANL01,72.0,17736.48,8,13,Close - False Positive,0,Cash Intensive Business,Cash,1,0,2026-08
ALT01174,2026-08-15,R008,ANL07,72.0,3840.0,9,41,Close - False Positive,0,Dormant Account Reactivation,All,1,0,2026-08
ALT01175,2026-03-13,R002,ANL03,37.0,88555.58,12,32,Close - False Positive,0,High-Risk Jurisdiction Wire,Wire,1,0,2026-03
ALT01176,2026-09-24,R001,ANL04,69.0,10827.91,16,8,Close - False Positive,0,Structuring / Cash Activity,Cash,1,0,2026-09
ALT01177,2026-02-26,R001,ANL05,42.0,18150.29,4,32,Close - False Positive,0,Structuring / Cash Activity,Cash,1,0,2026-02
ALT01178,2026-05-25,R003,ANL03,54.0,39583.63,7,36,Close - Explained Activity,0,Rapid Movement of Funds,ACH/P2P/Wire,0,0,2026-05
ALT01179,2026-06-12,R003,ANL02,60.0,1998.32,3,34,Escalate to Case,0,Rapid Movement of Funds,ACH/P2P/Wire,0,1,2026-06
ALT01180,2026-08-25,R001,ANL03,45.0,2505.37,30,42,Close - False Positive,0,Structuring / Cash Activity,Cash,1,0,2026-08
ALT01181,2026-02-10,R001,ANL08,47.0,37715.83,9,23,Escalate to Case,0,Structuring / Cash Activity,Cash,0,1,2026-02
ALT01182,2026-02-23,R005,ANL03,46.0,11552.11,5,31,Escalate to Case,0,High-Value Wire,Wire,0,1,2026-02
ALT01183,2026-05-18,R006,ANL02,28.0,14443.95,13,55,Close - False Positive,0,P2P Funnel Activity,P2P,1,0,2026-05
ALT01184,2026-08-15,R007,ANL11,55.0,4844.54,18,36,Escalate to Case,0,Cash Intensive Business,Cash,0,1,2026-08
ALT01185,2026-07-05,R002,ANL04,47.0,12746.63,11,41,Close - False Positive,0,High-Risk Jurisdiction Wire,Wire,1,0,2026-07
ALT01186,2026-04-06,R006,ANL06,85.0,11028.89,2,51,Close - False Positive,0,P2P Funnel Activity,P2P,1,0,2026-04
ALT01187,2026-07-30,R006,ANL08,45.0,16772.1,5,49,Escalate to Case,0,P2P Funnel Activity,P2P,0,1,2026-07
ALT01188,2026-06-15,R002,ANL09,56.0,6298.55,3,45,Close - False Positive,0,High-Risk Jurisdiction Wire,Wire,1,0,2026-06
ALT01189,2026-03-23,R001,ANL12,22.0,20480.09,3,36,Close - False Positive,0,Structuring / Cash Activity,Cash,1,0,2026-03
ALT01190,2026-09-12,R004,ANL04,47.0,477948.77,5,55,Close - False Positive,0,Unusual Volume Increase,All,1,0,2026-09
ALT01191,2026-02-07,R001,ANL02,27.0,20459.85,2,41,Escalate to Case,0,Structuring / Cash Activity,Cash,0,1,2026-02
ALT01192,2026-04-01,R004,ANL10,69.0,6110.38,9,25,Escalate to Case,0,Unusual Volume Increase,All,0,1,2026-04
ALT01193,2026-04-14,R001,ANL08,83.0,13648.81,2,36,Close - False Positive,0,Structuring / Cash Activity,Cash,1,0,2026-04
ALT01194,2026-04-22,R001,ANL03,92.0,140011.76,7,48,Close - False Positive,0,Structuring / Cash Activity,Cash,1,0,2026-04
ALT01195,2026-03-12,R002,ANL11,35.0,36042.72,7,53,Escalate to Case,0,High-Risk Jurisdiction Wire,Wire,0,1,2026-03
ALT01196,2026-04-27,R006,ANL12,34.0,33176.11,10,26,Close - False Positive,0,P2P Funnel Activity,P2P,1,0,2026-04
ALT01197,2026-03-27,R004,ANL09,100.0,34704.11,9,35,Close - False Positive,0,Unusual Volume Increase,All,1,0,2026-03
ALT01198,2026-02-12,R004,ANL12,43.0,34674.22,4,52,Close - False Positive,0,Unusual Volume Increase,All,1,0,2026-02
ALT01199,2026-07-04,R004,ANL12,32.0,21924.16,1,54,Close - False Positive,0,Unusual Volume Increase,All,1,0,2026-07
ALT01200,2026-07-19,R005,ANL02,62.0,22815.54,10,37,Close - False Positive,0,High-Value Wire,Wire,1,0,2026-07
ALT01201,2026-01-15,R003,ANL10,57.0,4783.02,1,51,Close - False Positive,0,Rapid Movement of Funds,ACH/P2P/Wire,1,0,2026-01
ALT01202,2026-01-12,R007,ANL05,71.0,24370.39,8,46,Close - False Positive,0,Cash Intensive Business,Cash,1,0,2026-01
ALT01203,2026-08-28,R008,ANL06,75.0,106025.9,17,29,Escalate to Case,1,Dormant Account Reactivation,All,0,1,2026-08
ALT01204,2026-09-02,R006,ANL07,51.0,36144.41,8,33,Escalate to Case,0,P2P Funnel Activity,P2P,0,1,2026-09
ALT01205,2026-01-17,R003,ANL05,52.0,40812.02,8,17,Close - Explained Activity,0,Rapid Movement of Funds,ACH/P2P/Wire,0,0,2026-01
ALT01206,2026-07-28,R002,ANL09,66.0,26409.56,9,19,Close - False Positive,0,High-Risk Jurisdiction Wire,Wire,1,0,2026-07
ALT01207,2026-01-10,R006,ANL07,73.0,129305.35,8,32,Close - False Positive,0,P2P Funnel Activity,P2P,1,0,2026-01
ALT01208,2026-03-17,R003,ANL09,50.0,5179.18,4,23,Close - False Positive,0,Rapid Movement of Funds,ACH/P2P/Wire,1,0,2026-03
ALT01209,2026-03-09,R003,ANL09,51.0,13468.77,5,41,Close - False Positive,0,Rapid Movement of Funds,ACH/P2P/Wire,1,0,2026-03
ALT01210,2026-08-24,R006,ANL07,40.0,6600.42,11,51,Close - False Positive,0,P2P Funnel Activity,P2P,1,0,2026-08
ALT01211,2026-02-13,R004,ANL10,35.0,140407.75,10,40,Close - Explained Activity,0,Unusual Volume Increase,All,0,0,2026-02
ALT01212,2026-07-31,R004,ANL09,93.0,20953.99,19,39,Escalate to Case,0,Unusual Volume Increase,All,0,1,2026-07
ALT01213,2026-07-12,R007,ANL10,50.0,18507.92,10,35,Close - False Positive,0,Cash Intensive Business,Cash,1,0,2026-07
ALT01214,2026-07-20,R001,ANL03,71.0,17722.02,10,23,Close - False Positive,0,Structuring / Cash Activity,Cash,1,0,2026-07
ALT01215,2026-06-07,R005,ANL12,55.0,10153.76,4,30,Close - Explained Activity,0,High-Value Wire,Wire,0,0,2026-06
ALT01216,2026-05-02,R006,ANL06,64.0,4715.41,2,52,Close - Explained Activity,0,P2P Funnel Activity,P2P,0,0,2026-05
ALT01217,2026-09-17,R002,ANL03,79.0,2459.9,11,45,Close - Explained Activity,0,High-Risk Jurisdiction Wire,Wire,0,0,2026-09
ALT01218,2026-07-10,R001,ANL03,46.0,16011.06,16,43,Close - False Positive,0,Structuring / Cash Activity,Cash,1,0,2026-07
ALT01219,2026-04-25,R005,ANL08,38.0,171297.83,9,47,Escalate to Case,1,High-Value Wire,Wire,0,1,2026-04
ALT01220,2026-08-10,R007,ANL10,58.0,2458.11,13,45,Escalate to Case,0,Cash Intensive Business,Cash,0,1,2026-08
ALT01221,2026-06-08,R002,ANL08,46.0,75464.78,16,40,Escalate to Case,0,High-Risk Jurisdiction Wire,Wire,0,1,2026-06
ALT01222,2026-09-30,R006,ANL06,35.0,25587.4,7,37,Escalate to Case,0,P2P Funnel Activity,P2P,0,1,2026-09
ALT01223,2026-02-19,R004,ANL11,38.0,58368.03,8,46,Escalate to Case,0,Unusual Volume Increase,All,0,1,2026-02
ALT01224,2026-03-30,R001,ANL11,41.0,40425.68,7,28,Close - False Positive,0,Structuring / Cash Activity,Cash,1,0,2026-03
ALT01225,2026-08-30,R002,ANL04,89.0,120378.48,2,19,Close - False Positive,0,High-Risk Jurisdiction Wire,Wire,1,0,2026-08
ALT01226,2026-04-16,R007,ANL01,72.0,5359.64,6,31,Close - False Positive,0,Cash Intensive Business,Cash,1,0,2026-04
ALT01227,2026-08-26,R004,ANL03,46.0,112587.04,11,39,Close - False Positive,0,Unusual Volume Increase,All,1,0,2026-08
ALT01228,2026-04-11,R008,ANL04,56.0,32869.24,14,78,Close - False Positive,0,Dormant Account Reactivation,All,1,0,2026-04
ALT01229,2026-02-15,R002,ANL01,41.0,26048.25,4,42,Close - False Positive,0,High-Risk Jurisdiction Wire,Wire,1,0,2026-02
ALT01230,2026-05-29,R001,ANL05,92.0,137753.29,22,55,Escalate to Case,0,Structuring / Cash Activity,Cash,0,1,2026-05
ALT01231,2026-02-24,R008,ANL10,40.0,134841.85,4,32,Close - False Positive,0,Dormant Account Reactivation,All,1,0,2026-02
ALT01232,2026-07-27,R002,ANL01,33.0,11933.57,3,53,Close - False Positive,0,High-Risk Jurisdiction Wire,Wire,1,0,2026-07
ALT01233,2026-07-17,R002,ANL10,67.0,34625.67,5,22,Escalate to Case,0,High-Risk Jurisdiction Wire,Wire,0,1,2026-07
ALT01234,2026-03-21,R003,ANL12,51.0,15969.57,5,49,Escalate to Case,0,Rapid Movement of Funds,ACH/P2P/Wire,0,1,2026-03
ALT01235,2026-07-07,R006,ANL02,43.0,17638.22,6,16,Escalate to Case,0,P2P Funnel Activity,P2P,0,1,2026-07
ALT01236,2026-04-20,R007,ANL04,80.0,30446.79,14,62,Close - False Positive,0,Cash Intensive Business,Cash,1,0,2026-04
ALT01237,2026-03-28,R006,ANL11,48.0,76146.3,8,61,Close - False Positive,0,P2P Funnel Activity,P2P,1,0,2026-03
ALT01238,2026-04-28,R008,ANL05,22.0,28057.29,8,8,Close - False Positive,0,Dormant Account Reactivation,All,1,0,2026-04
ALT01239,2026-08-03,R003,ANL02,51.0,6956.44,16,51,Escalate to Case,0,Rapid Movement of Funds,ACH/P2P/Wire,0,1,2026-08
ALT01240,2026-09-01,R002,ANL03,35.0,15475.55,4,39,Escalate to Case,0,High-Risk Jurisdiction Wire,Wire,0,1,2026-09
ALT01241,2026-01-02,R007,ANL09,61.0,29656.49,13,13,Escalate to Case,0,Cash Intensive Business,Cash,0,1,2026-01
ALT01242,2026-07-27,R005,ANL06,77.0,5753.39,4,40,Escalate to Case,0,High-Value Wire,Wire,0,1,2026-07
ALT01243,2026-05-12,R002,ANL03,48.0,12024.35,7,47,Close - Explained Activity,0,High-Risk Jurisdiction Wire,Wire,0,0,2026-05
ALT01244,2026-06-13,R001,ANL02,59.0,26031.97,15,49,Close - Explained Activity,0,Structuring / Cash Activity,Cash,0,0,2026-06
ALT01245,2026-03-11,R001,ANL09,47.0,12980.4,16,23,Close - False Positive,0,Structuring / Cash Activity,Cash,1,0,2026-03
ALT01246,2026-02-09,R001,ANL09,62.0,10610.62,9,36,Close - False Positive,0,Structuring / Cash Activity,Cash,1,0,2026-02
ALT01247,2026-09-19,R001,ANL11,41.0,27938.0,7,40,Close - False Positive,0,Structuring / Cash Activity,Cash,1,0,2026-09
ALT01248,2026-09-22,R005,ANL03,52.0,8790.27,11,57,Escalate to Case,0,High-Value Wire,Wire,0,1,2026-09
ALT01249,2026-05-06,R004,ANL08,41.0,6022.16,7,21,Close - False Positive,0,Unusual Volume Increase,All,1,0,2026-05
ALT01250,2026-08-01,R008,ANL09,42.0,28836.25,16,25,Close - Explained Activity,0,Dormant Account Reactivation,All,0,0,2026-08
ALT01251,2026-02-17,R006,ANL10,66.0,10825.37,4,46,Close - False Positive,0,P2P Funnel Activity,P2P,1,0,2026-02
ALT01252,2026-03-21,R001,ANL01,55.0,24493.99,8,51,Close - False Positive,0,Structuring / Cash Activity,Cash,1,0,2026-03
ALT01253,2026-09-12,R004,ANL01,73.0,128082.74,8,8,Close - False Positive,0,Unusual Volume Increase,All,1,0,2026-09
ALT01254,2026-01-04,R003,ANL08,38.0,5110.73,10,24,Close - False Positive,0,Rapid Movement of Funds,ACH/P2P/Wire,1,0,2026-01
ALT01255,2026-07-08,R007,ANL08,67.0,17129.32,7,59,Close - False Positive,0,Cash Intensive Business,Cash,1,0,2026-07
ALT01256,2026-01-09,R005,ANL03,55.0,283151.01,4,27,Escalate to Case,0,High-Value Wire,Wire,0,1,2026-01
ALT01257,2026-03-29,R004,ANL10,38.0,89464.69,4,8,Close - False Positive,0,Unusual Volume Increase,All,1,0,2026-03
ALT01258,2026-05-06,R003,ANL10,45.0,74680.25,3,29,Escalate to Case,1,Rapid Movement of Funds,ACH/P2P/Wire,0,1,2026-05
ALT01259,2026-09-28,R003,ANL01,39.0,11582.74,21,48,Close - False Positive,0,Rapid Movement of Funds,ACH/P2P/Wire,1,0,2026-09
ALT01260,2026-04-15,R003,ANL05,62.0,19401.96,11,50,Close - False Positive,0,Rapid Movement of Funds,ACH/P2P/Wire,1,0,2026-04
ALT01261,2026-09-09,R005,ANL07,45.0,11838.78,8,36,Escalate to Case,0,High-Value Wire,Wire,0,1,2026-09
ALT01262,2026-02-27,R004,ANL04,68.0,41545.73,12,24,Escalate to Case,0,Unusual Volume Increase,All,0,1,2026-02
ALT01263,2026-05-29,R007,ANL12,52.0,12541.06,8,35,Close - False Positive,0,Cash Intensive Business,Cash,1,0,2026-05
ALT01264,2026-08-02,R004,ANL09,78.0,5049.79,14,10,Close - False Positive,0,Unusual Volume Increase,All,1,0,2026-08
ALT01265,2026-09-07,R007,ANL10,65.0,104094.31,3,45,Close - False Positive,0,Cash Intensive Business,Cash,1,0,2026-09
ALT01266,2026-09-09,R003,ANL03,59.0,19760.23,4,52,Close - False Positive,0,Rapid Movement of Funds,ACH/P2P/Wire,1,0,2026-09
ALT01267,2026-03-14,R004,ANL07,35.0,6748.35,7,46,Close - False Positive,0,Unusual Volume Increase,All,1,0,2026-03
ALT01268,2026-09-26,R002,ANL10,76.0,31770.21,21,20,Escalate to Case,0,High-Risk Jurisdiction Wire,Wire,0,1,2026-09
ALT01269,2026-05-11,R007,ANL03,60.0,25110.97,22,22,Close - False Positive,0,Cash Intensive Business,Cash,1,0,2026-05
ALT01270,2026-08-08,R006,ANL04,87.0,17953.6,4,40,Close - False Positive,0,P2P Funnel Activity,P2P,1,0,2026-08
ALT01271,2026-07-18,R002,ANL01,82.0,43937.09,17,54,Escalate to Case,0,High-Risk Jurisdiction Wire,Wire,0,1,2026-07
ALT01272,2026-05-08,R005,ANL05,66.0,13667.03,3,46,Escalate to Case,0,High-Value Wire,Wire,0,1,2026-05
ALT01273,2026-03-22,R004,ANL07,85.0,48466.58,3,34,Close - False Positive,0,Unusual Volume Increase,All,1,0,2026-03
ALT01274,2026-03-12,R005,ANL08,57.0,36266.92,6,34,Escalate to Case,0,High-Value Wire,Wire,0,1,2026-03
ALT01275,2026-03-29,R003,ANL08,68.0,4974.35,16,50,Close - False Positive,0,Rapid Movement of Funds,ACH/P2P/Wire,1,0,2026-03
ALT01276,2026-08-24,R007,ANL12,41.0,9329.79,6,50,Close - False Positive,0,Cash Intensive Business,Cash,1,0,2026-08
ALT01277,2026-01-28,R004,ANL01,100.0,22448.66,4,28,Escalate to Case,0,Unusual Volume Increase,All,0,1,2026-01
ALT01278,2026-01-26,R001,ANL07,50.0,13994.9,7,37,Close - False Positive,0,Structuring / Cash Activity,Cash,1,0,2026-01
ALT01279,2026-07-29,R003,ANL11,11.0,30205.16,19,25,Escalate to Case,0,Rapid Movement of Funds,ACH/P2P/Wire,0,1,2026-07
ALT01280,2026-05-30,R005,ANL01,75.0,36387.05,3,12,Close - False Positive,0,High-Value Wire,Wire,1,0,2026-05
ALT01281,2026-01-19,R004,ANL10,38.0,32625.14,19,45,Close - False Positive,0,Unusual Volume Increase,All,1,0,2026-01
ALT01282,2026-08-11,R001,ANL12,50.0,7980.52,15,33,Close - False Positive,0,Structuring / Cash Activity,Cash,1,0,2026-08
ALT01283,2026-01-11,R001,ANL08,94.0,24013.33,6,25,Escalate to Case,0,Structuring / Cash Activity,Cash,0,1,2026-01
ALT01284,2026-04-26,R008,ANL11,52.0,32733.76,5,8,Close - Explained Activity,0,Dormant Account Reactivation,All,0,0,2026-04
ALT01285,2026-09-12,R001,ANL08,23.0,41021.38,6,32,Close - False Positive,0,Structuring / Cash Activity,Cash,1,0,2026-09
ALT01286,2026-01-05,R001,ANL01,68.0,21601.26,3,25,Close - False Positive,0,Structuring / Cash Activity,Cash,1,0,2026-01
ALT01287,2026-03-18,R006,ANL12,88.0,26329.34,5,39,Escalate to Case,0,P2P Funnel Activity,P2P,0,1,2026-03
ALT01288,2026-06-05,R001,ANL10,81.0,7109.35,2,64,Close - False Positive,0,Structuring / Cash Activity,Cash,1,0,2026-06
ALT01289,2026-04-25,R007,ANL07,47.0,85375.04,21,44,Escalate to Case,0,Cash Intensive Business,Cash,0,1,2026-04
ALT01290,2026-02-21,R003,ANL04,44.0,9990.82,8,44,Close - False Positive,0,Rapid Movement of Funds,ACH/P2P/Wire,1,0,2026-02
ALT01291,2026-04-06,R005,ANL02,41.0,91871.14,17,60,Close - False Positive,0,High-Value Wire,Wire,1,0,2026-04
ALT01292,2026-09-14,R001,ANL06,67.0,1103.18,12,38,Escalate to Case,0,Structuring / Cash Activity,Cash,0,1,2026-09
ALT01293,2026-04-06,R003,ANL10,38.0,45987.78,4,31,Close - False Positive,0,Rapid Movement of Funds,ACH/P2P/Wire,1,0,2026-04
ALT01294,2026-07-06,R002,ANL03,19.0,10913.59,1,63,Close - False Positive,0,High-Risk Jurisdiction Wire,Wire,1,0,2026-07
ALT01295,2026-06-18,R001,ANL05,34.0,158973.55,12,72,Close - False Positive,0,Structuring / Cash Activity,Cash,1,0,2026-06
ALT01296,2026-06-09,R005,ANL04,57.0,213090.49,4,59,Escalate to Case,0,High-Value Wire,Wire,0,1,2026-06
ALT01297,2026-08-04,R007,ANL04,68.0,18417.57,10,22,Escalate to Case,0,Cash Intensive Business,Cash,0,1,2026-08
ALT01298,2026-04-08,R001,ANL08,61.0,45995.24,13,27,Escalate to Case,0,Structuring / Cash Activity,Cash,0,1,2026-04
ALT01299,2026-07-20,R001,ANL01,57.0,2354.92,6,43,Close - False Positive,0,Structuring / Cash Activity,Cash,1,0,2026-07
ALT01300,2026-03-21,R001,ANL03,92.0,50460.59,11,59,Escalate to Case,0,Structuring / Cash Activity,Cash,0,1,2026-03
ALT01301,2026-06-26,R006,ANL05,53.0,10518.86,9,8,Close - False Positive,0,P2P Funnel Activity,P2P,1,0,2026-06
ALT01302,2026-09-27,R004,ANL11,59.0,14071.16,4,55,Close - False Positive,0,Unusual Volume Increase,All,1,0,2026-09
ALT01303,2026-02-01,R001,ANL04,40.0,48265.42,3,40,Close - Explained Activity,0,Structuring / Cash Activity,Cash,0,0,2026-02
ALT01304,2026-02-11,R002,ANL08,34.0,99576.33,3,56,Escalate to Case,0,High-Risk Jurisdiction Wire,Wire,0,1,2026-02
ALT01305,2026-03-25,R007,ANL02,54.0,16365.24,6,13,Escalate to Case,0,Cash Intensive Business,Cash,0,1,2026-03
ALT01306,2026-09-29,R003,ANL07,73.0,66471.6,15,33,Close - False Positive,0,Rapid Movement of Funds,ACH/P2P/Wire,1,0,2026-09
ALT01307,2026-09-27,R003,ANL06,54.0,30121.1,11,18,Escalate to Case,1,Rapid Movement of Funds,ACH/P2P/Wire,0,1,2026-09
ALT01308,2026-04-12,R006,ANL10,72.0,1859.22,6,27,Close - Explained Activity,0,P2P Funnel Activity,P2P,0,0,2026-04
ALT01309,2026-03-15,R003,ANL11,39.0,17565.27,9,36,Escalate to Case,0,Rapid Movement of Funds,ACH/P2P/Wire,0,1,2026-03
ALT01310,2026-04-23,R007,ANL04,57.0,82153.23,9,61,Escalate to Case,0,Cash Intensive Business,Cash,0,1,2026-04
ALT01311,2026-08-14,R002,ANL05,79.0,14767.47,9,38,Escalate to Case,0,High-Risk Jurisdiction Wire,Wire,0,1,2026-08
ALT01312,2026-04-18,R008,ANL07,27.0,117166.6,7,33,Close - False Positive,0,Dormant Account Reactivation,All,1,0,2026-04
ALT01313,2026-02-22,R002,ANL03,23.0,8565.4,2,45,Close - False Positive,0,High-Risk Jurisdiction Wire,Wire,1,0,2026-02
ALT01314,2026-06-10,R008,ANL06,54.0,32121.91,12,50,Close - False Positive,0,Dormant Account Reactivation,All,1,0,2026-06
ALT01315,2026-04-04,R004,ANL06,40.0,31509.16,6,63,Close - False Positive,0,Unusual Volume Increase,All,1,0,2026-04
ALT01316,2026-02-03,R005,ANL01,53.0,211127.67,5,36,Escalate to Case,0,High-Value Wire,Wire,0,1,2026-02
ALT01317,2026-03-28,R004,ANL02,94.0,2283.07,2,42,Close - False Positive,0,Unusual Volume Increase,All,1,0,2026-03
ALT01318,2026-05-05,R008,ANL05,70.0,24936.26,10,29,Close - False Positive,0,Dormant Account Reactivation,All,1,0,2026-05
ALT01319,2026-09-17,R006,ANL11,75.0,3725.7,6,60,Close - False Positive,0,P2P Funnel Activity,P2P,1,0,2026-09
ALT01320,2026-04-13,R003,ANL05,66.0,34198.47,10,24,Close - False Positive,0,Rapid Movement of Funds,ACH/P2P/Wire,1,0,2026-04
ALT01321,2026-09-28,R007,ANL04,78.0,25791.98,17,25,Escalate to Case,0,Cash Intensive Business,Cash,0,1,2026-09
ALT01322,2026-08-05,R001,ANL04,71.0,73806.24,4,50,Close - Explained Activity,0,Structuring / Cash Activity,Cash,0,0,2026-08
ALT01323,2026-03-03,R004,ANL11,76.0,39411.73,6,41,Close - False Positive,0,Unusual Volume Increase,All,1,0,2026-03
ALT01324,2026-04-25,R002,ANL02,98.0,13449.49,13,51,Close - False Positive,0,High-Risk Jurisdiction Wire,Wire,1,0,2026-04
ALT01325,2026-01-24,R003,ANL02,57.0,56033.17,6,29,Escalate to Case,1,Rapid Movement of Funds,ACH/P2P/Wire,0,1,2026-01
ALT01326,2026-05-23,R003,ANL09,38.0,3339.86,14,43,Close - False Positive,0,Rapid Movement of Funds,ACH/P2P/Wire,1,0,2026-05
ALT01327,2026-05-26,R003,ANL04,31.0,120384.23,5,53,Close - False Positive,0,Rapid Movement of Funds,ACH/P2P/Wire,1,0,2026-05
ALT01328,2026-08-22,R006,ANL09,78.0,18887.61,2,26,Close - False Positive,0,P2P Funnel Activity,P2P,1,0,2026-08
ALT01329,2026-03-28,R002,ANL12,74.0,5070.31,11,33,Escalate to Case,0,High-Risk Jurisdiction Wire,Wire,0,1,2026-03
ALT01330,2026-09-07,R003,ANL10,68.0,46375.13,2,65,Close - False Positive,0,Rapid Movement of Funds,ACH/P2P/Wire,1,0,2026-09
ALT01331,2026-03-31,R001,ANL05,51.0,55112.77,25,45,Escalate to Case,0,Structuring / Cash Activity,Cash,0,1,2026-03
ALT01332,2026-05-16,R001,ANL01,68.0,72680.62,7,45,Escalate to Case,0,Structuring / Cash Activity,Cash,0,1,2026-05
ALT01333,2026-02-11,R006,ANL01,73.0,5443.8,10,39,Close - False Positive,0,P2P Funnel Activity,P2P,1,0,2026-02
ALT01334,2026-07-28,R003,ANL12,53.0,4601.32,12,62,Escalate to Case,0,Rapid Movement of Funds,ACH/P2P/Wire,0,1,2026-07
ALT01335,2026-06-20,R002,ANL09,56.0,65602.78,6,47,Close - False Positive,0,High-Risk Jurisdiction Wire,Wire,1,0,2026-06
ALT01336,2026-09-24,R006,ANL07,56.0,10045.88,6,41,Close - False Positive,0,P2P Funnel Activity,P2P,1,0,2026-09
ALT01337,2026-03-27,R001,ANL02,73.0,19682.73,7,27,Close - False Positive,0,Structuring / Cash Activity,Cash,1,0,2026-03
ALT01338,2026-05-10,R004,ANL09,51.0,166403.33,2,38,Close - False Positive,0,Unusual Volume Increase,All,1,0,2026-05
ALT01339,2026-09-23,R003,ANL04,73.0,62951.08,5,50,Close - Explained Activity,0,Rapid Movement of Funds,ACH/P2P/Wire,0,0,2026-09
ALT01340,2026-05-24,R001,ANL01,72.0,12291.96,12,47,Close - False Positive,0,Structuring / Cash Activity,Cash,1,0,2026-05
ALT01341,2026-08-01,R003,ANL11,100.0,107450.1,2,44,Close - False Positive,0,Rapid Movement of Funds,ACH/P2P/Wire,1,0,2026-08
ALT01342,2026-02-07,R006,ANL02,31.0,18064.88,6,18,Close - Explained Activity,0,P2P Funnel Activity,P2P,0,0,2026-02
ALT01343,2026-04-28,R005,ANL12,53.0,33162.4,9,30,Close - False Positive,0,High-Value Wire,Wire,1,0,2026-04
ALT01344,2026-02-12,R001,ANL10,57.0,24260.58,4,25,Close - Explained Activity,0,Structuring / Cash Activity,Cash,0,0,2026-02
ALT01345,2026-08-11,R003,ANL07,34.0,15867.64,19,8,Escalate to Case,0,Rapid Movement of Funds,ACH/P2P/Wire,0,1,2026-08
ALT01346,2026-06-06,R002,ANL11,46.0,8822.54,15,40,Close - Explained Activity,0,High-Risk Jurisdiction Wire,Wire,0,0,2026-06
ALT01347,2026-04-07,R003,ANL01,49.0,12881.72,11,49,Close - False Positive,0,Rapid Movement of Funds,ACH/P2P/Wire,1,0,2026-04
ALT01348,2026-09-28,R003,ANL10,22.0,16582.61,14,34,Close - False Positive,0,Rapid Movement of Funds,ACH/P2P/Wire,1,0,2026-09
ALT01349,2026-04-21,R002,ANL10,43.0,24018.86,8,25,Escalate to Case,0,High-Risk Jurisdiction Wire,Wire,0,1,2026-04
ALT01350,2026-01-21,R007,ANL06,72.0,7862.0,5,44,Close - False Positive,0,Cash Intensive Business,Cash,1,0,2026-01
ALT01351,2026-04-26,R007,ANL06,68.0,19342.56,5,29,Close - False Positive,0,Cash Intensive Business,Cash,1,0,2026-04
ALT01352,2026-04-09,R002,ANL12,47.0,24183.75,8,50,Close - False Positive,0,High-Risk Jurisdiction Wire,Wire,1,0,2026-04
ALT01353,2026-06-13,R005,ANL01,71.0,34270.84,10,31,Close - False Positive,0,High-Value Wire,Wire,1,0,2026-06
ALT01354,2026-09-25,R002,ANL06,65.0,60623.38,8,38,Close - False Positive,0,High-Risk Jurisdiction Wire,Wire,1,0,2026-09
ALT01355,2026-01-02,R003,ANL06,64.0,71864.12,7,44,Close - False Positive,0,Rapid Movement of Funds,ACH/P2P/Wire,1,0,2026-01
ALT01356,2026-09-06,R002,ANL07,41.0,190849.83,5,11,Escalate to Case,0,High-Risk Jurisdiction Wire,Wire,0,1,2026-09
ALT01357,2026-09-25,R001,ANL03,55.0,209696.87,9,16,Close - False Positive,0,Structuring / Cash Activity,Cash,1,0,2026-09
ALT01358,2026-01-05,R005,ANL09,72.0,34518.57,5,18,Escalate to Case,0,High-Value Wire,Wire,0,1,2026-01
ALT01359,2026-01-24,R004,ANL05,47.0,25252.71,9,28,Escalate to Case,0,Unusual Volume Increase,All,0,1,2026-01
ALT01360,2026-05-25,R004,ANL06,79.0,33057.96,6,66,Close - False Positive,0,Unusual Volume Increase,All,1,0,2026-05
ALT01361,2026-06-26,R001,ANL10,67.0,6720.87,2,51,Escalate to Case,0,Structuring / Cash Activity,Cash,0,1,2026-06
ALT01362,2026-09-08,R005,ANL01,68.0,6484.86,16,32,Close - False Positive,0,High-Value Wire,Wire,1,0,2026-09
ALT01363,2026-07-22,R007,ANL03,57.0,37754.43,14,45,Close - False Positive,0,Cash Intensive Business,Cash,1,0,2026-07
ALT01364,2026-08-04,R001,ANL10,37.0,23934.48,12,31,Escalate to Case,1,Structuring / Cash Activity,Cash,0,1,2026-08
ALT01365,2026-03-02,R002,ANL03,52.0,24185.21,8,10,Escalate to Case,0,High-Risk Jurisdiction Wire,Wire,0,1,2026-03
ALT01366,2026-06-10,R001,ANL01,70.0,53952.47,6,21,Close - Explained Activity,0,Structuring / Cash Activity,Cash,0,0,2026-06
ALT01367,2026-02-14,R004,ANL07,60.0,2538.23,5,44,Close - False Positive,0,Unusual Volume Increase,All,1,0,2026-02
ALT01368,2026-01-09,R004,ANL10,54.0,13822.39,8,47,Close - False Positive,0,Unusual Volume Increase,All,1,0,2026-01
ALT01369,2026-01-03,R005,ANL10,21.0,22136.11,19,28,Close - False Positive,0,High-Value Wire,Wire,1,0,2026-01
ALT01370,2026-01-08,R003,ANL08,62.0,25335.68,12,12,Escalate to Case,0,Rapid Movement of Funds,ACH/P2P/Wire,0,1,2026-01
ALT01371,2026-09-07,R004,ANL09,68.0,28481.77,11,60,Close - Explained Activity,0,Unusual Volume Increase,All,0,0,2026-09
ALT01372,2026-02-15,R002,ANL08,59.0,133449.31,8,42,Close - False Positive,0,High-Risk Jurisdiction Wire,Wire,1,0,2026-02
ALT01373,2026-08-07,R003,ANL11,75.0,55775.29,16,45,Escalate to Case,0,Rapid Movement of Funds,ACH/P2P/Wire,0,1,2026-08
ALT01374,2026-09-13,R006,ANL12,44.0,21950.98,4,27,Close - False Positive,0,P2P Funnel Activity,P2P,1,0,2026-09
ALT01375,2026-01-16,R002,ANL02,60.0,89423.65,4,39,Close - False Positive,0,High-Risk Jurisdiction Wire,Wire,1,0,2026-01
ALT01376,2026-09-24,R001,ANL06,56.0,171551.24,22,70,Close - False Positive,0,Structuring / Cash Activity,Cash,1,0,2026-09
ALT01377,2026-09-28,R004,ANL04,58.0,7902.45,24,44,Close - False Positive,0,Unusual Volume Increase,All,1,0,2026-09
ALT01378,2026-05-22,R005,ANL08,61.0,46603.64,9,66,Close - False Positive,0,High-Value Wire,Wire,1,0,2026-05
ALT01379,2026-07-11,R004,ANL10,43.0,26354.56,26,24,Escalate to Case,0,Unusual Volume Increase,All,0,1,2026-07
ALT01380,2026-05-05,R003,ANL11,78.0,4665.39,26,50,Close - Explained Activity,0,Rapid Movement of Funds,ACH/P2P/Wire,0,0,2026-05
ALT01381,2026-06-02,R003,ANL03,50.0,15698.35,7,35,Close - Explained Activity,0,Rapid Movement of Funds,ACH/P2P/Wire,0,0,2026-06
ALT01382,2026-02-03,R006,ANL03,44.0,44779.82,5,60,Close - Explained Activity,0,P2P Funnel Activity,P2P,0,0,2026-02
ALT01383,2026-04-15,R003,ANL06,91.0,223627.56,4,31,Escalate to Case,0,Rapid Movement of Funds,ACH/P2P/Wire,0,1,2026-04
ALT01384,2026-02-10,R003,ANL08,51.0,56889.05,8,25,Close - False Positive,0,Rapid Movement of Funds,ACH/P2P/Wire,1,0,2026-02
ALT01385,2026-03-14,R002,ANL12,48.0,19358.9,18,30,Close - Explained Activity,0,High-Risk Jurisdiction Wire,Wire,0,0,2026-03
ALT01386,2026-07-05,R002,ANL06,82.0,144442.85,35,52,Close - False Positive,0,High-Risk Jurisdiction Wire,Wire,1,0,2026-07
ALT01387,2026-08-21,R002,ANL12,89.0,176257.92,6,43,Escalate to Case,0,High-Risk Jurisdiction Wire,Wire,0,1,2026-08
ALT01388,2026-05-06,R004,ANL10,60.0,57079.59,2,30,Close - False Positive,0,Unusual Volume Increase,All,1,0,2026-05
ALT01389,2026-02-06,R006,ANL04,69.0,21893.13,9,28,Escalate to Case,0,P2P Funnel Activity,P2P,0,1,2026-02
ALT01390,2026-03-12,R006,ANL05,66.0,23503.22,17,53,Close - False Positive,0,P2P Funnel Activity,P2P,1,0,2026-03
ALT01391,2026-07-25,R006,ANL03,43.0,84060.77,19,24,Close - False Positive,0,P2P Funnel Activity,P2P,1,0,2026-07
ALT01392,2026-08-31,R008,ANL11,49.0,14604.97,2,38,Close - Explained Activity,0,Dormant Account Reactivation,All,0,0,2026-08
ALT01393,2026-06-02,R006,ANL05,53.0,87945.98,10,53,Escalate to Case,1,P2P Funnel Activity,P2P,0,1,2026-06
ALT01394,2026-07-17,R004,ANL07,70.0,3015.86,6,37,Escalate to Case,0,Unusual Volume Increase,All,0,1,2026-07
ALT01395,2026-02-05,R008,ANL06,74.0,25359.38,5,47,Close - False Positive,0,Dormant Account Reactivation,All,1,0,2026-02
ALT01396,2026-07-23,R006,ANL05,68.0,58063.87,5,11,Close - False Positive,0,P2P Funnel Activity,P2P,1,0,2026-07
ALT01397,2026-05-03,R001,ANL03,57.0,16744.8,5,42,Close - False Positive,0,Structuring / Cash Activity,Cash,1,0,2026-05
ALT01398,2026-09-15,R005,ANL01,59.0,18312.84,2,52,Close - Explained Activity,0,High-Value Wire,Wire,0,0,2026-09
ALT01399,2026-05-06,R005,ANL06,42.0,20345.36,1,62,Escalate to Case,0,High-Value Wire,Wire,0,1,2026-05
ALT01400,2026-04-17,R005,ANL08,83.0,17486.19,5,50,Close - Explained Activity,0,High-Value Wire,Wire,0,0,2026-04
ALT01401,2026-03-04,R001,ANL05,67.0,27278.84,35,44,Close - False Positive,0,Structuring / Cash Activity,Cash,1,0,2026-03
ALT01402,2026-04-26,R006,ANL07,68.0,98413.96,20,44,Escalate to Case,0,P2P Funnel Activity,P2P,0,1,2026-04
ALT01403,2026-07-20,R007,ANL01,41.0,20755.05,20,45,Close - False Positive,0,Cash Intensive Business,Cash,1,0,2026-07
ALT01404,2026-06-15,R003,ANL03,29.0,119293.29,15,68,Close - False Positive,0,Rapid Movement of Funds,ACH/P2P/Wire,1,0,2026-06
ALT01405,2026-07-13,R001,ANL09,72.0,33187.53,3,33,Close - False Positive,0,Structuring / Cash Activity,Cash,1,0,2026-07
ALT01406,2026-01-25,R005,ANL12,51.0,11394.77,7,45,Close - False Positive,0,High-Value Wire,Wire,1,0,2026-01
ALT01407,2026-03-10,R005,ANL01,71.0,39516.33,8,14,Close - False Positive,0,High-Value Wire,Wire,1,0,2026-03
ALT01408,2026-05-19,R007,ANL04,62.0,14984.09,15,31,Close - False Positive,0,Cash Intensive Business,Cash,1,0,2026-05
ALT01409,2026-07-21,R003,ANL02,73.0,9332.28,10,46,Close - Explained Activity,0,Rapid Movement of Funds,ACH/P2P/Wire,0,0,2026-07
ALT01410,2026-02-10,R006,ANL08,42.0,36295.49,3,24,Close - False Positive,0,P2P Funnel Activity,P2P,1,0,2026-02
ALT01411,2026-09-28,R002,ANL07,55.0,15395.12,18,23,Escalate to Case,0,High-Risk Jurisdiction Wire,Wire,0,1,2026-09
ALT01412,2026-05-29,R001,ANL07,77.0,24570.9,15,32,Escalate to Case,0,Structuring / Cash Activity,Cash,0,1,2026-05
ALT01413,2026-06-16,R004,ANL10,74.0,93343.88,5,15,Close - False Positive,0,Unusual Volume Increase,All,1,0,2026-06
ALT01414,2026-03-14,R004,ANL09,39.0,98929.26,15,8,Close - False Positive,0,Unusual Volume Increase,All,1,0,2026-03
ALT01415,2026-04-02,R004,ANL12,45.0,23561.35,0,50,Escalate to Case,0,Unusual Volume Increase,All,0,1,2026-04
ALT01416,2026-03-07,R004,ANL03,61.0,56483.55,5,22,Close - False Positive,0,Unusual Volume Increase,All,1,0,2026-03
ALT01417,2026-03-20,R004,ANL03,58.0,186711.7,4,23,Close - False Positive,0,Unusual Volume Increase,All,1,0,2026-03
ALT01418,2026-07-15,R003,ANL09,55.0,44569.65,10,22,Escalate to Case,0,Rapid Movement of Funds,ACH/P2P/Wire,0,1,2026-07
ALT01419,2026-04-12,R003,ANL08,71.0,4008.17,2,64,Close - False Positive,0,Rapid Movement of Funds,ACH/P2P/Wire,1,0,2026-04
ALT01420,2026-08-02,R002,ANL10,73.0,79747.92,2,64,Close - False Positive,0,High-Risk Jurisdiction Wire,Wire,1,0,2026-08
ALT01421,2026-02-10,R005,ANL10,33.0,30864.4,5,11,Escalate to Case,0,High-Value Wire,Wire,0,1,2026-02
ALT01422,2026-02-07,R002,ANL05,94.0,18507.31,25,26,Escalate to Case,0,High-Risk Jurisdiction Wire,Wire,0,1,2026-02
ALT01423,2026-02-14,R001,ANL08,60.0,27324.05,17,31,Escalate to Case,0,Structuring / Cash Activity,Cash,0,1,2026-02
ALT01424,2026-04-18,R001,ANL07,77.0,4928.89,29,42,Escalate to Case,0,Structuring / Cash Activity,Cash,0,1,2026-04
ALT01425,2026-07-21,R007,ANL06,38.0,36772.19,29,8,Close - Explained Activity,0,Cash Intensive Business,Cash,0,0,2026-07
ALT01426,2026-05-16,R002,ANL12,56.0,52725.59,13,59,Close - False Positive,0,High-Risk Jurisdiction Wire,Wire,1,0,2026-05
ALT01427,2026-09-08,R004,ANL07,91.0,13102.07,19,49,Close - Explained Activity,0,Unusual Volume Increase,All,0,0,2026-09
ALT01428,2026-05-10,R005,ANL08,55.0,8500.85,3,21,Close - Explained Activity,0,High-Value Wire,Wire,0,0,2026-05
ALT01429,2026-07-03,R002,ANL06,48.0,4269.56,6,49,Close - False Positive,0,High-Risk Jurisdiction Wire,Wire,1,0,2026-07
ALT01430,2026-04-18,R002,ANL05,55.0,21554.42,10,43,Escalate to Case,1,High-Risk Jurisdiction Wire,Wire,0,1,2026-04
ALT01431,2026-07-18,R004,ANL02,70.0,38495.86,1,35,Close - False Positive,0,Unusual Volume Increase,All,1,0,2026-07
ALT01432,2026-02-23,R008,ANL02,52.0,3835.68,10,31,Close - Explained Activity,0,Dormant Account Reactivation,All,0,0,2026-02
ALT01433,2026-05-14,R006,ANL10,41.0,59006.25,1,44,Close - Explained Activity,0,P2P Funnel Activity,P2P,0,0,2026-05
ALT01434,2026-09-18,R008,ANL08,38.0,7008.58,7,25,Escalate to Case,0,Dormant Account Reactivation,All,0,1,2026-09
ALT01435,2026-01-09,R005,ANL02,78.0,2521.97,2,62,Close - False Positive,0,High-Value Wire,Wire,1,0,2026-01
ALT01436,2026-04-30,R006,ANL09,52.0,37593.07,3,20,Escalate to Case,1,P2P Funnel Activity,P2P,0,1,2026-04
ALT01437,2026-06-25,R008,ANL09,53.0,5876.86,13,42,Escalate to Case,0,Dormant Account Reactivation,All,0,1,2026-06
ALT01438,2026-08-26,R004,ANL12,35.0,13576.63,2,32,Close - Explained Activity,0,Unusual Volume Increase,All,0,0,2026-08
ALT01439,2026-01-25,R005,ANL11,94.0,105545.8,8,20,Escalate to Case,0,High-Value Wire,Wire,0,1,2026-01
ALT01440,2026-06-24,R006,ANL05,60.0,19663.92,11,42,Close - False Positive,0,P2P Funnel Activity,P2P,1,0,2026-06
ALT01441,2026-05-27,R003,ANL11,38.0,11461.23,2,31,Close - False Positive,0,Rapid Movement of Funds,ACH/P2P/Wire,1,0,2026-05
ALT01442,2026-07-20,R004,ANL01,32.0,82740.21,1,32,Close - False Positive,0,Unusual Volume Increase,All,1,0,2026-07
ALT01443,2026-01-20,R003,ANL07,56.0,25840.64,17,53,Escalate to Case,0,Rapid Movement of Funds,ACH/P2P/Wire,0,1,2026-01
ALT01444,2026-03-06,R003,ANL09,59.0,45591.44,4,20,Close - False Positive,0,Rapid Movement of Funds,ACH/P2P/Wire,1,0,2026-03
ALT01445,2026-03-18,R008,ANL01,70.0,3353.77,10,76,Close - False Positive,0,Dormant Account Reactivation,All,1,0,2026-03
ALT01446,2026-06-22,R008,ANL03,51.0,26591.12,6,23,Close - False Positive,0,Dormant Account Reactivation,All,1,0,2026-06
ALT01447,2026-02-26,R004,ANL01,44.0,5349.69,4,43,Escalate to Case,0,Unusual Volume Increase,All,0,1,2026-02
ALT01448,2026-06-29,R003,ANL04,29.0,28314.29,19,37,Close - False Positive,0,Rapid Movement of Funds,ACH/P2P/Wire,1,0,2026-06
ALT01449,2026-03-19,R003,ANL10,68.0,20170.06,26,31,Escalate to Case,0,Rapid Movement of Funds,ACH/P2P/Wire,0,1,2026-03
ALT01450,2026-09-22,R008,ANL01,68.0,13726.15,10,35,Close - Explained Activity,0,Dormant Account Reactivation,All,0,0,2026-09
ALT01451,2026-02-15,R005,ANL05,47.0,160318.99,2,58,Escalate to Case,0,High-Value Wire,Wire,0,1,2026-02
ALT01452,2026-01-25,R005,ANL03,49.0,35159.27,5,35,Close - False Positive,0,High-Value Wire,Wire,1,0,2026-01
ALT01453,2026-03-04,R002,ANL08,51.0,19142.45,7,44,Close - Explained Activity,0,High-Risk Jurisdiction Wire,Wire,0,0,2026-03
ALT01454,2026-07-22,R003,ANL03,55.0,12714.31,12,43,Close - False Positive,0,Rapid Movement of Funds,ACH/P2P/Wire,1,0,2026-07
ALT01455,2026-06-08,R001,ANL08,48.0,14452.1,9,31,Close - False Positive,0,Structuring / Cash Activity,Cash,1,0,2026-06
ALT01456,2026-04-23,R004,ANL12,83.0,20354.53,10,43,Escalate to Case,0,Unusual Volume Increase,All,0,1,2026-04
ALT01457,2026-07-11,R008,ANL12,47.0,6915.43,16,23,Close - Explained Activity,0,Dormant Account Reactivation,All,0,0,2026-07
ALT01458,2026-02-17,R005,ANL08,73.0,21428.17,4,29,Close - Explained Activity,0,High-Value Wire,Wire,0,0,2026-02
ALT01459,2026-09-22,R006,ANL06,55.0,39985.12,6,29,Close - False Positive,0,P2P Funnel Activity,P2P,1,0,2026-09
ALT01460,2026-01-03,R001,ANL12,55.0,5532.96,12,32,Close - False Positive,0,Structuring / Cash Activity,Cash,1,0,2026-01
ALT01461,2026-08-02,R002,ANL06,58.0,6714.54,7,56,Close - False Positive,0,High-Risk Jurisdiction Wire,Wire,1,0,2026-08
ALT01462,2026-03-31,R007,ANL01,30.0,9538.49,1,28,Close - False Positive,0,Cash Intensive Business,Cash,1,0,2026-03
ALT01463,2026-06-11,R005,ANL04,69.0,95801.69,14,54,Escalate to Case,0,High-Value Wire,Wire,0,1,2026-06
ALT01464,2026-04-24,R005,ANL01,53.0,37416.37,6,46,Close - Explained Activity,0,High-Value Wire,Wire,0,0,2026-04
ALT01465,2026-03-18,R003,ANL12,58.0,57294.07,28,45,Close - False Positive,0,Rapid Movement of Funds,ACH/P2P/Wire,1,0,2026-03
ALT01466,2026-08-03,R003,ANL06,64.0,4573.15,1,35,Escalate to Case,0,Rapid Movement of Funds,ACH/P2P/Wire,0,1,2026-08
ALT01467,2026-02-19,R003,ANL04,42.0,4121.82,3,50,Escalate to Case,1,Rapid Movement of Funds,ACH/P2P/Wire,0,1,2026-02
ALT01468,2026-05-25,R001,ANL10,57.0,16871.19,3,26,Close - False Positive,0,Structuring / Cash Activity,Cash,1,0,2026-05
ALT01469,2026-03-30,R001,ANL04,40.0,71978.22,3,57,Close - False Positive,0,Structuring / Cash Activity,Cash,1,0,2026-03
ALT01470,2026-02-11,R004,ANL06,65.0,19896.49,5,34,Escalate to Case,1,Unusual Volume Increase,All,0,1,2026-02
ALT01471,2026-09-20,R004,ANL06,70.0,12528.1,5,26,Close - False Positive,0,Unusual Volume Increase,All,1,0,2026-09
ALT01472,2026-06-05,R001,ANL01,100.0,6726.19,6,49,Close - False Positive,0,Structuring / Cash Activity,Cash,1,0,2026-06
ALT01473,2026-07-13,R001,ANL03,66.0,15298.46,11,43,Close - False Positive,0,Structuring / Cash Activity,Cash,1,0,2026-07
ALT01474,2026-08-08,R003,ANL09,65.0,4473.93,9,19,Escalate to Case,0,Rapid Movement of Funds,ACH/P2P/Wire,0,1,2026-08
ALT01475,2026-04-16,R003,ANL11,51.0,158377.59,9,33,Close - False Positive,0,Rapid Movement of Funds,ACH/P2P/Wire,1,0,2026-04
ALT01476,2026-07-04,R004,ANL01,59.0,28691.18,13,57,Escalate to Case,1,Unusual Volume Increase,All,0,1,2026-07
ALT01477,2026-05-21,R002,ANL06,51.0,29558.82,5,35,Close - False Positive,0,High-Risk Jurisdiction Wire,Wire,1,0,2026-05
ALT01478,2026-09-08,R003,ANL03,58.0,14585.5,11,45,Close - False Positive,0,Rapid Movement of Funds,ACH/P2P/Wire,1,0,2026-09
ALT01479,2026-08-24,R001,ANL05,21.0,40850.75,14,55,Escalate to Case,1,Structuring / Cash Activity,Cash,0,1,2026-08
ALT01480,2026-08-10,R001,ANL07,63.0,11999.56,12,25,Close - False Positive,0,Structuring / Cash Activity,Cash,1,0,2026-08
ALT01481,2026-09-26,R003,ANL10,41.0,9705.25,6,30,Close - False Positive,0,Rapid Movement of Funds,ACH/P2P/Wire,1,0,2026-09
ALT01482,2026-06-16,R003,ANL03,64.0,10853.89,16,41,Escalate to Case,0,Rapid Movement of Funds,ACH/P2P/Wire,0,1,2026-06
ALT01483,2026-09-11,R004,ANL07,69.0,27899.41,5,39,Close - False Positive,0,Unusual Volume Increase,All,1,0,2026-09
ALT01484,2026-01-29,R001,ANL12,84.0,9233.62,18,35,Escalate to Case,0,Structuring / Cash Activity,Cash,0,1,2026-01
ALT01485,2026-07-08,R004,ANL01,67.0,7031.87,9,59,Close - Explained Activity,0,Unusual Volume Increase,All,0,0,2026-07
ALT01486,2026-06-09,R006,ANL10,78.0,24847.29,4,16,Close - False Positive,0,P2P Funnel Activity,P2P,1,0,2026-06
ALT01487,2026-06-26,R007,ANL08,63.0,83550.05,1,53,Close - Explained Activity,0,Cash Intensive Business,Cash,0,0,2026-06
ALT01488,2026-08-06,R001,ANL05,37.0,6252.57,21,30,Close - False Positive,0,Structuring / Cash Activity,Cash,1,0,2026-08
ALT01489,2026-05-03,R004,ANL06,59.0,32219.22,19,47,Close - False Positive,0,Unusual Volume Increase,All,1,0,2026-05
ALT01490,2026-08-23,R008,ANL06,50.0,3070.01,5,14,Close - Explained Activity,0,Dormant Account Reactivation,All,0,0,2026-08
ALT01491,2026-08-02,R002,ANL08,67.0,3799.73,6,39,Close - False Positive,0,High-Risk Jurisdiction Wire,Wire,1,0,2026-08
ALT01492,2026-09-08,R008,ANL01,19.0,46833.11,3,44,Close - False Positive,0,Dormant Account Reactivation,All,1,0,2026-09
ALT01493,2026-08-03,R002,ANL03,70.0,23905.54,16,46,Close - False Positive,0,High-Risk Jurisdiction Wire,Wire,1,0,2026-08
ALT01494,2026-05-23,R002,ANL08,60.0,18485.88,3,50,Escalate to Case,0,High-Risk Jurisdiction Wire,Wire,0,1,2026-05
ALT01495,2026-01-09,R001,ANL05,48.0,8184.5,2,73,Close - False Positive,0,Structuring / Cash Activity,Cash,1,0,2026-01
ALT01496,2026-04-23,R002,ANL11,50.0,31924.05,26,43,Close - Explained Activity,0,High-Risk Jurisdiction Wire,Wire,0,0,2026-04
ALT01497,2026-06-28,R006,ANL08,81.0,53268.33,12,35,Close - False Positive,0,P2P Funnel Activity,P2P,1,0,2026-06
ALT01498,2026-08-27,R006,ANL02,44.0,207453.89,6,41,Close - False Positive,0,P2P Funnel Activity,P2P,1,0,2026-08
ALT01499,2026-03-06,R008,ANL01,54.0,19016.61,19,49,Close - Explained Activity,0,Dormant Account Reactivation,All,0,0,2026-03
ALT01500,2026-01-27,R004,ANL04,81.0,26051.06,9,39,Close - False Positive,0,Unusual Volume Increase,All,1,0,2026-01
ALT01501,2026-09-13,R002,ANL10,41.0,61751.79,2,55,Escalate to Case,0,High-Risk Jurisdiction Wire,Wire,0,1,2026-09
ALT01502,2026-03-31,R006,ANL01,69.0,109433.42,11,45,Close - False Positive,0,P2P Funnel Activity,P2P,1,0,2026-03
ALT01503,2026-06-25,R001,ANL12,43.0,24722.46,3,37,Close - False Positive,0,Structuring / Cash Activity,Cash,1,0,2026-06
ALT01504,2026-07-30,R003,ANL04,29.0,10350.33,4,52,Close - False Positive,0,Rapid Movement of Funds,ACH/P2P/Wire,1,0,2026-07
ALT01505,2026-06-06,R006,ANL06,47.0,21382.32,4,39,Close - False Positive,0,P2P Funnel Activity,P2P,1,0,2026-06
ALT01506,2026-08-19,R002,ANL05,28.0,5574.25,7,59,Close - False Positive,0,High-Risk Jurisdiction Wire,Wire,1,0,2026-08
ALT01507,2026-07-06,R005,ANL08,35.0,5738.61,24,26,Close - False Positive,0,High-Value Wire,Wire,1,0,2026-07
ALT01508,2026-02-02,R004,ANL06,54.0,38605.94,8,25,Close - False Positive,0,Unusual Volume Increase,All,1,0,2026-02
ALT01509,2026-08-13,R003,ANL09,57.0,7162.58,3,35,Escalate to Case,0,Rapid Movement of Funds,ACH/P2P/Wire,0,1,2026-08
ALT01510,2026-04-11,R004,ANL10,68.0,14541.49,9,42,Close - False Positive,0,Unusual Volume Increase,All,1,0,2026-04
ALT01511,2026-08-17,R004,ANL11,60.0,28824.09,5,21,Close - Explained Activity,0,Unusual Volume Increase,All,0,0,2026-08
ALT01512,2026-05-27,R004,ANL09,30.0,31413.15,3,37,Close - False Positive,0,Unusual Volume Increase,All,1,0,2026-05
ALT01513,2026-05-09,R001,ANL03,84.0,158265.91,6,32,Close - False Positive,0,Structuring / Cash Activity,Cash,1,0,2026-05
ALT01514,2026-08-30,R008,ANL01,35.0,42223.24,15,56,Close - False Positive,0,Dormant Account Reactivation,All,1,0,2026-08
ALT01515,2026-07-15,R001,ANL04,39.0,70302.82,5,38,Close - Explained Activity,0,Structuring / Cash Activity,Cash,0,0,2026-07
ALT01516,2026-05-10,R008,ANL07,33.0,128264.88,8,38,Close - False Positive,0,Dormant Account Reactivation,All,1,0,2026-05
ALT01517,2026-01-04,R003,ANL03,59.0,29682.03,2,43,Escalate to Case,0,Rapid Movement of Funds,ACH/P2P/Wire,0,1,2026-01
ALT01518,2026-03-08,R001,ANL02,80.0,4804.8,21,35,Close - False Positive,0,Structuring / Cash Activity,Cash,1,0,2026-03
ALT01519,2026-03-23,R007,ANL11,68.0,92014.17,17,43,Escalate to Case,0,Cash Intensive Business,Cash,0,1,2026-03
ALT01520,2026-09-04,R004,ANL06,39.0,15622.44,8,39,Escalate to Case,0,Unusual Volume Increase,All,0,1,2026-09
ALT01521,2026-02-02,R001,ANL08,66.0,8642.33,3,37,Close - False Positive,0,Structuring / Cash Activity,Cash,1,0,2026-02
ALT01522,2026-08-26,R004,ANL06,44.0,1690860.45,6,56,Close - False Positive,0,Unusual Volume Increase,All,1,0,2026-08
ALT01523,2026-03-24,R005,ANL11,77.0,31090.24,9,57,Escalate to Case,1,High-Value Wire,Wire,0,1,2026-03
ALT01524,2026-02-12,R005,ANL04,64.0,15429.72,5,22,Escalate to Case,0,High-Value Wire,Wire,0,1,2026-02
ALT01525,2026-04-25,R007,ANL02,89.0,36432.79,1,30,Escalate to Case,0,Cash Intensive Business,Cash,0,1,2026-04
ALT01526,2026-01-28,R004,ANL03,94.0,3321.47,12,53,Close - False Positive,0,Unusual Volume Increase,All,1,0,2026-01
ALT01527,2026-04-12,R005,ANL06,58.0,6906.23,3,44,Escalate to Case,0,High-Value Wire,Wire,0,1,2026-04
ALT01528,2026-03-17,R001,ANL02,67.0,149195.56,7,28,Close - False Positive,0,Structuring / Cash Activity,Cash,1,0,2026-03
ALT01529,2026-04-26,R002,ANL04,53.0,148320.82,17,27,Close - False Positive,0,High-Risk Jurisdiction Wire,Wire,1,0,2026-04
ALT01530,2026-04-29,R006,ANL11,60.0,59597.37,8,18,Close - False Positive,0,P2P Funnel Activity,P2P,1,0,2026-04
ALT01531,2026-03-30,R002,ANL12,42.0,3251.89,3,48,Close - Explained Activity,0,High-Risk Jurisdiction Wire,Wire,0,0,2026-03
ALT01532,2026-06-13,R005,ANL08,50.0,55968.17,15,42,Escalate to Case,0,High-Value Wire,Wire,0,1,2026-06
ALT01533,2026-05-31,R006,ANL04,63.0,30679.31,12,46,Escalate to Case,0,P2P Funnel Activity,P2P,0,1,2026-05
ALT01534,2026-04-30,R001,ANL05,51.0,18849.19,19,49,Close - False Positive,0,Structuring / Cash Activity,Cash,1,0,2026-04
ALT01535,2026-06-03,R003,ANL12,72.0,15777.91,1,38,Escalate to Case,0,Rapid Movement of Funds,ACH/P2P/Wire,0,1,2026-06
ALT01536,2026-05-15,R008,ANL04,47.0,17544.11,2,49,Close - Explained Activity,0,Dormant Account Reactivation,All,0,0,2026-05
ALT01537,2026-08-16,R001,ANL05,35.0,16280.36,6,51,Close - False Positive,0,Structuring / Cash Activity,Cash,1,0,2026-08
ALT01538,2026-09-12,R002,ANL10,29.0,40396.51,7,46,Close - False Positive,0,High-Risk Jurisdiction Wire,Wire,1,0,2026-09
ALT01539,2026-03-09,R001,ANL01,45.0,4598.38,7,63,Close - False Positive,0,Structuring / Cash Activity,Cash,1,0,2026-03
ALT01540,2026-07-19,R005,ANL12,54.0,11880.03,10,40,Close - False Positive,0,High-Value Wire,Wire,1,0,2026-07
ALT01541,2026-02-13,R008,ANL09,65.0,83044.95,5,20,Escalate to Case,0,Dormant Account Reactivation,All,0,1,2026-02
ALT01542,2026-06-17,R004,ANL09,40.0,21106.79,14,45,Close - Explained Activity,0,Unusual Volume Increase,All,0,0,2026-06
ALT01543,2026-09-15,R005,ANL12,59.0,21924.5,15,27,Escalate to Case,0,High-Value Wire,Wire,0,1,2026-09
ALT01544,2026-03-21,R002,ANL02,82.0,11395.32,15,62,Close - Explained Activity,0,High-Risk Jurisdiction Wire,Wire,0,0,2026-03
ALT01545,2026-08-13,R005,ANL07,47.0,34426.92,1,76,Escalate to Case,0,High-Value Wire,Wire,0,1,2026-08
ALT01546,2026-06-13,R006,ANL04,82.0,146242.16,6,8,Close - False Positive,0,P2P Funnel Activity,P2P,1,0,2026-06
ALT01547,2026-03-24,R006,ANL07,100.0,15219.33,7,33,Close - False Positive,0,P2P Funnel Activity,P2P,1,0,2026-03
ALT01548,2026-04-28,R005,ANL06,81.0,21468.92,3,22,Escalate to Case,1,High-Value Wire,Wire,0,1,2026-04
ALT01549,2026-01-02,R001,ANL06,49.0,17146.76,7,34,Close - False Positive,0,Structuring / Cash Activity,Cash,1,0,2026-01
ALT01550,2026-07-28,R008,ANL05,34.0,60954.19,13,45,Close - False Positive,0,Dormant Account Reactivation,All,1,0,2026-07
ALT01551,2026-07-24,R002,ANL02,40.0,37918.83,1,40,Escalate to Case,0,High-Risk Jurisdiction Wire,Wire,0,1,2026-07
ALT01552,2026-01-11,R008,ANL06,54.0,22933.08,4,50,Close - Explained Activity,0,Dormant Account Reactivation,All,0,0,2026-01
ALT01553,2026-02-14,R003,ANL03,70.0,33151.05,20,16,Close - Explained Activity,0,Rapid Movement of Funds,ACH/P2P/Wire,0,0,2026-02
ALT01554,2026-05-10,R001,ANL12,56.0,10850.53,4,33,Close - Explained Activity,0,Structuring / Cash Activity,Cash,0,0,2026-05
ALT01555,2026-06-02,R001,ANL12,43.0,80657.92,15,8,Close - False Positive,0,Structuring / Cash Activity,Cash,1,0,2026-06
ALT01556,2026-06-29,R003,ANL02,77.0,159918.58,14,46,Close - False Positive,0,Rapid Movement of Funds,ACH/P2P/Wire,1,0,2026-06
ALT01557,2026-05-20,R007,ANL11,43.0,15875.62,3,10,Close - Explained Activity,0,Cash Intensive Business,Cash,0,0,2026-05
ALT01558,2026-05-29,R004,ANL06,48.0,3692.95,3,28,Close - False Positive,0,Unusual Volume Increase,All,1,0,2026-05
ALT01559,2026-09-07,R002,ANL07,56.0,52955.51,8,46,Close - False Positive,0,High-Risk Jurisdiction Wire,Wire,1,0,2026-09
ALT01560,2026-07-10,R003,ANL02,54.0,331676.67,5,21,Close - False Positive,0,Rapid Movement of Funds,ACH/P2P/Wire,1,0,2026-07
ALT01561,2026-09-28,R002,ANL07,49.0,1701.12,5,26,Close - False Positive,0,High-Risk Jurisdiction Wire,Wire,1,0,2026-09
ALT01562,2026-06-21,R001,ANL06,61.0,21027.48,22,32,Close - False Positive,0,Structuring / Cash Activity,Cash,1,0,2026-06
ALT01563,2026-09-12,R005,ANL02,82.0,17145.83,16,28,Close - False Positive,0,High-Value Wire,Wire,1,0,2026-09
ALT01564,2026-09-08,R005,ANL07,43.0,95875.74,19,34,Escalate to Case,1,High-Value Wire,Wire,0,1,2026-09
ALT01565,2026-05-31,R001,ANL01,52.0,20326.5,12,50,Close - False Positive,0,Structuring / Cash Activity,Cash,1,0,2026-05
ALT01566,2026-03-03,R001,ANL09,50.0,12669.03,25,50,Close - False Positive,0,Structuring / Cash Activity,Cash,1,0,2026-03
ALT01567,2026-06-02,R002,ANL05,49.0,65701.25,9,29,Close - False Positive,0,High-Risk Jurisdiction Wire,Wire,1,0,2026-06
ALT01568,2026-01-26,R007,ANL09,48.0,3060.67,9,53,Close - Explained Activity,0,Cash Intensive Business,Cash,0,0,2026-01
ALT01569,2026-09-06,R003,ANL11,37.0,18932.8,12,37,Close - False Positive,0,Rapid Movement of Funds,ACH/P2P/Wire,1,0,2026-09
ALT01570,2026-08-13,R003,ANL03,47.0,26878.98,5,59,Escalate to Case,1,Rapid Movement of Funds,ACH/P2P/Wire,0,1,2026-08
ALT01571,2026-06-23,R005,ANL05,83.0,11553.38,4,41,Escalate to Case,0,High-Value Wire,Wire,0,1,2026-06
ALT01572,2026-02-04,R003,ANL06,57.0,8735.09,4,42,Close - False Positive,0,Rapid Movement of Funds,ACH/P2P/Wire,1,0,2026-02
ALT01573,2026-01-27,R005,ANL10,16.0,162330.22,20,54,Close - False Positive,0,High-Value Wire,Wire,1,0,2026-01
ALT01574,2026-07-12,R001,ANL09,36.0,93740.27,7,21,Close - Explained Activity,0,Structuring / Cash Activity,Cash,0,0,2026-07
ALT01575,2026-02-12,R003,ANL09,15.0,179304.42,10,30,Close - Explained Activity,0,Rapid Movement of Funds,ACH/P2P/Wire,0,0,2026-02
ALT01576,2026-09-26,R004,ANL09,82.0,1991.67,13,56,Close - Explained Activity,0,Unusual Volume Increase,All,0,0,2026-09
ALT01577,2026-03-09,R004,ANL12,80.0,1329.5,20,30,Close - False Positive,0,Unusual Volume Increase,All,1,0,2026-03
ALT01578,2026-07-17,R003,ANL06,48.0,27123.85,10,54,Close - False Positive,0,Rapid Movement of Funds,ACH/P2P/Wire,1,0,2026-07
ALT01579,2026-01-16,R007,ANL03,67.0,22049.61,14,12,Close - False Positive,0,Cash Intensive Business,Cash,1,0,2026-01
ALT01580,2026-01-25,R008,ANL11,48.0,27416.0,23,19,Close - Explained Activity,0,Dormant Account Reactivation,All,0,0,2026-01
ALT01581,2026-03-15,R001,ANL11,56.0,99844.52,10,41,Close - False Positive,0,Structuring / Cash Activity,Cash,1,0,2026-03
ALT01582,2026-01-29,R006,ANL08,60.0,11670.92,11,20,Close - False Positive,0,P2P Funnel Activity,P2P,1,0,2026-01
ALT01583,2026-03-04,R003,ANL01,56.0,43936.79,1,14,Escalate to Case,0,Rapid Movement of Funds,ACH/P2P/Wire,0,1,2026-03
ALT01584,2026-03-05,R001,ANL11,28.0,263246.12,7,40,Close - False Positive,0,Structuring / Cash Activity,Cash,1,0,2026-03
ALT01585,2026-03-22,R006,ANL08,40.0,16576.68,6,60,Escalate to Case,0,P2P Funnel Activity,P2P,0,1,2026-03
ALT01586,2026-06-24,R003,ANL05,60.0,29547.59,26,42,Close - Explained Activity,0,Rapid Movement of Funds,ACH/P2P/Wire,0,0,2026-06
ALT01587,2026-02-02,R004,ANL04,86.0,72814.42,15,48,Close - False Positive,0,Unusual Volume Increase,All,1,0,2026-02
ALT01588,2026-06-02,R004,ANL10,70.0,47823.07,12,38,Close - False Positive,0,Unusual Volume Increase,All,1,0,2026-06
ALT01589,2026-03-01,R006,ANL01,44.0,74731.07,2,34,Close - False Positive,0,P2P Funnel Activity,P2P,1,0,2026-03
ALT01590,2026-01-15,R007,ANL10,56.0,77172.45,12,35,Close - False Positive,0,Cash Intensive Business,Cash,1,0,2026-01
ALT01591,2026-06-24,R001,ANL11,57.0,27929.2,5,45,Close - False Positive,0,Structuring / Cash Activity,Cash,1,0,2026-06
ALT01592,2026-02-04,R004,ANL09,76.0,109545.23,2,33,Close - False Positive,0,Unusual Volume Increase,All,1,0,2026-02
ALT01593,2026-04-27,R006,ANL08,72.0,13371.25,15,39,Close - False Positive,0,P2P Funnel Activity,P2P,1,0,2026-04
ALT01594,2026-02-07,R005,ANL10,31.0,86752.43,9,49,Escalate to Case,0,High-Value Wire,Wire,0,1,2026-02
ALT01595,2026-09-11,R006,ANL06,54.0,62676.15,4,49,Escalate to Case,0,P2P Funnel Activity,P2P,0,1,2026-09
ALT01596,2026-05-29,R002,ANL10,58.0,16857.15,5,20,Close - False Positive,0,High-Risk Jurisdiction Wire,Wire,1,0,2026-05
ALT01597,2026-04-30,R004,ANL09,88.0,22957.96,3,33,Escalate to Case,0,Unusual Volume Increase,All,0,1,2026-04
ALT01598,2026-01-09,R005,ANL12,57.0,16430.63,6,61,Close - False Positive,0,High-Value Wire,Wire,1,0,2026-01
ALT01599,2026-03-02,R004,ANL02,64.0,48311.85,10,34,Close - False Positive,0,Unusual Volume Increase,All,1,0,2026-03
ALT01600,2026-03-03,R008,ANL05,44.0,21269.2,24,66,Close - False Positive,0,Dormant Account Reactivation,All,1,0,2026-03
ALT01601,2026-04-22,R007,ANL10,59.0,1804.66,14,38,Close - False Positive,0,Cash Intensive Business,Cash,1,0,2026-04
ALT01602,2026-04-19,R004,ANL05,42.0,19479.77,16,50,Close - False Positive,0,Unusual Volume Increase,All,1,0,2026-04
ALT01603,2026-02-21,R003,ANL04,55.0,3156.1,3,35,Escalate to Case,0,Rapid Movement of Funds,ACH/P2P/Wire,0,1,2026-02
ALT01604,2026-03-12,R008,ANL08,27.0,21106.05,19,39,Escalate to Case,0,Dormant Account Reactivation,All,0,1,2026-03
ALT01605,2026-05-20,R001,ANL07,65.0,65486.3,14,66,Close - False Positive,0,Structuring / Cash Activity,Cash,1,0,2026-05
ALT01606,2026-05-18,R006,ANL01,80.0,6200.18,8,71,Close - False Positive,0,P2P Funnel Activity,P2P,1,0,2026-05
ALT01607,2026-02-17,R004,ANL02,81.0,13528.53,16,21,Escalate to Case,0,Unusual Volume Increase,All,0,1,2026-02
ALT01608,2026-09-16,R001,ANL12,25.0,18707.11,3,22,Close - False Positive,0,Structuring / Cash Activity,Cash,1,0,2026-09
ALT01609,2026-06-08,R004,ANL11,58.0,4395.56,24,12,Escalate to Case,0,Unusual Volume Increase,All,0,1,2026-06
ALT01610,2026-09-18,R001,ANL09,75.0,7748.26,17,43,Close - Explained Activity,0,Structuring / Cash Activity,Cash,0,0,2026-09
ALT01611,2026-09-13,R001,ANL12,61.0,18070.73,10,34,Close - Explained Activity,0,Structuring / Cash Activity,Cash,0,0,2026-09
ALT01612,2026-03-13,R003,ANL06,65.0,41768.15,5,40,Close - False Positive,0,Rapid Movement of Funds,ACH/P2P/Wire,1,0,2026-03
ALT01613,2026-09-08,R007,ANL11,30.0,31779.05,11,13,Close - False Positive,0,Cash Intensive Business,Cash,1,0,2026-09
ALT01614,2026-09-25,R003,ANL11,69.0,30758.01,24,61,Escalate to Case,0,Rapid Movement of Funds,ACH/P2P/Wire,0,1,2026-09
ALT01615,2026-04-28,R003,ANL04,74.0,47679.33,24,19,Close - False Positive,0,Rapid Movement of Funds,ACH/P2P/Wire,1,0,2026-04
ALT01616,2026-02-15,R001,ANL10,75.0,41584.26,11,35,Close - False Positive,0,Structuring / Cash Activity,Cash,1,0,2026-02
ALT01617,2026-05-14,R004,ANL06,67.0,16668.97,3,54,Close - Explained Activity,0,Unusual Volume Increase,All,0,0,2026-05
ALT01618,2026-01-07,R006,ANL09,75.0,31410.83,1,38,Close - False Positive,0,P2P Funnel Activity,P2P,1,0,2026-01
ALT01619,2026-02-01,R005,ANL07,57.0,167358.83,4,50,Close - False Positive,0,High-Value Wire,Wire,1,0,2026-02
ALT01620,2026-07-07,R002,ANL08,33.0,30845.12,11,45,Escalate to Case,1,High-Risk Jurisdiction Wire,Wire,0,1,2026-07
ALT01621,2026-06-12,R008,ANL03,33.0,251947.26,5,29,Close - Explained Activity,0,Dormant Account Reactivation,All,0,0,2026-06
ALT01622,2026-03-31,R008,ANL11,29.0,132497.76,3,41,Close - False Positive,0,Dormant Account Reactivation,All,1,0,2026-03
ALT01623,2026-02-28,R003,ANL08,45.0,43670.12,6,40,Close - False Positive,0,Rapid Movement of Funds,ACH/P2P/Wire,1,0,2026-02
ALT01624,2026-07-20,R001,ANL08,78.0,11416.02,8,35,Escalate to Case,0,Structuring / Cash Activity,Cash,0,1,2026-07
ALT01625,2026-01-10,R005,ANL06,51.0,6724.12,26,27,Close - Explained Activity,0,High-Value Wire,Wire,0,0,2026-01
ALT01626,2026-07-13,R006,ANL10,48.0,31394.12,7,34,Escalate to Case,1,P2P Funnel Activity,P2P,0,1,2026-07
ALT01627,2026-07-28,R002,ANL04,65.0,150639.15,4,28,Close - False Positive,0,High-Risk Jurisdiction Wire,Wire,1,0,2026-07
ALT01628,2026-05-17,R005,ANL07,72.0,87621.6,7,59,Close - Explained Activity,0,High-Value Wire,Wire,0,0,2026-05
ALT01629,2026-06-27,R007,ANL05,48.0,10531.85,4,45,Close - False Positive,0,Cash Intensive Business,Cash,1,0,2026-06
ALT01630,2026-09-13,R002,ANL05,53.0,25477.36,10,34,Escalate to Case,0,High-Risk Jurisdiction Wire,Wire,0,1,2026-09
ALT01631,2026-07-19,R002,ANL09,33.0,16517.67,5,77,Close - False Positive,0,High-Risk Jurisdiction Wire,Wire,1,0,2026-07
ALT01632,2026-04-14,R007,ANL03,55.0,141633.38,3,26,Escalate to Case,0,Cash Intensive Business,Cash,0,1,2026-04
ALT01633,2026-01-21,R002,ANL11,73.0,20256.65,28,39,Escalate to Case,1,High-Risk Jurisdiction Wire,Wire,0,1,2026-01
ALT01634,2026-02-01,R005,ANL08,51.0,169766.91,4,55,Escalate to Case,0,High-Value Wire,Wire,0,1,2026-02
ALT01635,2026-07-04,R001,ANL11,73.0,5431.72,11,62,Close - False Positive,0,Structuring / Cash Activity,Cash,1,0,2026-07
ALT01636,2026-07-19,R002,ANL11,34.0,17322.83,3,32,Close - False Positive,0,High-Risk Jurisdiction Wire,Wire,1,0,2026-07
ALT01637,2026-07-31,R003,ANL04,46.0,50623.58,12,49,Close - False Positive,0,Rapid Movement of Funds,ACH/P2P/Wire,1,0,2026-07
ALT01638,2026-02-07,R004,ANL06,56.0,21405.76,17,30,Escalate to Case,0,Unusual Volume Increase,All,0,1,2026-02
ALT01639,2026-04-08,R003,ANL05,74.0,38823.84,5,31,Escalate to Case,0,Rapid Movement of Funds,ACH/P2P/Wire,0,1,2026-04
ALT01640,2026-03-20,R004,ANL09,66.0,49455.69,13,41,Close - False Positive,0,Unusual Volume Increase,All,1,0,2026-03
ALT01641,2026-08-02,R001,ANL03,41.0,12702.31,11,61,Close - False Positive,0,Structuring / Cash Activity,Cash,1,0,2026-08
ALT01642,2026-07-25,R004,ANL08,91.0,23440.43,6,53,Close - False Positive,0,Unusual Volume Increase,All,1,0,2026-07
ALT01643,2026-05-28,R002,ANL06,63.0,40594.29,22,44,Close - False Positive,0,High-Risk Jurisdiction Wire,Wire,1,0,2026-05
ALT01644,2026-06-07,R001,ANL11,38.0,12152.53,3,59,Close - False Positive,0,Structuring / Cash Activity,Cash,1,0,2026-06
ALT01645,2026-03-03,R008,ANL01,76.0,20291.76,19,33,Close - False Positive,0,Dormant Account Reactivation,All,1,0,2026-03
ALT01646,2026-01-18,R006,ANL12,86.0,15772.65,18,29,Close - False Positive,0,P2P Funnel Activity,P2P,1,0,2026-01
ALT01647,2026-06-03,R003,ANL07,61.0,9045.56,4,59,Close - False Positive,0,Rapid Movement of Funds,ACH/P2P/Wire,1,0,2026-06
ALT01648,2026-09-02,R004,ANL03,49.0,40749.0,1,61,Escalate to Case,0,Unusual Volume Increase,All,0,1,2026-09
ALT01649,2026-03-08,R002,ANL05,81.0,55778.71,22,19,Close - Explained Activity,0,High-Risk Jurisdiction Wire,Wire,0,0,2026-03
ALT01650,2026-01-07,R005,ANL03,77.0,14412.15,7,62,Escalate to Case,0,High-Value Wire,Wire,0,1,2026-01
ALT01651,2026-07-20,R003,ANL10,77.0,43223.5,4,46,Close - False Positive,0,Rapid Movement of Funds,ACH/P2P/Wire,1,0,2026-07
ALT01652,2026-06-17,R002,ANL10,80.0,10921.14,12,32,Escalate to Case,0,High-Risk Jurisdiction Wire,Wire,0,1,2026-06
ALT01653,2026-03-25,R004,ANL11,51.0,14034.91,7,21,Close - False Positive,0,Unusual Volume Increase,All,1,0,2026-03
ALT01654,2026-02-21,R004,ANL06,61.0,10374.42,5,72,Close - False Positive,0,Unusual Volume Increase,All,1,0,2026-02
ALT01655,2026-09-24,R001,ANL07,70.0,2627.73,3,36,Escalate to Case,0,Structuring / Cash Activity,Cash,0,1,2026-09
ALT01656,2026-02-22,R006,ANL06,73.0,141881.57,21,53,Close - False Positive,0,P2P Funnel Activity,P2P,1,0,2026-02
ALT01657,2026-03-19,R005,ANL12,39.0,108319.44,4,23,Escalate to Case,0,High-Value Wire,Wire,0,1,2026-03
ALT01658,2026-04-24,R004,ANL05,58.0,45379.03,13,41,Close - False Positive,0,Unusual Volume Increase,All,1,0,2026-04
ALT01659,2026-06-04,R002,ANL04,54.0,83674.1,9,59,Close - False Positive,0,High-Risk Jurisdiction Wire,Wire,1,0,2026-06
ALT01660,2026-01-11,R007,ANL06,61.0,18138.0,12,24,Close - False Positive,0,Cash Intensive Business,Cash,1,0,2026-01
ALT01661,2026-02-18,R004,ANL02,52.0,27860.2,17,25,Close - False Positive,0,Unusual Volume Increase,All,1,0,2026-02
ALT01662,2026-03-27,R003,ANL01,52.0,36669.19,9,20,Close - False Positive,0,Rapid Movement of Funds,ACH/P2P/Wire,1,0,2026-03
ALT01663,2026-06-12,R007,ANL04,39.0,3945.78,6,49,Close - False Positive,0,Cash Intensive Business,Cash,1,0,2026-06
ALT01664,2026-08-18,R007,ANL10,44.0,34446.75,13,70,Close - False Positive,0,Cash Intensive Business,Cash,1,0,2026-08
ALT01665,2026-06-09,R004,ANL01,58.0,45675.27,5,17,Close - False Positive,0,Unusual Volume Increase,All,1,0,2026-06
ALT01666,2026-05-16,R003,ANL06,40.0,5365.52,2,26,Escalate to Case,0,Rapid Movement of Funds,ACH/P2P/Wire,0,1,2026-05
ALT01667,2026-02-15,R005,ANL02,64.0,10642.45,4,33,Close - False Positive,0,High-Value Wire,Wire,1,0,2026-02
ALT01668,2026-08-22,R006,ANL06,78.0,25932.11,28,9,Escalate to Case,0,P2P Funnel Activity,P2P,0,1,2026-08
ALT01669,2026-02-26,R002,ANL04,77.0,59542.99,4,55,Escalate to Case,1,High-Risk Jurisdiction Wire,Wire,0,1,2026-02
ALT01670,2026-02-12,R002,ANL02,56.0,4360.76,2,9,Escalate to Case,0,High-Risk Jurisdiction Wire,Wire,0,1,2026-02
ALT01671,2026-07-16,R006,ANL09,86.0,122098.3,17,54,Close - False Positive,0,P2P Funnel Activity,P2P,1,0,2026-07
ALT01672,2026-09-08,R003,ANL05,56.0,97037.85,4,37,Escalate to Case,0,Rapid Movement of Funds,ACH/P2P/Wire,0,1,2026-09
ALT01673,2026-07-04,R002,ANL10,64.0,4344.74,7,64,Close - Explained Activity,0,High-Risk Jurisdiction Wire,Wire,0,0,2026-07
ALT01674,2026-03-23,R005,ANL06,61.0,24907.83,8,34,Close - False Positive,0,High-Value Wire,Wire,1,0,2026-03
ALT01675,2026-04-07,R008,ANL01,62.0,14356.28,5,49,Close - False Positive,0,Dormant Account Reactivation,All,1,0,2026-04
ALT01676,2026-04-11,R004,ANL03,57.0,55927.55,13,25,Close - Explained Activity,0,Unusual Volume Increase,All,0,0,2026-04
ALT01677,2026-07-18,R002,ANL11,69.0,178594.26,4,55,Escalate to Case,1,High-Risk Jurisdiction Wire,Wire,0,1,2026-07
ALT01678,2026-01-13,R005,ANL07,67.0,54407.32,18,55,Close - Explained Activity,0,High-Value Wire,Wire,0,0,2026-01
ALT01679,2026-07-01,R003,ANL09,47.0,4247.63,9,32,Close - False Positive,0,Rapid Movement of Funds,ACH/P2P/Wire,1,0,2026-07
ALT01680,2026-01-01,R002,ANL10,77.0,111548.15,1,46,Close - False Positive,0,High-Risk Jurisdiction Wire,Wire,1,0,2026-01
ALT01681,2026-01-25,R006,ANL02,43.0,11019.2,11,39,Close - False Positive,0,P2P Funnel Activity,P2P,1,0,2026-01
ALT01682,2026-01-05,R005,ANL05,93.0,1498.92,27,18,Close - False Positive,0,High-Value Wire,Wire,1,0,2026-01
ALT01683,2026-05-16,R003,ANL03,74.0,87987.76,6,46,Escalate to Case,1,Rapid Movement of Funds,ACH/P2P/Wire,0,1,2026-05
ALT01684,2026-06-22,R001,ANL06,94.0,41004.74,4,54,Escalate to Case,0,Structuring / Cash Activity,Cash,0,1,2026-06
ALT01685,2026-05-24,R007,ANL01,43.0,21768.56,2,29,Close - False Positive,0,Cash Intensive Business,Cash,1,0,2026-05
ALT01686,2026-01-08,R006,ANL10,70.0,50732.8,12,47,Close - False Positive,0,P2P Funnel Activity,P2P,1,0,2026-01
ALT01687,2026-09-16,R002,ANL12,61.0,33012.84,8,39,Close - False Positive,0,High-Risk Jurisdiction Wire,Wire,1,0,2026-09
ALT01688,2026-03-01,R002,ANL11,50.0,80505.53,5,41,Close - Explained Activity,0,High-Risk Jurisdiction Wire,Wire,0,0,2026-03
ALT01689,2026-09-30,R004,ANL04,43.0,61019.24,6,20,Close - False Positive,0,Unusual Volume Increase,All,1,0,2026-09
ALT01690,2026-08-15,R007,ANL09,68.0,324173.08,9,45,Close - False Positive,0,Cash Intensive Business,Cash,1,0,2026-08
ALT01691,2026-03-15,R002,ANL02,59.0,41258.79,18,44,Close - Explained Activity,0,High-Risk Jurisdiction Wire,Wire,0,0,2026-03
ALT01692,2026-09-02,R001,ANL03,35.0,13163.74,11,75,Close - False Positive,0,Structuring / Cash Activity,Cash,1,0,2026-09
ALT01693,2026-03-29,R003,ANL12,30.0,88869.67,9,32,Close - False Positive,0,Rapid Movement of Funds,ACH/P2P/Wire,1,0,2026-03
ALT01694,2026-04-09,R003,ANL08,48.0,14930.77,2,42,Close - False Positive,0,Rapid Movement of Funds,ACH/P2P/Wire,1,0,2026-04
ALT01695,2026-01-03,R006,ANL06,56.0,50790.23,16,50,Escalate to Case,0,P2P Funnel Activity,P2P,0,1,2026-01
ALT01696,2026-05-08,R001,ANL11,67.0,41087.75,1,35,Close - Explained Activity,0,Structuring / Cash Activity,Cash,0,0,2026-05
ALT01697,2026-07-10,R002,ANL11,46.0,19232.86,4,40,Close - False Positive,0,High-Risk Jurisdiction Wire,Wire,1,0,2026-07
ALT01698,2026-05-30,R005,ANL07,80.0,8963.96,6,35,Escalate to Case,0,High-Value Wire,Wire,0,1,2026-05
ALT01699,2026-09-11,R001,ANL10,85.0,127165.34,4,21,Close - False Positive,0,Structuring / Cash Activity,Cash,1,0,2026-09
ALT01700,2026-07-24,R008,ANL06,61.0,12061.31,8,14,Close - False Positive,0,Dormant Account Reactivation,All,1,0,2026-07
ALT01701,2026-09-20,R007,ANL10,31.0,45725.97,15,33,Close - False Positive,0,Cash Intensive Business,Cash,1,0,2026-09
ALT01702,2026-08-03,R006,ANL10,38.0,24988.31,5,33,Close - False Positive,0,P2P Funnel Activity,P2P,1,0,2026-08
ALT01703,2026-05-20,R005,ANL07,61.0,25353.08,12,36,Escalate to Case,0,High-Value Wire,Wire,0,1,2026-05
ALT01704,2026-03-02,R007,ANL06,62.0,55934.25,8,32,Close - False Positive,0,Cash Intensive Business,Cash,1,0,2026-03
ALT01705,2026-08-15,R003,ANL06,47.0,3403.7,4,47,Escalate to Case,0,Rapid Movement of Funds,ACH/P2P/Wire,0,1,2026-08
ALT01706,2026-06-26,R002,ANL12,63.0,11435.64,6,66,Escalate to Case,0,High-Risk Jurisdiction Wire,Wire,0,1,2026-06
ALT01707,2026-02-09,R006,ANL01,100.0,6368.82,4,67,Escalate to Case,1,P2P Funnel Activity,P2P,0,1,2026-02
ALT01708,2026-01-02,R002,ANL01,54.0,16365.11,14,31,Escalate to Case,1,High-Risk Jurisdiction Wire,Wire,0,1,2026-01
ALT01709,2026-02-13,R004,ANL03,44.0,170626.05,3,49,Escalate to Case,0,Unusual Volume Increase,All,0,1,2026-02
ALT01710,2026-08-05,R001,ANL12,50.0,49945.63,4,49,Close - False Positive,0,Structuring / Cash Activity,Cash,1,0,2026-08
ALT01711,2026-05-09,R001,ANL10,16.0,67898.0,2,38,Close - Explained Activity,0,Structuring / Cash Activity,Cash,0,0,2026-05
ALT01712,2026-05-21,R006,ANL04,58.0,3884.82,9,42,Escalate to Case,0,P2P Funnel Activity,P2P,0,1,2026-05
ALT01713,2026-02-04,R004,ANL12,74.0,9282.45,9,37,Close - False Positive,0,Unusual Volume Increase,All,1,0,2026-02
ALT01714,2026-05-02,R001,ANL03,59.0,22688.96,4,28,Close - False Positive,0,Structuring / Cash Activity,Cash,1,0,2026-05
ALT01715,2026-09-23,R003,ANL10,100.0,16042.23,3,56,Close - False Positive,0,Rapid Movement of Funds,ACH/P2P/Wire,1,0,2026-09
ALT01716,2026-03-16,R001,ANL09,45.0,14743.01,9,33,Close - False Positive,0,Structuring / Cash Activity,Cash,1,0,2026-03
ALT01717,2026-04-17,R007,ANL08,59.0,23805.09,4,42,Close - Explained Activity,0,Cash Intensive Business,Cash,0,0,2026-04
ALT01718,2026-04-06,R003,ANL05,40.0,29152.27,4,47,Close - False Positive,0,Rapid Movement of Funds,ACH/P2P/Wire,1,0,2026-04
ALT01719,2026-08-21,R002,ANL02,48.0,98459.61,9,30,Close - False Positive,0,High-Risk Jurisdiction Wire,Wire,1,0,2026-08
ALT01720,2026-04-25,R005,ANL07,58.0,10714.39,12,42,Escalate to Case,0,High-Value Wire,Wire,0,1,2026-04
ALT01721,2026-02-14,R005,ANL03,64.0,34250.45,10,42,Escalate to Case,0,High-Value Wire,Wire,0,1,2026-02
ALT01722,2026-03-31,R005,ANL06,43.0,55766.97,6,28,Close - False Positive,0,High-Value Wire,Wire,1,0,2026-03
ALT01723,2026-09-17,R007,ANL03,80.0,5630.37,8,27,Close - False Positive,0,Cash Intensive Business,Cash,1,0,2026-09
ALT01724,2026-03-29,R001,ANL01,50.0,54297.64,7,46,Close - False Positive,0,Structuring / Cash Activity,Cash,1,0,2026-03
ALT01725,2026-05-30,R002,ANL03,57.0,3501.62,4,37,Close - Explained Activity,0,High-Risk Jurisdiction Wire,Wire,0,0,2026-05
ALT01726,2026-05-22,R007,ANL05,64.0,43499.14,12,57,Close - False Positive,0,Cash Intensive Business,Cash,1,0,2026-05
ALT01727,2026-08-08,R008,ANL06,78.0,4177.48,23,32,Escalate to Case,0,Dormant Account Reactivation,All,0,1,2026-08
ALT01728,2026-03-01,R003,ANL09,46.0,6643.6,12,38,Close - False Positive,0,Rapid Movement of Funds,ACH/P2P/Wire,1,0,2026-03
ALT01729,2026-09-15,R002,ANL12,55.0,56144.69,10,29,Close - False Positive,0,High-Risk Jurisdiction Wire,Wire,1,0,2026-09
ALT01730,2026-03-31,R005,ANL10,64.0,11041.27,11,26,Escalate to Case,0,High-Value Wire,Wire,0,1,2026-03
ALT01731,2026-05-01,R008,ANL03,96.0,25001.21,10,60,Escalate to Case,1,Dormant Account Reactivation,All,0,1,2026-05
ALT01732,2026-06-01,R002,ANL10,20.0,43276.91,31,26,Close - False Positive,0,High-Risk Jurisdiction Wire,Wire,1,0,2026-06
ALT01733,2026-08-26,R001,ANL08,49.0,71619.83,24,20,Close - False Positive,0,Structuring / Cash Activity,Cash,1,0,2026-08
ALT01734,2026-01-29,R006,ANL04,61.0,4920.64,12,44,Close - Explained Activity,0,P2P Funnel Activity,P2P,0,0,2026-01
ALT01735,2026-09-16,R008,ANL03,61.0,16836.69,10,52,Escalate to Case,0,Dormant Account Reactivation,All,0,1,2026-09
ALT01736,2026-05-29,R002,ANL09,66.0,27390.27,3,41,Close - False Positive,0,High-Risk Jurisdiction Wire,Wire,1,0,2026-05
ALT01737,2026-01-25,R001,ANL07,50.0,336140.75,0,16,Escalate to Case,1,Structuring / Cash Activity,Cash,0,1,2026-01
ALT01738,2026-02-14,R005,ANL09,100.0,43932.03,21,35,Close - Explained Activity,0,High-Value Wire,Wire,0,0,2026-02
ALT01739,2026-05-10,R005,ANL08,32.0,8900.46,9,34,Escalate to Case,1,High-Value Wire,Wire,0,1,2026-05
ALT01740,2026-09-21,R008,ANL04,72.0,6892.07,5,25,Close - Explained Activity,0,Dormant Account Reactivation,All,0,0,2026-09
ALT01741,2026-08-04,R005,ANL08,74.0,9371.63,6,35,Close - False Positive,0,High-Value Wire,Wire,1,0,2026-08
ALT01742,2026-03-21,R008,ANL02,100.0,10114.06,4,28,Close - False Positive,0,Dormant Account Reactivation,All,1,0,2026-03
ALT01743,2026-02-21,R004,ANL08,32.0,16866.69,19,33,Close - False Positive,0,Unusual Volume Increase,All,1,0,2026-02
ALT01744,2026-07-14,R004,ANL06,69.0,16371.68,7,28,Close - False Positive,0,Unusual Volume Increase,All,1,0,2026-07
ALT01745,2026-07-30,R004,ANL04,31.0,34561.01,4,36,Close - False Positive,0,Unusual Volume Increase,All,1,0,2026-07
ALT01746,2026-05-03,R006,ANL03,55.0,10697.87,27,32,Close - False Positive,0,P2P Funnel Activity,P2P,1,0,2026-05
ALT01747,2026-01-22,R005,ANL07,55.0,23063.17,3,54,Close - Explained Activity,0,High-Value Wire,Wire,0,0,2026-01
ALT01748,2026-07-05,R007,ANL03,83.0,10286.31,8,39,Close - Explained Activity,0,Cash Intensive Business,Cash,0,0,2026-07
ALT01749,2026-06-14,R005,ANL01,60.0,48732.22,6,41,Close - False Positive,0,High-Value Wire,Wire,1,0,2026-06
ALT01750,2026-02-01,R002,ANL05,68.0,7816.58,13,26,Close - False Positive,0,High-Risk Jurisdiction Wire,Wire,1,0,2026-02
ALT01751,2026-08-15,R007,ANL06,26.0,111211.99,17,41,Close - False Positive,0,Cash Intensive Business,Cash,1,0,2026-08
ALT01752,2026-09-04,R006,ANL08,38.0,22765.01,16,41,Close - False Positive,0,P2P Funnel Activity,P2P,1,0,2026-09
ALT01753,2026-03-16,R001,ANL10,55.0,24528.36,3,47,Close - False Positive,0,Structuring / Cash Activity,Cash,1,0,2026-03
ALT01754,2026-03-04,R008,ANL03,71.0,8641.43,7,29,Escalate to Case,0,Dormant Account Reactivation,All,0,1,2026-03
ALT01755,2026-09-28,R003,ANL04,55.0,28675.94,4,59,Close - Explained Activity,0,Rapid Movement of Funds,ACH/P2P/Wire,0,0,2026-09
ALT01756,2026-05-18,R004,ANL11,42.0,57422.78,7,16,Escalate to Case,0,Unusual Volume Increase,All,0,1,2026-05
ALT01757,2026-02-04,R007,ANL08,63.0,5031.78,2,47,Close - False Positive,0,Cash Intensive Business,Cash,1,0,2026-02
ALT01758,2026-04-13,R004,ANL12,32.0,12692.35,12,56,Close - False Positive,0,Unusual Volume Increase,All,1,0,2026-04
ALT01759,2026-08-29,R001,ANL03,70.0,64180.3,13,49,Close - False Positive,0,Structuring / Cash Activity,Cash,1,0,2026-08
ALT01760,2026-03-25,R001,ANL12,40.0,32616.88,22,26,Close - Explained Activity,0,Structuring / Cash Activity,Cash,0,0,2026-03
ALT01761,2026-03-27,R003,ANL11,86.0,50635.69,4,56,Escalate to Case,0,Rapid Movement of Funds,ACH/P2P/Wire,0,1,2026-03
ALT01762,2026-01-17,R008,ANL10,42.0,56598.9,8,28,Close - False Positive,0,Dormant Account Reactivation,All,1,0,2026-01
ALT01763,2026-05-09,R002,ANL12,81.0,10850.26,4,33,Escalate to Case,0,High-Risk Jurisdiction Wire,Wire,0,1,2026-05
ALT01764,2026-07-05,R001,ANL11,47.0,90245.7,2,37,Close - False Positive,0,Structuring / Cash Activity,Cash,1,0,2026-07
ALT01765,2026-08-22,R001,ANL10,77.0,27114.41,14,55,Escalate to Case,1,Structuring / Cash Activity,Cash,0,1,2026-08
ALT01766,2026-05-12,R005,ANL04,66.0,10395.18,3,43,Escalate to Case,1,High-Value Wire,Wire,0,1,2026-05
ALT01767,2026-06-25,R006,ANL11,56.0,46485.26,5,23,Close - False Positive,0,P2P Funnel Activity,P2P,1,0,2026-06
ALT01768,2026-01-13,R001,ANL11,79.0,70959.28,9,34,Close - Explained Activity,0,Structuring / Cash Activity,Cash,0,0,2026-01
ALT01769,2026-08-08,R008,ANL04,70.0,27180.12,13,29,Close - False Positive,0,Dormant Account Reactivation,All,1,0,2026-08
ALT01770,2026-07-20,R001,ANL02,57.0,8873.83,16,46,Escalate to Case,1,Structuring / Cash Activity,Cash,0,1,2026-07
ALT01771,2026-07-24,R002,ANL05,44.0,12344.18,4,30,Close - False Positive,0,High-Risk Jurisdiction Wire,Wire,1,0,2026-07
ALT01772,2026-03-08,R008,ANL03,52.0,16619.89,7,15,Escalate to Case,0,Dormant Account Reactivation,All,0,1,2026-03
ALT01773,2026-08-02,R004,ANL06,70.0,33213.22,5,60,Escalate to Case,0,Unusual Volume Increase,All,0,1,2026-08
ALT01774,2026-07-28,R001,ANL06,57.0,4267.93,11,38,Close - False Positive,0,Structuring / Cash Activity,Cash,1,0,2026-07
ALT01775,2026-03-01,R005,ANL11,69.0,6953.2,9,42,Close - False Positive,0,High-Value Wire,Wire,1,0,2026-03
ALT01776,2026-05-27,R003,ANL05,57.0,17895.63,6,57,Escalate to Case,0,Rapid Movement of Funds,ACH/P2P/Wire,0,1,2026-05
ALT01777,2026-08-08,R001,ANL03,97.0,16410.39,3,13,Close - False Positive,0,Structuring / Cash Activity,Cash,1,0,2026-08
ALT01778,2026-02-28,R002,ANL08,38.0,24536.54,27,54,Close - False Positive,0,High-Risk Jurisdiction Wire,Wire,1,0,2026-02
ALT01779,2026-09-21,R004,ANL11,52.0,27026.82,10,46,Close - False Positive,0,Unusual Volume Increase,All,1,0,2026-09
ALT01780,2026-02-09,R001,ANL09,66.0,61569.26,8,45,Close - False Positive,0,Structuring / Cash Activity,Cash,1,0,2026-02
ALT01781,2026-04-28,R006,ANL04,69.0,163740.46,6,42,Escalate to Case,0,P2P Funnel Activity,P2P,0,1,2026-04
ALT01782,2026-01-20,R003,ANL11,51.0,13159.98,9,34,Escalate to Case,0,Rapid Movement of Funds,ACH/P2P/Wire,0,1,2026-01
ALT01783,2026-01-10,R007,ANL02,43.0,4654.63,7,44,Escalate to Case,0,Cash Intensive Business,Cash,0,1,2026-01
ALT01784,2026-08-09,R008,ANL06,48.0,46885.83,10,46,Close - Explained Activity,0,Dormant Account Reactivation,All,0,0,2026-08
ALT01785,2026-09-22,R005,ANL08,42.0,16017.78,19,17,Escalate to Case,0,High-Value Wire,Wire,0,1,2026-09
ALT01786,2026-09-27,R008,ANL10,69.0,29114.83,21,36,Close - False Positive,0,Dormant Account Reactivation,All,1,0,2026-09
ALT01787,2026-04-30,R006,ANL09,48.0,3369.08,2,36,Close - False Positive,0,P2P Funnel Activity,P2P,1,0,2026-04
ALT01788,2026-08-26,R005,ANL01,42.0,134903.39,14,34,Close - False Positive,0,High-Value Wire,Wire,1,0,2026-08
ALT01789,2026-09-29,R005,ANL05,39.0,151780.01,16,52,Close - False Positive,0,High-Value Wire,Wire,1,0,2026-09
ALT01790,2026-09-04,R005,ANL04,49.0,45377.96,10,54,Close - Explained Activity,0,High-Value Wire,Wire,0,0,2026-09
ALT01791,2026-02-17,R002,ANL07,46.0,31153.84,4,12,Close - False Positive,0,High-Risk Jurisdiction Wire,Wire,1,0,2026-02
ALT01792,2026-02-28,R001,ANL05,36.0,31941.2,3,35,Close - Explained Activity,0,Structuring / Cash Activity,Cash,0,0,2026-02
ALT01793,2026-07-11,R005,ANL11,50.0,48569.05,12,19,Close - False Positive,0,High-Value Wire,Wire,1,0,2026-07
ALT01794,2026-09-01,R003,ANL12,63.0,37018.8,4,49,Close - False Positive,0,Rapid Movement of Funds,ACH/P2P/Wire,1,0,2026-09
ALT01795,2026-07-06,R003,ANL06,85.0,11457.94,8,43,Escalate to Case,0,Rapid Movement of Funds,ACH/P2P/Wire,0,1,2026-07
ALT01796,2026-02-17,R001,ANL06,63.0,34221.63,11,40,Close - False Positive,0,Structuring / Cash Activity,Cash,1,0,2026-02
ALT01797,2026-01-23,R001,ANL05,58.0,13447.99,1,33,Close - False Positive,0,Structuring / Cash Activity,Cash,1,0,2026-01
ALT01798,2026-08-31,R006,ANL06,66.0,33856.27,10,40,Escalate to Case,0,P2P Funnel Activity,P2P,0,1,2026-08
ALT01799,2026-08-20,R006,ANL07,97.0,7957.52,1,26,Escalate to Case,0,P2P Funnel Activity,P2P,0,1,2026-08
ALT01800,2026-05-27,R003,ANL11,78.0,148511.82,12,14,Escalate to Case,0,Rapid Movement of Funds,ACH/P2P/Wire,0,1,2026-05
ALT01801,2026-03-02,R008,ANL04,68.0,25259.66,11,29,Escalate to Case,0,Dormant Account Reactivation,All,0,1,2026-03
ALT01802,2026-03-17,R001,ANL01,61.0,9327.26,13,41,Close - False Positive,0,Structuring / Cash Activity,Cash,1,0,2026-03
ALT01803,2026-08-02,R007,ANL07,71.0,76052.93,3,20,Close - False Positive,0,Cash Intensive Business,Cash,1,0,2026-08
ALT01804,2026-02-24,R002,ANL08,45.0,17449.09,18,41,Escalate to Case,0,High-Risk Jurisdiction Wire,Wire,0,1,2026-02
ALT01805,2026-09-12,R003,ANL03,37.0,11574.92,3,17,Close - False Positive,0,Rapid Movement of Funds,ACH/P2P/Wire,1,0,2026-09
ALT01806,2026-03-01,R006,ANL05,66.0,18156.93,21,41,Close - False Positive,0,P2P Funnel Activity,P2P,1,0,2026-03
ALT01807,2026-02-17,R008,ANL03,64.0,1578150.24,15,21,Escalate to Case,0,Dormant Account Reactivation,All,0,1,2026-02
ALT01808,2026-05-16,R004,ANL05,80.0,1890.32,6,52,Escalate to Case,0,Unusual Volume Increase,All,0,1,2026-05
ALT01809,2026-07-12,R003,ANL03,68.0,4222.96,8,26,Close - Explained Activity,0,Rapid Movement of Funds,ACH/P2P/Wire,0,0,2026-07
ALT01810,2026-04-26,R007,ANL05,69.0,5326.3,7,40,Escalate to Case,0,Cash Intensive Business,Cash,0,1,2026-04
ALT01811,2026-05-22,R001,ANL11,45.0,6196.11,5,40,Close - False Positive,0,Structuring / Cash Activity,Cash,1,0,2026-05
ALT01812,2026-01-22,R003,ANL12,5.0,25305.46,14,54,Close - False Positive,0,Rapid Movement of Funds,ACH/P2P/Wire,1,0,2026-01
ALT01813,2026-03-10,R006,ANL06,67.0,17868.89,10,49,Close - False Positive,0,P2P Funnel Activity,P2P,1,0,2026-03
ALT01814,2026-06-06,R006,ANL10,91.0,88909.5,3,53,Close - False Positive,0,P2P Funnel Activity,P2P,1,0,2026-06
ALT01815,2026-07-23,R003,ANL08,32.0,44802.78,2,38,Escalate to Case,0,Rapid Movement of Funds,ACH/P2P/Wire,0,1,2026-07
ALT01816,2026-09-28,R002,ANL08,59.0,67580.32,4,36,Close - Explained Activity,0,High-Risk Jurisdiction Wire,Wire,0,0,2026-09
ALT01817,2026-03-10,R006,ANL10,54.0,883236.68,20,38,Close - False Positive,0,P2P Funnel Activity,P2P,1,0,2026-03
ALT01818,2026-02-13,R001,ANL11,22.0,5680.53,10,43,Close - False Positive,0,Structuring / Cash Activity,Cash,1,0,2026-02
ALT01819,2026-03-16,R006,ANL03,60.0,10913.81,10,29,Escalate to Case,0,P2P Funnel Activity,P2P,0,1,2026-03
ALT01820,2026-05-25,R002,ANL07,70.0,36976.43,12,39,Close - False Positive,0,High-Risk Jurisdiction Wire,Wire,1,0,2026-05
ALT01821,2026-05-21,R005,ANL09,72.0,73694.3,5,32,Close - False Positive,0,High-Value Wire,Wire,1,0,2026-05
ALT01822,2026-05-31,R003,ANL01,50.0,5190.19,10,37,Close - False Positive,0,Rapid Movement of Funds,ACH/P2P/Wire,1,0,2026-05
ALT01823,2026-04-22,R004,ANL03,55.0,31165.98,0,18,Escalate to Case,0,Unusual Volume Increase,All,0,1,2026-04
ALT01824,2026-06-22,R004,ANL11,24.0,26887.36,6,48,Close - False Positive,0,Unusual Volume Increase,All,1,0,2026-06
ALT01825,2026-04-28,R003,ANL03,74.0,139003.93,3,53,Close - False Positive,0,Rapid Movement of Funds,ACH/P2P/Wire,1,0,2026-04
ALT01826,2026-06-07,R004,ANL08,69.0,31884.82,8,52,Close - False Positive,0,Unusual Volume Increase,All,1,0,2026-06
ALT01827,2026-05-29,R006,ANL08,58.0,255387.63,2,38,Close - False Positive,0,P2P Funnel Activity,P2P,1,0,2026-05
ALT01828,2026-02-26,R001,ANL10,39.0,7891.52,2,37,Close - Explained Activity,0,Structuring / Cash Activity,Cash,0,0,2026-02
ALT01829,2026-06-17,R002,ANL10,49.0,103072.12,3,42,Close - False Positive,0,High-Risk Jurisdiction Wire,Wire,1,0,2026-06
ALT01830,2026-06-27,R006,ANL11,71.0,3042.29,25,54,Close - False Positive,0,P2P Funnel Activity,P2P,1,0,2026-06
ALT01831,2026-05-21,R001,ANL02,85.0,32862.9,8,46,Close - False Positive,0,Structuring / Cash Activity,Cash,1,0,2026-05
ALT01832,2026-09-29,R001,ANL06,42.0,8816.75,13,37,Escalate to Case,0,Structuring / Cash Activity,Cash,0,1,2026-09
ALT01833,2026-05-01,R004,ANL01,92.0,19911.26,0,46,Close - False Positive,0,Unusual Volume Increase,All,1,0,2026-05
ALT01834,2026-06-05,R004,ANL04,63.0,18629.97,14,38,Close - False Positive,0,Unusual Volume Increase,All,1,0,2026-06
ALT01835,2026-07-27,R006,ANL09,46.0,19345.4,3,27,Close - False Positive,0,P2P Funnel Activity,P2P,1,0,2026-07
ALT01836,2026-04-02,R001,ANL07,5.0,74006.14,4,33,Close - False Positive,0,Structuring / Cash Activity,Cash,1,0,2026-04
ALT01837,2026-08-10,R004,ANL07,56.0,37098.82,5,33,Close - False Positive,0,Unusual Volume Increase,All,1,0,2026-08
ALT01838,2026-03-26,R004,ANL08,54.0,52701.79,20,11,Close - False Positive,0,Unusual Volume Increase,All,1,0,2026-03
ALT01839,2026-02-01,R007,ANL09,61.0,25514.66,8,24,Close - False Positive,0,Cash Intensive Business,Cash,1,0,2026-02
ALT01840,2026-05-02,R003,ANL06,38.0,6974.41,9,50,Close - False Positive,0,Rapid Movement of Funds,ACH/P2P/Wire,1,0,2026-05
ALT01841,2026-04-07,R002,ANL02,48.0,7633.03,7,30,Close - False Positive,0,High-Risk Jurisdiction Wire,Wire,1,0,2026-04
ALT01842,2026-09-30,R002,ANL05,82.0,2187.1,8,41,Escalate to Case,1,High-Risk Jurisdiction Wire,Wire,0,1,2026-09
ALT01843,2026-05-31,R002,ANL12,62.0,9551.91,14,12,Escalate to Case,0,High-Risk Jurisdiction Wire,Wire,0,1,2026-05
ALT01844,2026-08-18,R003,ANL06,46.0,8609.32,7,39,Escalate to Case,0,Rapid Movement of Funds,ACH/P2P/Wire,0,1,2026-08
ALT01845,2026-02-25,R007,ANL07,95.0,26924.23,10,40,Close - False Positive,0,Cash Intensive Business,Cash,1,0,2026-02
ALT01846,2026-06-04,R006,ANL01,82.0,78673.15,2,25,Escalate to Case,0,P2P Funnel Activity,P2P,0,1,2026-06
ALT01847,2026-09-09,R006,ANL11,37.0,7766.91,4,28,Close - Explained Activity,0,P2P Funnel Activity,P2P,0,0,2026-09
ALT01848,2026-08-25,R001,ANL06,79.0,10530.67,11,14,Close - False Positive,0,Structuring / Cash Activity,Cash,1,0,2026-08
ALT01849,2026-05-20,R004,ANL01,72.0,53707.05,6,16,Escalate to Case,0,Unusual Volume Increase,All,0,1,2026-05
ALT01850,2026-08-31,R008,ANL10,71.0,24120.63,5,54,Close - False Positive,0,Dormant Account Reactivation,All,1,0,2026-08
ALT01851,2026-02-25,R004,ANL10,38.0,34678.56,8,21,Close - False Positive,0,Unusual Volume Increase,All,1,0,2026-02
ALT01852,2026-03-03,R001,ANL06,53.0,91950.87,16,20,Close - False Positive,0,Structuring / Cash Activity,Cash,1,0,2026-03
ALT01853,2026-05-08,R006,ANL05,77.0,115816.22,8,23,Close - False Positive,0,P2P Funnel Activity,P2P,1,0,2026-05
ALT01854,2026-05-06,R003,ANL12,52.0,65934.39,9,25,Close - Explained Activity,0,Rapid Movement of Funds,ACH/P2P/Wire,0,0,2026-05
ALT01855,2026-02-21,R008,ANL11,51.0,7637.62,13,31,Close - False Positive,0,Dormant Account Reactivation,All,1,0,2026-02
ALT01856,2026-05-22,R004,ANL04,88.0,79769.9,11,30,Close - False Positive,0,Unusual Volume Increase,All,1,0,2026-05
ALT01857,2026-08-29,R002,ANL08,43.0,19552.63,14,17,Close - False Positive,0,High-Risk Jurisdiction Wire,Wire,1,0,2026-08
ALT01858,2026-05-11,R002,ANL04,68.0,15013.78,2,45,Close - False Positive,0,High-Risk Jurisdiction Wire,Wire,1,0,2026-05
ALT01859,2026-07-07,R008,ANL10,36.0,8973.34,6,22,Escalate to Case,0,Dormant Account Reactivation,All,0,1,2026-07
ALT01860,2026-04-29,R004,ANL10,55.0,39762.04,9,42,Close - False Positive,0,Unusual Volume Increase,All,1,0,2026-04
ALT01861,2026-08-04,R003,ANL03,48.0,2459.14,11,46,Close - False Positive,0,Rapid Movement of Funds,ACH/P2P/Wire,1,0,2026-08
ALT01862,2026-01-15,R004,ANL11,95.0,21889.65,11,58,Escalate to Case,0,Unusual Volume Increase,All,0,1,2026-01
ALT01863,2026-01-23,R001,ANL04,65.0,104045.62,10,61,Close - False Positive,0,Structuring / Cash Activity,Cash,1,0,2026-01
ALT01864,2026-08-07,R005,ANL07,63.0,11926.48,2,34,Escalate to Case,0,High-Value Wire,Wire,0,1,2026-08
ALT01865,2026-05-21,R008,ANL07,14.0,29551.28,16,46,Close - Explained Activity,0,Dormant Account Reactivation,All,0,0,2026-05
ALT01866,2026-08-29,R001,ANL07,83.0,23113.45,22,48,Escalate to Case,1,Structuring / Cash Activity,Cash,0,1,2026-08
ALT01867,2026-05-04,R001,ANL07,73.0,38270.13,11,39,Close - False Positive,0,Structuring / Cash Activity,Cash,1,0,2026-05
ALT01868,2026-01-17,R001,ANL03,83.0,130212.88,16,11,Escalate to Case,0,Structuring / Cash Activity,Cash,0,1,2026-01
ALT01869,2026-03-10,R001,ANL12,73.0,42124.27,17,28,Close - False Positive,0,Structuring / Cash Activity,Cash,1,0,2026-03
ALT01870,2026-04-28,R005,ANL12,66.0,2003.7,4,28,Close - False Positive,0,High-Value Wire,Wire,1,0,2026-04
ALT01871,2026-02-22,R001,ANL11,43.0,3915.72,10,26,Close - False Positive,0,Structuring / Cash Activity,Cash,1,0,2026-02
ALT01872,2026-07-22,R006,ANL08,48.0,21703.02,3,30,Escalate to Case,0,P2P Funnel Activity,P2P,0,1,2026-07
ALT01873,2026-04-05,R004,ANL09,48.0,2564.93,9,36,Close - False Positive,0,Unusual Volume Increase,All,1,0,2026-04
ALT01874,2026-04-04,R008,ANL11,70.0,6043.49,7,46,Close - False Positive,0,Dormant Account Reactivation,All,1,0,2026-04
ALT01875,2026-02-12,R004,ANL07,82.0,5725.6,5,37,Escalate to Case,0,Unusual Volume Increase,All,0,1,2026-02
ALT01876,2026-06-23,R007,ANL05,72.0,123234.12,5,37,Close - Explained Activity,0,Cash Intensive Business,Cash,0,0,2026-06
ALT01877,2026-03-18,R001,ANL08,35.0,29303.73,5,43,Escalate to Case,0,Structuring / Cash Activity,Cash,0,1,2026-03
ALT01878,2026-06-17,R002,ANL09,79.0,1403.47,1,74,Close - False Positive,0,High-Risk Jurisdiction Wire,Wire,1,0,2026-06
ALT01879,2026-03-30,R006,ANL08,81.0,52152.88,5,54,Escalate to Case,0,P2P Funnel Activity,P2P,0,1,2026-03
ALT01880,2026-02-12,R005,ANL12,69.0,16011.43,20,54,Close - False Positive,0,High-Value Wire,Wire,1,0,2026-02
ALT01881,2026-08-17,R003,ANL04,30.0,28202.83,9,38,Close - False Positive,0,Rapid Movement of Funds,ACH/P2P/Wire,1,0,2026-08
ALT01882,2026-03-20,R002,ANL10,43.0,5702.49,5,13,Close - False Positive,0,High-Risk Jurisdiction Wire,Wire,1,0,2026-03
ALT01883,2026-03-31,R004,ANL06,50.0,50551.92,13,35,Close - False Positive,0,Unusual Volume Increase,All,1,0,2026-03
ALT01884,2026-07-15,R003,ANL02,80.0,4699.14,11,39,Escalate to Case,1,Rapid Movement of Funds,ACH/P2P/Wire,0,1,2026-07
ALT01885,2026-02-10,R001,ANL08,38.0,35653.04,4,35,Close - False Positive,0,Structuring / Cash Activity,Cash,1,0,2026-02
ALT01886,2026-07-15,R003,ANL07,32.0,22704.81,16,30,Escalate to Case,1,Rapid Movement of Funds,ACH/P2P/Wire,0,1,2026-07
ALT01887,2026-09-06,R007,ANL02,49.0,12126.42,5,26,Close - False Positive,0,Cash Intensive Business,Cash,1,0,2026-09
ALT01888,2026-08-04,R008,ANL07,76.0,5629.79,12,66,Close - Explained Activity,0,Dormant Account Reactivation,All,0,0,2026-08
ALT01889,2026-02-13,R001,ANL02,76.0,20037.4,6,43,Close - False Positive,0,Structuring / Cash Activity,Cash,1,0,2026-02
ALT01890,2026-06-20,R003,ANL01,91.0,24049.6,8,60,Close - Explained Activity,0,Rapid Movement of Funds,ACH/P2P/Wire,0,0,2026-06
ALT01891,2026-07-27,R007,ANL03,100.0,17670.33,14,19,Close - False Positive,0,Cash Intensive Business,Cash,1,0,2026-07
ALT01892,2026-06-29,R007,ANL09,91.0,22329.54,16,59,Escalate to Case,0,Cash Intensive Business,Cash,0,1,2026-06
ALT01893,2026-03-31,R005,ANL06,70.0,6776.66,13,46,Close - False Positive,0,High-Value Wire,Wire,1,0,2026-03
ALT01894,2026-06-18,R008,ANL06,69.0,45636.56,7,50,Escalate to Case,0,Dormant Account Reactivation,All,0,1,2026-06
ALT01895,2026-09-19,R001,ANL05,68.0,213476.04,17,37,Close - False Positive,0,Structuring / Cash Activity,Cash,1,0,2026-09
ALT01896,2026-09-14,R006,ANL05,96.0,5549.85,4,31,Escalate to Case,0,P2P Funnel Activity,P2P,0,1,2026-09
ALT01897,2026-03-28,R005,ANL08,83.0,21847.86,11,62,Close - False Positive,0,High-Value Wire,Wire,1,0,2026-03
ALT01898,2026-05-08,R002,ANL12,63.0,45568.08,3,22,Close - False Positive,0,High-Risk Jurisdiction Wire,Wire,1,0,2026-05
ALT01899,2026-05-22,R002,ANL03,56.0,33865.87,5,38,Escalate to Case,0,High-Risk Jurisdiction Wire,Wire,0,1,2026-05
ALT01900,2026-04-18,R002,ANL07,60.0,9547.3,18,63,Close - Explained Activity,0,High-Risk Jurisdiction Wire,Wire,0,0,2026-04
ALT01901,2026-09-03,R002,ANL02,41.0,19584.34,13,38,Close - False Positive,0,High-Risk Jurisdiction Wire,Wire,1,0,2026-09
ALT01902,2026-02-27,R007,ANL12,74.0,33694.81,13,46,Close - False Positive,0,Cash Intensive Business,Cash,1,0,2026-02
ALT01903,2026-05-02,R003,ANL12,59.0,19677.6,3,20,Escalate to Case,0,Rapid Movement of Funds,ACH/P2P/Wire,0,1,2026-05
ALT01904,2026-08-03,R008,ANL05,57.0,13752.96,11,62,Close - Explained Activity,0,Dormant Account Reactivation,All,0,0,2026-08
ALT01905,2026-03-07,R001,ANL01,53.0,3861.92,9,41,Close - Explained Activity,0,Structuring / Cash Activity,Cash,0,0,2026-03
ALT01906,2026-09-08,R007,ANL06,84.0,34038.03,6,53,Escalate to Case,0,Cash Intensive Business,Cash,0,1,2026-09
ALT01907,2026-08-01,R003,ANL12,67.0,16336.04,21,27,Close - False Positive,0,Rapid Movement of Funds,ACH/P2P/Wire,1,0,2026-08
ALT01908,2026-01-28,R007,ANL01,76.0,3585.58,22,26,Escalate to Case,0,Cash Intensive Business,Cash,0,1,2026-01
ALT01909,2026-09-26,R007,ANL03,70.0,13795.26,5,36,Close - False Positive,0,Cash Intensive Business,Cash,1,0,2026-09
ALT01910,2026-06-06,R001,ANL11,55.0,8477.52,13,34,Close - False Positive,0,Structuring / Cash Activity,Cash,1,0,2026-06
ALT01911,2026-04-14,R001,ANL06,87.0,60260.5,18,43,Close - False Positive,0,Structuring / Cash Activity,Cash,1,0,2026-04
ALT01912,2026-03-21,R002,ANL07,47.0,116641.13,8,8,Close - Explained Activity,0,High-Risk Jurisdiction Wire,Wire,0,0,2026-03
ALT01913,2026-03-30,R003,ANL01,38.0,23423.07,17,44,Close - False Positive,0,Rapid Movement of Funds,ACH/P2P/Wire,1,0,2026-03
ALT01914,2026-02-27,R002,ANL07,55.0,6497.14,4,72,Escalate to Case,1,High-Risk Jurisdiction Wire,Wire,0,1,2026-02
ALT01915,2026-09-24,R008,ANL01,75.0,116615.62,14,18,Escalate to Case,0,Dormant Account Reactivation,All,0,1,2026-09
ALT01916,2026-03-30,R002,ANL08,89.0,301337.54,7,44,Escalate to Case,0,High-Risk Jurisdiction Wire,Wire,0,1,2026-03
ALT01917,2026-06-06,R008,ANL11,69.0,23270.14,7,28,Close - False Positive,0,Dormant Account Reactivation,All,1,0,2026-06
ALT01918,2026-06-30,R003,ANL10,66.0,36165.21,8,41,Close - False Positive,0,Rapid Movement of Funds,ACH/P2P/Wire,1,0,2026-06
ALT01919,2026-03-02,R002,ANL01,77.0,215894.31,8,41,Close - Explained Activity,0,High-Risk Jurisdiction Wire,Wire,0,0,2026-03
ALT01920,2026-07-08,R006,ANL07,59.0,12286.99,7,45,Close - Explained Activity,0,P2P Funnel Activity,P2P,0,0,2026-07
ALT01921,2026-09-25,R007,ANL12,57.0,158893.1,14,48,Close - False Positive,0,Cash Intensive Business,Cash,1,0,2026-09
ALT01922,2026-09-28,R001,ANL11,34.0,14211.51,7,23,Close - Explained Activity,0,Structuring / Cash Activity,Cash,0,0,2026-09
ALT01923,2026-06-02,R001,ANL06,58.0,7733.68,24,58,Escalate to Case,0,Structuring / Cash Activity,Cash,0,1,2026-06
ALT01924,2026-04-25,R001,ANL06,77.0,56419.63,2,24,Escalate to Case,0,Structuring / Cash Activity,Cash,0,1,2026-04
ALT01925,2026-08-03,R002,ANL09,68.0,11366.05,7,42,Close - Explained Activity,0,High-Risk Jurisdiction Wire,Wire,0,0,2026-08
ALT01926,2026-07-24,R002,ANL12,51.0,51813.82,9,52,Close - False Positive,0,High-Risk Jurisdiction Wire,Wire,1,0,2026-07
ALT01927,2026-01-18,R003,ANL05,78.0,139653.39,8,51,Close - Explained Activity,0,Rapid Movement of Funds,ACH/P2P/Wire,0,0,2026-01
ALT01928,2026-04-18,R003,ANL02,68.0,104502.99,9,20,Close - False Positive,0,Rapid Movement of Funds,ACH/P2P/Wire,1,0,2026-04
ALT01929,2026-03-04,R003,ANL12,66.0,23639.42,7,29,Close - False Positive,0,Rapid Movement of Funds,ACH/P2P/Wire,1,0,2026-03
ALT01930,2026-04-10,R001,ANL12,24.0,27693.41,35,27,Close - False Positive,0,Structuring / Cash Activity,Cash,1,0,2026-04
ALT01931,2026-08-17,R001,ANL05,63.0,24557.33,10,42,Close - False Positive,0,Structuring / Cash Activity,Cash,1,0,2026-08
ALT01932,2026-05-21,R002,ANL04,46.0,3561.93,6,47,Close - False Positive,0,High-Risk Jurisdiction Wire,Wire,1,0,2026-05
ALT01933,2026-09-09,R008,ANL05,40.0,20993.03,19,46,Close - False Positive,0,Dormant Account Reactivation,All,1,0,2026-09
ALT01934,2026-08-28,R004,ANL12,60.0,37151.96,2,32,Escalate to Case,0,Unusual Volume Increase,All,0,1,2026-08
ALT01935,2026-03-13,R007,ANL05,56.0,17982.08,19,21,Close - False Positive,0,Cash Intensive Business,Cash,1,0,2026-03
ALT01936,2026-05-19,R002,ANL05,48.0,9989.37,8,28,Close - False Positive,0,High-Risk Jurisdiction Wire,Wire,1,0,2026-05
ALT01937,2026-05-30,R001,ANL06,57.0,50766.51,9,53,Close - False Positive,0,Structuring / Cash Activity,Cash,1,0,2026-05
ALT01938,2026-05-29,R005,ANL10,60.0,10090.91,16,21,Escalate to Case,0,High-Value Wire,Wire,0,1,2026-05
ALT01939,2026-05-10,R006,ANL03,18.0,10600.33,9,43,Escalate to Case,0,P2P Funnel Activity,P2P,0,1,2026-05
ALT01940,2026-03-30,R006,ANL06,50.0,1981.68,11,45,Close - False Positive,0,P2P Funnel Activity,P2P,1,0,2026-03
ALT01941,2026-04-13,R006,ANL08,48.0,25576.43,2,20,Escalate to Case,1,P2P Funnel Activity,P2P,0,1,2026-04
ALT01942,2026-04-01,R006,ANL05,63.0,18181.26,5,39,Close - False Positive,0,P2P Funnel Activity,P2P,1,0,2026-04
ALT01943,2026-01-02,R003,ANL09,64.0,103207.34,24,59,Escalate to Case,0,Rapid Movement of Funds,ACH/P2P/Wire,0,1,2026-01
ALT01944,2026-05-15,R006,ANL01,82.0,5603.52,6,42,Close - False Positive,0,P2P Funnel Activity,P2P,1,0,2026-05
ALT01945,2026-05-17,R001,ANL04,61.0,6417.85,10,33,Close - False Positive,0,Structuring / Cash Activity,Cash,1,0,2026-05
ALT01946,2026-02-26,R008,ANL11,41.0,109243.41,7,32,Close - Explained Activity,0,Dormant Account Reactivation,All,0,0,2026-02
ALT01947,2026-02-12,R001,ANL08,91.0,37363.36,33,62,Close - False Positive,0,Structuring / Cash Activity,Cash,1,0,2026-02
ALT01948,2026-03-01,R006,ANL06,73.0,6530.99,1,36,Escalate to Case,0,P2P Funnel Activity,P2P,0,1,2026-03
ALT01949,2026-07-19,R004,ANL02,86.0,16873.47,7,49,Close - False Positive,0,Unusual Volume Increase,All,1,0,2026-07
ALT01950,2026-08-02,R001,ANL08,31.0,35199.8,4,18,Close - False Positive,0,Structuring / Cash Activity,Cash,1,0,2026-08
ALT01951,2026-03-07,R002,ANL05,33.0,111363.27,24,29,Close - False Positive,0,High-Risk Jurisdiction Wire,Wire,1,0,2026-03
ALT01952,2026-01-14,R004,ANL04,42.0,15568.64,4,21,Close - False Positive,0,Unusual Volume Increase,All,1,0,2026-01
ALT01953,2026-06-09,R004,ANL11,60.0,702887.19,9,48,Escalate to Case,0,Unusual Volume Increase,All,0,1,2026-06
ALT01954,2026-05-02,R004,ANL10,38.0,23644.51,18,15,Close - False Positive,0,Unusual Volume Increase,All,1,0,2026-05
ALT01955,2026-02-03,R002,ANL10,73.0,28491.66,22,53,Escalate to Case,1,High-Risk Jurisdiction Wire,Wire,0,1,2026-02
ALT01956,2026-04-22,R003,ANL06,65.0,41035.93,2,36,Close - False Positive,0,Rapid Movement of Funds,ACH/P2P/Wire,1,0,2026-04
ALT01957,2026-05-14,R001,ANL01,71.0,20136.43,10,34,Close - False Positive,0,Structuring / Cash Activity,Cash,1,0,2026-05
ALT01958,2026-01-04,R001,ANL10,74.0,7703.8,6,13,Escalate to Case,0,Structuring / Cash Activity,Cash,0,1,2026-01
ALT01959,2026-04-12,R001,ANL08,60.0,65770.34,12,41,Close - False Positive,0,Structuring / Cash Activity,Cash,1,0,2026-04
ALT01960,2026-01-18,R006,ANL06,78.0,12965.37,15,38,Close - False Positive,0,P2P Funnel Activity,P2P,1,0,2026-01
ALT01961,2026-08-15,R003,ANL03,56.0,4675.18,11,27,Close - False Positive,0,Rapid Movement of Funds,ACH/P2P/Wire,1,0,2026-08
ALT01962,2026-02-25,R003,ANL12,56.0,119509.44,4,40,Close - False Positive,0,Rapid Movement of Funds,ACH/P2P/Wire,1,0,2026-02
ALT01963,2026-07-14,R005,ANL10,87.0,12765.7,15,36,Escalate to Case,0,High-Value Wire,Wire,0,1,2026-07
ALT01964,2026-09-08,R006,ANL06,59.0,179123.13,8,49,Close - False Positive,0,P2P Funnel Activity,P2P,1,0,2026-09
ALT01965,2026-02-17,R006,ANL09,25.0,17883.97,7,29,Close - False Positive,0,P2P Funnel Activity,P2P,1,0,2026-02
ALT01966,2026-04-15,R003,ANL09,90.0,47394.3,9,32,Close - False Positive,0,Rapid Movement of Funds,ACH/P2P/Wire,1,0,2026-04
ALT01967,2026-07-26,R003,ANL06,42.0,33282.23,2,34,Escalate to Case,0,Rapid Movement of Funds,ACH/P2P/Wire,0,1,2026-07
ALT01968,2026-08-23,R005,ANL11,46.0,10753.42,18,46,Escalate to Case,0,High-Value Wire,Wire,0,1,2026-08
ALT01969,2026-06-08,R008,ANL02,41.0,5933.52,14,44,Escalate to Case,0,Dormant Account Reactivation,All,0,1,2026-06
ALT01970,2026-01-08,R002,ANL01,95.0,14350.06,5,40,Close - False Positive,0,High-Risk Jurisdiction Wire,Wire,1,0,2026-01
ALT01971,2026-04-17,R005,ANL12,47.0,14509.54,4,38,Escalate to Case,0,High-Value Wire,Wire,0,1,2026-04
ALT01972,2026-09-18,R001,ANL04,50.0,6171.65,3,35,Close - Explained Activity,0,Structuring / Cash Activity,Cash,0,0,2026-09
ALT01973,2026-09-25,R004,ANL10,39.0,10570.65,10,16,Close - Explained Activity,0,Unusual Volume Increase,All,0,0,2026-09
ALT01974,2026-02-02,R003,ANL02,55.0,42672.7,8,45,Close - False Positive,0,Rapid Movement of Funds,ACH/P2P/Wire,1,0,2026-02
ALT01975,2026-01-21,R001,ANL01,94.0,7198.33,5,34,Close - False Positive,0,Structuring / Cash Activity,Cash,1,0,2026-01
ALT01976,2026-02-21,R002,ANL11,39.0,3274.1,10,39,Close - False Positive,0,High-Risk Jurisdiction Wire,Wire,1,0,2026-02
ALT01977,2026-02-12,R002,ANL04,35.0,11607.12,17,42,Close - False Positive,0,High-Risk Jurisdiction Wire,Wire,1,0,2026-02
ALT01978,2026-05-06,R003,ANL07,45.0,85395.81,16,63,Close - False Positive,0,Rapid Movement of Funds,ACH/P2P/Wire,1,0,2026-05
ALT01979,2026-04-22,R005,ANL03,71.0,3323.18,2,51,Escalate to Case,0,High-Value Wire,Wire,0,1,2026-04
ALT01980,2026-05-25,R006,ANL06,88.0,15522.36,14,36,Escalate to Case,0,P2P Funnel Activity,P2P,0,1,2026-05
ALT01981,2026-07-05,R004,ANL07,63.0,50608.16,6,29,Close - False Positive,0,Unusual Volume Increase,All,1,0,2026-07
ALT01982,2026-08-07,R002,ANL06,87.0,2342.07,6,36,Close - False Positive,0,High-Risk Jurisdiction Wire,Wire,1,0,2026-08
ALT01983,2026-08-16,R005,ANL06,57.0,9745.03,5,47,Close - False Positive,0,High-Value Wire,Wire,1,0,2026-08
ALT01984,2026-03-14,R004,ANL10,49.0,19707.97,16,29,Close - False Positive,0,Unusual Volume Increase,All,1,0,2026-03
ALT01985,2026-06-30,R003,ANL12,76.0,20945.23,17,53,Close - False Positive,0,Rapid Movement of Funds,ACH/P2P/Wire,1,0,2026-06
ALT01986,2026-07-25,R006,ANL10,64.0,27674.93,5,43,Escalate to Case,0,P2P Funnel Activity,P2P,0,1,2026-07
ALT01987,2026-07-14,R001,ANL10,70.0,5029.89,3,25,Close - False Positive,0,Structuring / Cash Activity,Cash,1,0,2026-07
ALT01988,2026-05-19,R001,ANL11,100.0,13322.62,1,44,Close - False Positive,0,Structuring / Cash Activity,Cash,1,0,2026-05
ALT01989,2026-07-01,R001,ANL04,59.0,31993.98,4,25,Close - Explained Activity,0,Structuring / Cash Activity,Cash,0,0,2026-07
ALT01990,2026-01-23,R004,ANL04,52.0,574.52,12,29,Close - False Positive,0,Unusual Volume Increase,All,1,0,2026-01
ALT01991,2026-07-23,R008,ANL05,97.0,47347.21,5,42,Escalate to Case,1,Dormant Account Reactivation,All,0,1,2026-07
ALT01992,2026-05-10,R004,ANL10,24.0,8377.41,15,15,Close - False Positive,0,Unusual Volume Increase,All,1,0,2026-05
ALT01993,2026-02-19,R004,ANL08,46.0,17267.42,4,31,Close - False Positive,0,Unusual Volume Increase,All,1,0,2026-02
ALT01994,2026-06-08,R004,ANL03,86.0,50023.38,4,46,Close - Explained Activity,0,Unusual Volume Increase,All,0,0,2026-06
ALT01995,2026-08-30,R005,ANL02,51.0,95844.32,3,41,Escalate to Case,0,High-Value Wire,Wire,0,1,2026-08
ALT01996,2026-04-15,R004,ANL09,57.0,121769.83,4,12,Close - False Positive,0,Unusual Volume Increase,All,1,0,2026-04
ALT01997,2026-01-22,R005,ANL06,72.0,6017.19,8,40,Escalate to Case,0,High-Value Wire,Wire,0,1,2026-01
ALT01998,2026-01-06,R004,ANL07,77.0,22249.22,11,12,Escalate to Case,0,Unusual Volume Increase,All,0,1,2026-01
ALT01999,2026-06-06,R002,ANL03,78.0,29163.07,10,37,Escalate to Case,0,High-Risk Jurisdiction Wire,Wire,0,1,2026-06
ALT02000,2026-03-13,R006,ANL04,29.0,188853.99,1,49,Close - False Positive,0,P2P Funnel Activity,P2P,1,0,2026-03
ALT02001,2026-04-29,R003,ANL03,64.0,24908.28,2,41,Close - Explained Activity,0,Rapid Movement of Funds,ACH/P2P/Wire,0,0,2026-04
ALT02002,2026-07-02,R003,ANL04,67.0,57480.31,4,38,Escalate to Case,0,Rapid Movement of Funds,ACH/P2P/Wire,0,1,2026-07
ALT02003,2026-05-23,R005,ANL09,51.0,119391.58,11,31,Escalate to Case,0,High-Value Wire,Wire,0,1,2026-05
ALT02004,2026-06-07,R003,ANL07,56.0,8142.72,15,8,Escalate to Case,0,Rapid Movement of Funds,ACH/P2P/Wire,0,1,2026-06
ALT02005,2026-04-28,R008,ANL05,46.0,6617.95,9,37,Close - False Positive,0,Dormant Account Reactivation,All,1,0,2026-04
ALT02006,2026-01-16,R004,ANL07,68.0,11357.4,15,35,Close - Explained Activity,0,Unusual Volume Increase,All,0,0,2026-01
ALT02007,2026-07-10,R002,ANL11,64.0,6683.49,8,16,Escalate to Case,0,High-Risk Jurisdiction Wire,Wire,0,1,2026-07
ALT02008,2026-06-04,R001,ANL01,47.0,12743.12,8,26,Close - False Positive,0,Structuring / Cash Activity,Cash,1,0,2026-06
ALT02009,2026-05-01,R007,ANL04,59.0,12061.04,12,60,Close - False Positive,0,Cash Intensive Business,Cash,1,0,2026-05
ALT02010,2026-01-07,R007,ANL09,67.0,38756.72,7,44,Close - False Positive,0,Cash Intensive Business,Cash,1,0,2026-01
ALT02011,2026-04-15,R003,ANL10,56.0,17951.56,8,23,Escalate to Case,0,Rapid Movement of Funds,ACH/P2P/Wire,0,1,2026-04
ALT02012,2026-09-20,R003,ANL06,25.0,105436.75,13,48,Close - Explained Activity,0,Rapid Movement of Funds,ACH/P2P/Wire,0,0,2026-09
ALT02013,2026-02-14,R008,ANL04,53.0,8441.07,2,61,Close - False Positive,0,Dormant Account Reactivation,All,1,0,2026-02
ALT02014,2026-07-20,R008,ANL05,59.0,35488.34,18,14,Close - Explained Activity,0,Dormant Account Reactivation,All,0,0,2026-07
ALT02015,2026-08-16,R003,ANL10,53.0,28275.6,6,36,Close - False Positive,0,Rapid Movement of Funds,ACH/P2P/Wire,1,0,2026-08
ALT02016,2026-04-27,R002,ANL04,97.0,49914.14,19,34,Escalate to Case,0,High-Risk Jurisdiction Wire,Wire,0,1,2026-04
ALT02017,2026-02-10,R001,ANL10,80.0,11644.47,9,55,Escalate to Case,0,Structuring / Cash Activity,Cash,0,1,2026-02
ALT02018,2026-03-16,R003,ANL04,88.0,7496.84,7,37,Escalate to Case,0,Rapid Movement of Funds,ACH/P2P/Wire,0,1,2026-03
ALT02019,2026-02-24,R007,ANL06,40.0,45889.01,2,15,Close - False Positive,0,Cash Intensive Business,Cash,1,0,2026-02
ALT02020,2026-01-23,R007,ANL12,25.0,173079.08,6,38,Close - False Positive,0,Cash Intensive Business,Cash,1,0,2026-01
ALT02021,2026-08-21,R005,ANL10,73.0,20519.69,4,35,Close - Explained Activity,0,High-Value Wire,Wire,0,0,2026-08
ALT02022,2026-02-04,R005,ANL12,58.0,117750.01,3,23,Close - Explained Activity,0,High-Value Wire,Wire,0,0,2026-02
ALT02023,2026-06-25,R006,ANL10,73.0,15283.14,6,42,Escalate to Case,0,P2P Funnel Activity,P2P,0,1,2026-06
ALT02024,2026-05-24,R001,ANL07,75.0,102161.45,7,40,Close - False Positive,0,Structuring / Cash Activity,Cash,1,0,2026-05
ALT02025,2026-08-06,R004,ANL08,77.0,9043.95,10,30,Close - Explained Activity,0,Unusual Volume Increase,All,0,0,2026-08
ALT02026,2026-03-14,R004,ANL05,62.0,8793.45,5,24,Escalate to Case,0,Unusual Volume Increase,All,0,1,2026-03
ALT02027,2026-05-16,R001,ANL12,57.0,33352.88,8,45,Close - False Positive,0,Structuring / Cash Activity,Cash,1,0,2026-05
ALT02028,2026-07-24,R008,ANL07,45.0,8363.54,4,46,Close - False Positive,0,Dormant Account Reactivation,All,1,0,2026-07
ALT02029,2026-06-26,R006,ANL02,41.0,2128.45,23,45,Close - Explained Activity,0,P2P Funnel Activity,P2P,0,0,2026-06
ALT02030,2026-02-09,R006,ANL05,76.0,35226.87,25,68,Close - False Positive,0,P2P Funnel Activity,P2P,1,0,2026-02
ALT02031,2026-02-21,R002,ANL03,43.0,13522.13,2,50,Escalate to Case,0,High-Risk Jurisdiction Wire,Wire,0,1,2026-02
ALT02032,2026-09-14,R002,ANL10,68.0,71407.41,19,24,Close - False Positive,0,High-Risk Jurisdiction Wire,Wire,1,0,2026-09
ALT02033,2026-03-09,R002,ANL08,41.0,46744.62,3,48,Close - False Positive,0,High-Risk Jurisdiction Wire,Wire,1,0,2026-03
ALT02034,2026-07-03,R001,ANL08,94.0,6332.35,17,55,Close - False Positive,0,Structuring / Cash Activity,Cash,1,0,2026-07
ALT02035,2026-05-06,R004,ANL12,47.0,13103.02,11,29,Close - False Positive,0,Unusual Volume Increase,All,1,0,2026-05
ALT02036,2026-09-08,R001,ANL11,56.0,3514.51,15,55,Escalate to Case,0,Structuring / Cash Activity,Cash,0,1,2026-09
ALT02037,2026-06-26,R004,ANL07,36.0,4027.98,26,25,Close - False Positive,0,Unusual Volume Increase,All,1,0,2026-06
ALT02038,2026-05-09,R004,ANL12,47.0,8507.88,33,38,Escalate to Case,0,Unusual Volume Increase,All,0,1,2026-05
ALT02039,2026-01-30,R005,ANL02,44.0,13536.69,4,33,Escalate to Case,0,High-Value Wire,Wire,0,1,2026-01
ALT02040,2026-09-09,R004,ANL05,45.0,82710.9,3,16,Escalate to Case,1,Unusual Volume Increase,All,0,1,2026-09
ALT02041,2026-01-21,R008,ANL08,45.0,18665.85,22,41,Close - Explained Activity,0,Dormant Account Reactivation,All,0,0,2026-01
ALT02042,2026-05-30,R001,ANL12,67.0,13978.4,16,45,Escalate to Case,0,Structuring / Cash Activity,Cash,0,1,2026-05
ALT02043,2026-04-24,R004,ANL03,28.0,3911.11,6,31,Close - False Positive,0,Unusual Volume Increase,All,1,0,2026-04
ALT02044,2026-09-03,R003,ANL06,80.0,162353.46,9,21,Close - Explained Activity,0,Rapid Movement of Funds,ACH/P2P/Wire,0,0,2026-09
ALT02045,2026-02-09,R006,ANL02,30.0,13045.57,23,53,Close - False Positive,0,P2P Funnel Activity,P2P,1,0,2026-02
ALT02046,2026-08-22,R001,ANL05,36.0,39662.37,2,64,Close - False Positive,0,Structuring / Cash Activity,Cash,1,0,2026-08
ALT02047,2026-09-07,R007,ANL03,46.0,2549.77,10,56,Close - False Positive,0,Cash Intensive Business,Cash,1,0,2026-09
ALT02048,2026-07-19,R005,ANL08,53.0,50590.91,3,47,Escalate to Case,1,High-Value Wire,Wire,0,1,2026-07
ALT02049,2026-06-02,R007,ANL02,18.0,38899.76,35,21,Close - False Positive,0,Cash Intensive Business,Cash,1,0,2026-06
ALT02050,2026-08-29,R004,ANL08,57.0,4446.5,7,48,Escalate to Case,0,Unusual Volume Increase,All,0,1,2026-08
ALT02051,2026-05-01,R005,ANL08,34.0,9822.24,12,37,Close - False Positive,0,High-Value Wire,Wire,1,0,2026-05
ALT02052,2026-05-20,R005,ANL09,52.0,22543.03,8,31,Close - False Positive,0,High-Value Wire,Wire,1,0,2026-05
ALT02053,2026-06-08,R006,ANL01,94.0,22508.67,4,40,Escalate to Case,0,P2P Funnel Activity,P2P,0,1,2026-06
ALT02054,2026-02-03,R002,ANL04,68.0,20168.84,2,28,Close - False Positive,0,High-Risk Jurisdiction Wire,Wire,1,0,2026-02
ALT02055,2026-09-27,R004,ANL10,69.0,63326.31,14,33,Close - Explained Activity,0,Unusual Volume Increase,All,0,0,2026-09
ALT02056,2026-03-12,R008,ANL05,59.0,4709.78,2,40,Close - Explained Activity,0,Dormant Account Reactivation,All,0,0,2026-03
ALT02057,2026-09-19,R004,ANL01,62.0,14360.05,6,21,Escalate to Case,0,Unusual Volume Increase,All,0,1,2026-09
ALT02058,2026-09-06,R006,ANL01,65.0,199954.66,3,51,Close - False Positive,0,P2P Funnel Activity,P2P,1,0,2026-09
ALT02059,2026-03-23,R002,ANL10,35.0,5355.0,19,55,Close - Explained Activity,0,High-Risk Jurisdiction Wire,Wire,0,0,2026-03
ALT02060,2026-01-25,R001,ANL02,80.0,19216.47,6,28,Close - False Positive,0,Structuring / Cash Activity,Cash,1,0,2026-01
ALT02061,2026-01-01,R006,ANL05,68.0,62475.03,8,37,Close - False Positive,0,P2P Funnel Activity,P2P,1,0,2026-01
ALT02062,2026-04-22,R008,ANL08,60.0,14271.89,3,17,Close - Explained Activity,0,Dormant Account Reactivation,All,0,0,2026-04
ALT02063,2026-02-13,R003,ANL03,15.0,13804.46,5,22,Close - False Positive,0,Rapid Movement of Funds,ACH/P2P/Wire,1,0,2026-02
ALT02064,2026-01-02,R002,ANL04,59.0,112796.45,4,36,Escalate to Case,0,High-Risk Jurisdiction Wire,Wire,0,1,2026-01
ALT02065,2026-07-29,R003,ANL03,99.0,2879.25,12,53,Escalate to Case,0,Rapid Movement of Funds,ACH/P2P/Wire,0,1,2026-07
ALT02066,2026-02-06,R008,ANL10,52.0,353323.98,7,36,Escalate to Case,0,Dormant Account Reactivation,All,0,1,2026-02
ALT02067,2026-08-10,R003,ANL08,74.0,75804.59,8,19,Escalate to Case,0,Rapid Movement of Funds,ACH/P2P/Wire,0,1,2026-08
ALT02068,2026-06-05,R003,ANL06,72.0,86703.55,9,52,Close - Explained Activity,0,Rapid Movement of Funds,ACH/P2P/Wire,0,0,2026-06
ALT02069,2026-05-10,R002,ANL07,25.0,1451.49,3,49,Close - False Positive,0,High-Risk Jurisdiction Wire,Wire,1,0,2026-05
ALT02070,2026-01-24,R001,ANL02,76.0,111845.2,18,27,Close - False Positive,0,Structuring / Cash Activity,Cash,1,0,2026-01
ALT02071,2026-05-10,R007,ANL07,77.0,23271.3,6,20,Escalate to Case,0,Cash Intensive Business,Cash,0,1,2026-05
ALT02072,2026-01-20,R006,ANL07,53.0,158843.03,12,51,Close - Explained Activity,0,P2P Funnel Activity,P2P,0,0,2026-01
ALT02073,2026-06-12,R006,ANL08,70.0,65694.15,23,25,Escalate to Case,0,P2P Funnel Activity,P2P,0,1,2026-06
ALT02074,2026-03-04,R007,ANL11,74.0,10064.22,13,77,Close - False Positive,0,Cash Intensive Business,Cash,1,0,2026-03
ALT02075,2026-01-14,R002,ANL07,75.0,7428.73,2,32,Close - False Positive,0,High-Risk Jurisdiction Wire,Wire,1,0,2026-01
ALT02076,2026-09-10,R007,ANL11,85.0,20456.14,7,46,Close - Explained Activity,0,Cash Intensive Business,Cash,0,0,2026-09
ALT02077,2026-01-24,R003,ANL09,60.0,273287.11,11,44,Escalate to Case,0,Rapid Movement of Funds,ACH/P2P/Wire,0,1,2026-01
ALT02078,2026-02-11,R001,ANL03,59.0,9842.16,7,43,Close - False Positive,0,Structuring / Cash Activity,Cash,1,0,2026-02
ALT02079,2026-08-13,R004,ANL04,47.0,19268.24,18,24,Escalate to Case,0,Unusual Volume Increase,All,0,1,2026-08
ALT02080,2026-09-01,R002,ANL05,57.0,378896.99,17,37,Close - Explained Activity,0,High-Risk Jurisdiction Wire,Wire,0,0,2026-09
ALT02081,2026-02-07,R005,ANL02,71.0,21038.45,12,30,Close - False Positive,0,High-Value Wire,Wire,1,0,2026-02
ALT02082,2026-08-21,R003,ANL07,76.0,26901.87,4,43,Escalate to Case,0,Rapid Movement of Funds,ACH/P2P/Wire,0,1,2026-08
ALT02083,2026-03-23,R006,ANL12,68.0,20132.46,8,40,Escalate to Case,0,P2P Funnel Activity,P2P,0,1,2026-03
ALT02084,2026-05-29,R003,ANL09,47.0,5670.95,24,8,Close - False Positive,0,Rapid Movement of Funds,ACH/P2P/Wire,1,0,2026-05
ALT02085,2026-06-03,R004,ANL06,68.0,46299.67,10,29,Close - False Positive,0,Unusual Volume Increase,All,1,0,2026-06
ALT02086,2026-08-22,R006,ANL12,86.0,70328.8,3,63,Escalate to Case,0,P2P Funnel Activity,P2P,0,1,2026-08
ALT02087,2026-07-11,R005,ANL10,72.0,9675.49,5,22,Escalate to Case,0,High-Value Wire,Wire,0,1,2026-07
ALT02088,2026-02-14,R005,ANL04,70.0,57935.03,5,14,Close - False Positive,0,High-Value Wire,Wire,1,0,2026-02
ALT02089,2026-04-20,R008,ANL07,69.0,8773.98,7,40,Escalate to Case,0,Dormant Account Reactivation,All,0,1,2026-04
ALT02090,2026-01-28,R006,ANL02,48.0,100672.45,10,32,Close - False Positive,0,P2P Funnel Activity,P2P,1,0,2026-01
ALT02091,2026-01-26,R004,ANL04,65.0,59870.67,7,28,Close - False Positive,0,Unusual Volume Increase,All,1,0,2026-01
ALT02092,2026-08-21,R004,ANL02,33.0,154209.62,6,44,Close - False Positive,0,Unusual Volume Increase,All,1,0,2026-08
ALT02093,2026-02-15,R001,ANL09,56.0,42461.05,6,37,Close - Explained Activity,0,Structuring / Cash Activity,Cash,0,0,2026-02
ALT02094,2026-05-04,R002,ANL05,72.0,16345.81,10,9,Close - False Positive,0,High-Risk Jurisdiction Wire,Wire,1,0,2026-05
ALT02095,2026-08-23,R006,ANL06,69.0,7084.8,3,32,Close - False Positive,0,P2P Funnel Activity,P2P,1,0,2026-08
ALT02096,2026-08-23,R001,ANL04,61.0,63707.09,22,30,Close - False Positive,0,Structuring / Cash Activity,Cash,1,0,2026-08
ALT02097,2026-05-14,R004,ANL11,60.0,1628.44,2,25,Close - Explained Activity,0,Unusual Volume Increase,All,0,0,2026-05
ALT02098,2026-04-08,R004,ANL11,70.0,27200.0,14,36,Close - False Positive,0,Unusual Volume Increase,All,1,0,2026-04
ALT02099,2026-06-03,R001,ANL07,70.0,27408.03,9,58,Close - False Positive,0,Structuring / Cash Activity,Cash,1,0,2026-06
ALT02100,2026-05-16,R006,ANL08,46.0,35034.4,9,16,Close - False Positive,0,P2P Funnel Activity,P2P,1,0,2026-05
ALT02101,2026-08-25,R005,ANL04,43.0,16159.76,14,38,Close - False Positive,0,High-Value Wire,Wire,1,0,2026-08
ALT02102,2026-09-15,R003,ANL12,40.0,17452.68,17,16,Close - False Positive,0,Rapid Movement of Funds,ACH/P2P/Wire,1,0,2026-09
ALT02103,2026-08-15,R007,ANL07,67.0,2376.39,1,67,Close - False Positive,0,Cash Intensive Business,Cash,1,0,2026-08
ALT02104,2026-08-09,R005,ANL05,81.0,11748.51,5,37,Escalate to Case,0,High-Value Wire,Wire,0,1,2026-08
ALT02105,2026-03-06,R007,ANL05,80.0,27311.02,14,42,Close - False Positive,0,Cash Intensive Business,Cash,1,0,2026-03
ALT02106,2026-04-19,R005,ANL06,44.0,13334.85,17,52,Close - False Positive,0,High-Value Wire,Wire,1,0,2026-04
ALT02107,2026-05-18,R001,ANL08,72.0,26728.29,5,19,Close - False Positive,0,Structuring / Cash Activity,Cash,1,0,2026-05
ALT02108,2026-02-24,R002,ANL06,38.0,23963.61,11,38,Escalate to Case,0,High-Risk Jurisdiction Wire,Wire,0,1,2026-02
ALT02109,2026-09-23,R007,ANL03,56.0,30371.19,5,19,Close - Explained Activity,0,Cash Intensive Business,Cash,0,0,2026-09
ALT02110,2026-02-27,R002,ANL02,36.0,10025.46,6,46,Escalate to Case,0,High-Risk Jurisdiction Wire,Wire,0,1,2026-02
ALT02111,2026-04-05,R003,ANL05,90.0,30774.51,7,34,Close - False Positive,0,Rapid Movement of Funds,ACH/P2P/Wire,1,0,2026-04
ALT02112,2026-09-03,R001,ANL04,45.0,32870.89,2,31,Close - False Positive,0,Structuring / Cash Activity,Cash,1,0,2026-09
ALT02113,2026-03-22,R001,ANL03,45.0,17266.32,2,50,Escalate to Case,0,Structuring / Cash Activity,Cash,0,1,2026-03
ALT02114,2026-07-05,R004,ANL12,62.0,11070.26,1,37,Close - Explained Activity,0,Unusual Volume Increase,All,0,0,2026-07
ALT02115,2026-03-25,R005,ANL08,31.0,13570.65,2,30,Close - False Positive,0,High-Value Wire,Wire,1,0,2026-03
ALT02116,2026-07-22,R005,ANL11,63.0,16580.45,9,38,Escalate to Case,0,High-Value Wire,Wire,0,1,2026-07
ALT02117,2026-05-30,R002,ANL10,86.0,77794.94,5,17,Close - Explained Activity,0,High-Risk Jurisdiction Wire,Wire,0,0,2026-05
ALT02118,2026-04-05,R003,ANL11,60.0,8673.3,11,58,Close - False Positive,0,Rapid Movement of Funds,ACH/P2P/Wire,1,0,2026-04
ALT02119,2026-02-13,R001,ANL10,71.0,65432.04,5,52,Escalate to Case,0,Structuring / Cash Activity,Cash,0,1,2026-02
ALT02120,2026-06-15,R008,ANL11,67.0,104817.95,4,27,Close - False Positive,0,Dormant Account Reactivation,All,1,0,2026-06
ALT02121,2026-04-11,R002,ANL04,45.0,11518.77,4,51,Escalate to Case,0,High-Risk Jurisdiction Wire,Wire,0,1,2026-04
ALT02122,2026-02-09,R003,ANL11,72.0,34978.86,17,51,Escalate to Case,0,Rapid Movement of Funds,ACH/P2P/Wire,0,1,2026-02
ALT02123,2026-06-11,R004,ANL09,50.0,9036.06,9,16,Close - False Positive,0,Unusual Volume Increase,All,1,0,2026-06
ALT02124,2026-08-07,R004,ANL10,65.0,28745.2,14,23,Close - False Positive,0,Unusual Volume Increase,All,1,0,2026-08
ALT02125,2026-06-20,R004,ANL01,73.0,38000.91,23,40,Close - False Positive,0,Unusual Volume Increase,All,1,0,2026-06
ALT02126,2026-03-24,R006,ANL08,48.0,20342.27,20,12,Close - False Positive,0,P2P Funnel Activity,P2P,1,0,2026-03
ALT02127,2026-07-26,R004,ANL10,61.0,2194.19,7,44,Close - False Positive,0,Unusual Volume Increase,All,1,0,2026-07
ALT02128,2026-02-22,R003,ANL12,61.0,13588.31,3,40,Close - False Positive,0,Rapid Movement of Funds,ACH/P2P/Wire,1,0,2026-02
ALT02129,2026-02-17,R005,ANL04,63.0,39191.95,2,23,Escalate to Case,0,High-Value Wire,Wire,0,1,2026-02
ALT02130,2026-06-08,R001,ANL09,44.0,52389.07,1,43,Close - False Positive,0,Structuring / Cash Activity,Cash,1,0,2026-06
ALT02131,2026-04-10,R001,ANL04,42.0,15091.77,7,8,Close - False Positive,0,Structuring / Cash Activity,Cash,1,0,2026-04
ALT02132,2026-09-05,R006,ANL05,43.0,5970.92,7,59,Escalate to Case,0,P2P Funnel Activity,P2P,0,1,2026-09
ALT02133,2026-04-11,R001,ANL10,91.0,35145.32,14,34,Close - False Positive,0,Structuring / Cash Activity,Cash,1,0,2026-04
ALT02134,2026-01-29,R003,ANL04,73.0,160658.65,3,62,Close - Explained Activity,0,Rapid Movement of Funds,ACH/P2P/Wire,0,0,2026-01
ALT02135,2026-01-06,R008,ANL02,82.0,140340.92,6,45,Escalate to Case,0,Dormant Account Reactivation,All,0,1,2026-01
ALT02136,2026-03-11,R004,ANL11,36.0,6366.51,11,59,Close - False Positive,0,Unusual Volume Increase,All,1,0,2026-03
ALT02137,2026-01-18,R003,ANL11,100.0,77867.68,6,15,Escalate to Case,0,Rapid Movement of Funds,ACH/P2P/Wire,0,1,2026-01
ALT02138,2026-09-26,R002,ANL10,44.0,16075.07,2,49,Close - False Positive,0,High-Risk Jurisdiction Wire,Wire,1,0,2026-09
ALT02139,2026-03-19,R006,ANL01,72.0,16260.54,9,49,Close - False Positive,0,P2P Funnel Activity,P2P,1,0,2026-03
ALT02140,2026-06-01,R003,ANL11,51.0,3828.89,4,40,Close - False Positive,0,Rapid Movement of Funds,ACH/P2P/Wire,1,0,2026-06
ALT02141,2026-01-19,R005,ANL02,61.0,13931.25,8,49,Escalate to Case,0,High-Value Wire,Wire,0,1,2026-01
ALT02142,2026-02-14,R001,ANL11,44.0,42167.08,6,52,Close - False Positive,0,Structuring / Cash Activity,Cash,1,0,2026-02
ALT02143,2026-01-25,R002,ANL02,80.0,31860.6,3,64,Escalate to Case,0,High-Risk Jurisdiction Wire,Wire,0,1,2026-01
ALT02144,2026-02-24,R006,ANL03,49.0,17782.63,15,25,Close - Explained Activity,0,P2P Funnel Activity,P2P,0,0,2026-02
ALT02145,2026-05-18,R002,ANL02,79.0,816551.76,17,26,Close - False Positive,0,High-Risk Jurisdiction Wire,Wire,1,0,2026-05
ALT02146,2026-01-22,R006,ANL07,79.0,16492.69,5,48,Close - Explained Activity,0,P2P Funnel Activity,P2P,0,0,2026-01
ALT02147,2026-06-20,R001,ANL12,78.0,9820.49,2,53,Close - Explained Activity,0,Structuring / Cash Activity,Cash,0,0,2026-06
ALT02148,2026-02-24,R006,ANL09,55.0,46773.74,19,39,Close - False Positive,0,P2P Funnel Activity,P2P,1,0,2026-02
ALT02149,2026-02-18,R003,ANL11,47.0,62869.57,17,41,Close - False Positive,0,Rapid Movement of Funds,ACH/P2P/Wire,1,0,2026-02
ALT02150,2026-09-26,R007,ANL09,60.0,47985.81,4,47,Close - Explained Activity,0,Cash Intensive Business,Cash,0,0,2026-09
ALT02151,2026-02-14,R001,ANL07,81.0,11237.85,2,56,Escalate to Case,0,Structuring / Cash Activity,Cash,0,1,2026-02
ALT02152,2026-09-25,R002,ANL06,77.0,57633.95,2,22,Close - Explained Activity,0,High-Risk Jurisdiction Wire,Wire,0,0,2026-09
ALT02153,2026-08-26,R002,ANL08,72.0,15235.35,11,36,Escalate to Case,0,High-Risk Jurisdiction Wire,Wire,0,1,2026-08
ALT02154,2026-07-04,R007,ANL08,44.0,63199.48,7,69,Close - False Positive,0,Cash Intensive Business,Cash,1,0,2026-07
ALT02155,2026-07-09,R004,ANL09,49.0,53925.33,7,28,Close - False Positive,0,Unusual Volume Increase,All,1,0,2026-07
ALT02156,2026-03-07,R001,ANL03,54.0,140160.32,21,28,Escalate to Case,0,Structuring / Cash Activity,Cash,0,1,2026-03
ALT02157,2026-03-17,R002,ANL01,43.0,231459.61,5,48,Close - False Positive,0,High-Risk Jurisdiction Wire,Wire,1,0,2026-03
ALT02158,2026-07-16,R006,ANL05,49.0,141175.79,2,35,Close - False Positive,0,P2P Funnel Activity,P2P,1,0,2026-07
ALT02159,2026-09-29,R002,ANL07,48.0,11042.07,15,23,Close - Explained Activity,0,High-Risk Jurisdiction Wire,Wire,0,0,2026-09
ALT02160,2026-03-11,R002,ANL04,83.0,51528.09,8,33,Escalate to Case,1,High-Risk Jurisdiction Wire,Wire,0,1,2026-03
ALT02161,2026-06-01,R007,ANL01,47.0,5863.63,8,41,Close - False Positive,0,Cash Intensive Business,Cash,1,0,2026-06
ALT02162,2026-03-31,R001,ANL01,71.0,6606.31,3,56,Escalate to Case,0,Structuring / Cash Activity,Cash,0,1,2026-03
ALT02163,2026-01-23,R002,ANL08,73.0,52390.9,11,37,Close - False Positive,0,High-Risk Jurisdiction Wire,Wire,1,0,2026-01
ALT02164,2026-08-24,R006,ANL07,36.0,30958.35,6,85,Escalate to Case,0,P2P Funnel Activity,P2P,0,1,2026-08
ALT02165,2026-08-05,R004,ANL02,41.0,19258.84,1,41,Close - Explained Activity,0,Unusual Volume Increase,All,0,0,2026-08
ALT02166,2026-09-16,R003,ANL11,37.0,32105.23,1,40,Close - False Positive,0,Rapid Movement of Funds,ACH/P2P/Wire,1,0,2026-09
ALT02167,2026-07-31,R006,ANL12,43.0,52831.17,6,52,Close - False Positive,0,P2P Funnel Activity,P2P,1,0,2026-07
ALT02168,2026-03-20,R007,ANL11,36.0,33785.06,5,39,Close - False Positive,0,Cash Intensive Business,Cash,1,0,2026-03
ALT02169,2026-09-12,R005,ANL04,38.0,35184.22,11,26,Escalate to Case,0,High-Value Wire,Wire,0,1,2026-09
ALT02170,2026-03-26,R006,ANL02,44.0,66893.66,5,39,Escalate to Case,0,P2P Funnel Activity,P2P,0,1,2026-03
ALT02171,2026-08-24,R002,ANL11,62.0,6191.04,2,34,Close - Explained Activity,0,High-Risk Jurisdiction Wire,Wire,0,0,2026-08
ALT02172,2026-03-21,R008,ANL06,64.0,6429.96,2,8,Close - False Positive,0,Dormant Account Reactivation,All,1,0,2026-03
ALT02173,2026-02-25,R004,ANL02,77.0,44107.57,10,48,Escalate to Case,0,Unusual Volume Increase,All,0,1,2026-02
ALT02174,2026-05-06,R004,ANL02,63.0,128981.69,9,38,Close - Explained Activity,0,Unusual Volume Increase,All,0,0,2026-05
ALT02175,2026-07-01,R002,ANL01,98.0,9710.67,17,22,Close - False Positive,0,High-Risk Jurisdiction Wire,Wire,1,0,2026-07
ALT02176,2026-07-07,R002,ANL02,37.0,20171.02,6,47,Escalate to Case,0,High-Risk Jurisdiction Wire,Wire,0,1,2026-07
ALT02177,2026-01-17,R007,ANL02,61.0,13157.35,9,42,Close - Explained Activity,0,Cash Intensive Business,Cash,0,0,2026-01
ALT02178,2026-08-30,R001,ANL06,80.0,2014.97,10,46,Close - False Positive,0,Structuring / Cash Activity,Cash,1,0,2026-08
ALT02179,2026-08-10,R004,ANL09,64.0,39519.95,21,60,Close - False Positive,0,Unusual Volume Increase,All,1,0,2026-08
ALT02180,2026-04-07,R008,ANL12,66.0,48663.97,4,73,Close - Explained Activity,0,Dormant Account Reactivation,All,0,0,2026-04
ALT02181,2026-02-27,R001,ANL11,34.0,97560.32,8,40,Close - False Positive,0,Structuring / Cash Activity,Cash,1,0,2026-02
ALT02182,2026-08-19,R008,ANL11,32.0,72457.91,9,39,Close - Explained Activity,0,Dormant Account Reactivation,All,0,0,2026-08
ALT02183,2026-04-10,R006,ANL06,79.0,12796.33,2,54,Escalate to Case,0,P2P Funnel Activity,P2P,0,1,2026-04
ALT02184,2026-09-20,R001,ANL05,56.0,194418.09,14,38,Close - False Positive,0,Structuring / Cash Activity,Cash,1,0,2026-09
ALT02185,2026-02-11,R002,ANL03,90.0,1241.53,21,40,Escalate to Case,1,High-Risk Jurisdiction Wire,Wire,0,1,2026-02
ALT02186,2026-01-26,R004,ANL01,50.0,109786.48,6,47,Escalate to Case,0,Unusual Volume Increase,All,0,1,2026-01
ALT02187,2026-08-19,R004,ANL11,54.0,8649.67,2,33,Close - False Positive,0,Unusual Volume Increase,All,1,0,2026-08
ALT02188,2026-05-16,R007,ANL05,48.0,48424.33,13,40,Close - False Positive,0,Cash Intensive Business,Cash,1,0,2026-05
ALT02189,2026-01-01,R005,ANL03,53.0,32015.19,16,35,Close - False Positive,0,High-Value Wire,Wire,1,0,2026-01
ALT02190,2026-02-07,R007,ANL08,48.0,49304.04,21,43,Close - False Positive,0,Cash Intensive Business,Cash,1,0,2026-02
ALT02191,2026-03-25,R005,ANL09,79.0,7058.18,10,51,Close - Explained Activity,0,High-Value Wire,Wire,0,0,2026-03
ALT02192,2026-05-06,R006,ANL07,57.0,11196.28,1,35,Close - False Positive,0,P2P Funnel Activity,P2P,1,0,2026-05
ALT02193,2026-05-26,R002,ANL12,84.0,2202.81,19,53,Escalate to Case,0,High-Risk Jurisdiction Wire,Wire,0,1,2026-05
ALT02194,2026-03-23,R008,ANL06,64.0,68716.88,2,34,Close - False Positive,0,Dormant Account Reactivation,All,1,0,2026-03
ALT02195,2026-09-19,R003,ANL10,92.0,18642.06,11,53,Escalate to Case,0,Rapid Movement of Funds,ACH/P2P/Wire,0,1,2026-09
ALT02196,2026-05-07,R003,ANL07,38.0,13382.09,11,45,Close - False Positive,0,Rapid Movement of Funds,ACH/P2P/Wire,1,0,2026-05
ALT02197,2026-06-15,R007,ANL01,54.0,13503.47,5,35,Escalate to Case,1,Cash Intensive Business,Cash,0,1,2026-06
ALT02198,2026-05-27,R004,ANL08,48.0,15804.66,4,43,Close - False Positive,0,Unusual Volume Increase,All,1,0,2026-05
ALT02199,2026-08-14,R003,ANL08,100.0,23984.61,12,10,Close - False Positive,0,Rapid Movement of Funds,ACH/P2P/Wire,1,0,2026-08
ALT02200,2026-01-10,R001,ANL09,39.0,17139.88,2,45,Close - False Positive,0,Structuring / Cash Activity,Cash,1,0,2026-01
ALT02201,2026-08-16,R004,ANL08,77.0,22454.33,5,12,Escalate to Case,0,Unusual Volume Increase,All,0,1,2026-08
ALT02202,2026-03-11,R008,ANL07,38.0,13680.45,8,42,Close - False Positive,0,Dormant Account Reactivation,All,1,0,2026-03
ALT02203,2026-09-06,R008,ANL11,63.0,25800.55,5,27,Close - False Positive,0,Dormant Account Reactivation,All,1,0,2026-09
ALT02204,2026-09-18,R002,ANL06,58.0,31301.91,8,40,Escalate to Case,0,High-Risk Jurisdiction Wire,Wire,0,1,2026-09
ALT02205,2026-07-24,R005,ANL01,78.0,39444.37,21,27,Escalate to Case,1,High-Value Wire,Wire,0,1,2026-07
ALT02206,2026-09-12,R004,ANL04,41.0,7545.64,5,48,Close - False Positive,0,Unusual Volume Increase,All,1,0,2026-09
ALT02207,2026-03-02,R004,ANL12,68.0,14972.38,8,8,Close - False Positive,0,Unusual Volume Increase,All,1,0,2026-03
ALT02208,2026-03-04,R003,ANL06,46.0,16307.45,20,32,Close - False Positive,0,Rapid Movement of Funds,ACH/P2P/Wire,1,0,2026-03
ALT02209,2026-07-31,R007,ANL11,20.0,21735.66,1,12,Close - False Positive,0,Cash Intensive Business,Cash,1,0,2026-07
ALT02210,2026-05-15,R005,ANL06,91.0,17336.32,19,48,Close - Explained Activity,0,High-Value Wire,Wire,0,0,2026-05
ALT02211,2026-03-19,R004,ANL04,63.0,45506.75,4,34,Close - False Positive,0,Unusual Volume Increase,All,1,0,2026-03
ALT02212,2026-05-30,R003,ANL06,74.0,21888.2,10,41,Escalate to Case,0,Rapid Movement of Funds,ACH/P2P/Wire,0,1,2026-05
ALT02213,2026-04-03,R005,ANL11,35.0,74808.0,9,22,Escalate to Case,0,High-Value Wire,Wire,0,1,2026-04
ALT02214,2026-01-13,R004,ANL12,32.0,41680.59,11,45,Close - Explained Activity,0,Unusual Volume Increase,All,0,0,2026-01
ALT02215,2026-06-09,R004,ANL06,90.0,7207.77,19,50,Close - Explained Activity,0,Unusual Volume Increase,All,0,0,2026-06
ALT02216,2026-01-06,R001,ANL01,53.0,8739.23,13,30,Escalate to Case,0,Structuring / Cash Activity,Cash,0,1,2026-01
ALT02217,2026-05-05,R006,ANL06,67.0,2331.25,5,17,Close - False Positive,0,P2P Funnel Activity,P2P,1,0,2026-05
ALT02218,2026-06-20,R003,ANL12,54.0,40316.56,9,51,Escalate to Case,0,Rapid Movement of Funds,ACH/P2P/Wire,0,1,2026-06
ALT02219,2026-08-26,R003,ANL09,64.0,15790.73,28,56,Close - False Positive,0,Rapid Movement of Funds,ACH/P2P/Wire,1,0,2026-08
ALT02220,2026-07-22,R002,ANL06,94.0,41581.64,11,59,Close - False Positive,0,High-Risk Jurisdiction Wire,Wire,1,0,2026-07
ALT02221,2026-01-23,R002,ANL11,61.0,11741.0,8,29,Close - False Positive,0,High-Risk Jurisdiction Wire,Wire,1,0,2026-01
ALT02222,2026-05-25,R003,ANL08,77.0,290327.43,3,40,Close - False Positive,0,Rapid Movement of Funds,ACH/P2P/Wire,1,0,2026-05
ALT02223,2026-01-08,R004,ANL10,59.0,5111.75,22,8,Close - False Positive,0,Unusual Volume Increase,All,1,0,2026-01
ALT02224,2026-06-30,R004,ANL12,71.0,142065.04,9,31,Close - False Positive,0,Unusual Volume Increase,All,1,0,2026-06
ALT02225,2026-03-31,R002,ANL06,36.0,37569.53,12,22,Close - Explained Activity,0,High-Risk Jurisdiction Wire,Wire,0,0,2026-03
ALT02226,2026-07-26,R003,ANL09,71.0,20068.52,35,28,Close - False Positive,0,Rapid Movement of Funds,ACH/P2P/Wire,1,0,2026-07
ALT02227,2026-06-07,R004,ANL04,53.0,128750.81,7,54,Escalate to Case,0,Unusual Volume Increase,All,0,1,2026-06
ALT02228,2026-04-13,R004,ANL02,54.0,40227.18,16,36,Close - False Positive,0,Unusual Volume Increase,All,1,0,2026-04
ALT02229,2026-05-12,R001,ANL08,74.0,16659.52,16,44,Close - False Positive,0,Structuring / Cash Activity,Cash,1,0,2026-05
ALT02230,2026-06-26,R001,ANL09,71.0,5935.25,5,19,Close - False Positive,0,Structuring / Cash Activity,Cash,1,0,2026-06
ALT02231,2026-08-31,R001,ANL09,35.0,22296.4,5,37,Close - Explained Activity,0,Structuring / Cash Activity,Cash,0,0,2026-08
ALT02232,2026-09-13,R005,ANL09,59.0,56734.66,5,41,Close - False Positive,0,High-Value Wire,Wire,1,0,2026-09
ALT02233,2026-04-11,R005,ANL06,10.0,61142.61,5,51,Close - False Positive,0,High-Value Wire,Wire,1,0,2026-04
ALT02234,2026-01-24,R003,ANL11,68.0,1858.94,1,37,Escalate to Case,0,Rapid Movement of Funds,ACH/P2P/Wire,0,1,2026-01
ALT02235,2026-07-18,R004,ANL11,22.0,9520.9,4,29,Close - False Positive,0,Unusual Volume Increase,All,1,0,2026-07
ALT02236,2026-04-16,R002,ANL05,75.0,23663.41,18,32,Close - False Positive,0,High-Risk Jurisdiction Wire,Wire,1,0,2026-04
ALT02237,2026-01-01,R005,ANL10,59.0,2308.86,4,40,Escalate to Case,0,High-Value Wire,Wire,0,1,2026-01
ALT02238,2026-09-27,R001,ANL01,36.0,4493.77,5,39,Close - Explained Activity,0,Structuring / Cash Activity,Cash,0,0,2026-09
ALT02239,2026-08-04,R005,ANL06,45.0,195710.85,9,37,Escalate to Case,1,High-Value Wire,Wire,0,1,2026-08
ALT02240,2026-01-07,R006,ANL03,27.0,10775.91,11,16,Close - False Positive,0,P2P Funnel Activity,P2P,1,0,2026-01
ALT02241,2026-01-01,R004,ANL07,42.0,70826.62,7,56,Close - False Positive,0,Unusual Volume Increase,All,1,0,2026-01
ALT02242,2026-06-24,R004,ANL07,52.0,134839.43,0,39,Close - False Positive,0,Unusual Volume Increase,All,1,0,2026-06
ALT02243,2026-06-11,R001,ANL01,76.0,4989.57,18,11,Close - False Positive,0,Structuring / Cash Activity,Cash,1,0,2026-06
ALT02244,2026-08-24,R002,ANL05,60.0,9515.25,12,48,Escalate to Case,1,High-Risk Jurisdiction Wire,Wire,0,1,2026-08
ALT02245,2026-03-12,R006,ANL03,40.0,15946.84,14,52,Close - False Positive,0,P2P Funnel Activity,P2P,1,0,2026-03
ALT02246,2026-06-22,R001,ANL07,72.0,14515.21,10,24,Close - False Positive,0,Structuring / Cash Activity,Cash,1,0,2026-06
ALT02247,2026-07-31,R006,ANL12,63.0,45205.8,7,56,Close - False Positive,0,P2P Funnel Activity,P2P,1,0,2026-07
ALT02248,2026-09-15,R001,ANL11,82.0,53889.7,15,46,Close - False Positive,0,Structuring / Cash Activity,Cash,1,0,2026-09
ALT02249,2026-01-19,R002,ANL09,40.0,102063.61,29,27,Close - False Positive,0,High-Risk Jurisdiction Wire,Wire,1,0,2026-01
ALT02250,2026-07-04,R001,ANL07,32.0,14336.74,4,36,Close - False Positive,0,Structuring / Cash Activity,Cash,1,0,2026-07
ALT02251,2026-07-09,R001,ANL01,27.0,37578.97,12,8,Close - False Positive,0,Structuring / Cash Activity,Cash,1,0,2026-07
ALT02252,2026-02-04,R008,ANL03,81.0,19295.3,21,40,Close - False Positive,0,Dormant Account Reactivation,All,1,0,2026-02
ALT02253,2026-02-19,R003,ANL02,30.0,60126.79,28,60,Close - False Positive,0,Rapid Movement of Funds,ACH/P2P/Wire,1,0,2026-02
ALT02254,2026-08-27,R004,ANL03,34.0,85647.15,4,17,Close - False Positive,0,Unusual Volume Increase,All,1,0,2026-08
ALT02255,2026-06-29,R005,ANL11,65.0,7637.62,5,46,Close - False Positive,0,High-Value Wire,Wire,1,0,2026-06
ALT02256,2026-06-12,R002,ANL05,74.0,3414.18,16,37,Close - False Positive,0,High-Risk Jurisdiction Wire,Wire,1,0,2026-06
ALT02257,2026-03-20,R005,ANL06,59.0,99038.18,4,64,Escalate to Case,1,High-Value Wire,Wire,0,1,2026-03
ALT02258,2026-08-25,R004,ANL02,75.0,28796.05,22,48,Escalate to Case,0,Unusual Volume Increase,All,0,1,2026-08
ALT02259,2026-06-09,R004,ANL09,72.0,58188.53,23,37,Escalate to Case,0,Unusual Volume Increase,All,0,1,2026-06
ALT02260,2026-03-24,R002,ANL04,49.0,12072.26,12,51,Escalate to Case,0,High-Risk Jurisdiction Wire,Wire,0,1,2026-03
ALT02261,2026-08-17,R001,ANL05,74.0,9958.1,11,56,Close - False Positive,0,Structuring / Cash Activity,Cash,1,0,2026-08
ALT02262,2026-02-11,R003,ANL12,50.0,2667.99,29,19,Close - False Positive,0,Rapid Movement of Funds,ACH/P2P/Wire,1,0,2026-02
ALT02263,2026-04-07,R002,ANL01,65.0,10995.85,7,10,Close - False Positive,0,High-Risk Jurisdiction Wire,Wire,1,0,2026-04
ALT02264,2026-03-15,R004,ANL12,49.0,166989.94,6,38,Escalate to Case,0,Unusual Volume Increase,All,0,1,2026-03
ALT02265,2026-05-23,R004,ANL08,71.0,355092.18,13,49,Close - False Positive,0,Unusual Volume Increase,All,1,0,2026-05
ALT02266,2026-05-03,R002,ANL05,37.0,21456.28,14,22,Escalate to Case,1,High-Risk Jurisdiction Wire,Wire,0,1,2026-05
ALT02267,2026-06-29,R004,ANL04,48.0,6228.62,5,32,Close - Explained Activity,0,Unusual Volume Increase,All,0,0,2026-06
ALT02268,2026-06-10,R006,ANL02,47.0,3849.57,4,25,Escalate to Case,0,P2P Funnel Activity,P2P,0,1,2026-06
ALT02269,2026-02-20,R004,ANL12,72.0,4183.39,13,57,Close - False Positive,0,Unusual Volume Increase,All,1,0,2026-02
ALT02270,2026-02-02,R002,ANL12,46.0,32598.47,20,56,Close - False Positive,0,High-Risk Jurisdiction Wire,Wire,1,0,2026-02
ALT02271,2026-07-05,R004,ANL09,34.0,3074.43,11,14,Close - Explained Activity,0,Unusual Volume Increase,All,0,0,2026-07
ALT02272,2026-07-10,R001,ANL11,55.0,18880.24,11,33,Escalate to Case,0,Structuring / Cash Activity,Cash,0,1,2026-07
ALT02273,2026-01-01,R006,ANL09,71.0,28187.14,8,27,Close - False Positive,0,P2P Funnel Activity,P2P,1,0,2026-01
ALT02274,2026-08-17,R006,ANL08,66.0,25300.56,10,38,Close - False Positive,0,P2P Funnel Activity,P2P,1,0,2026-08
ALT02275,2026-07-31,R007,ANL06,50.0,53920.62,9,61,Close - False Positive,0,Cash Intensive Business,Cash,1,0,2026-07
ALT02276,2026-03-17,R001,ANL06,72.0,14746.56,8,64,Close - Explained Activity,0,Structuring / Cash Activity,Cash,0,0,2026-03
ALT02277,2026-09-14,R007,ANL01,43.0,6989.58,1,46,Close - False Positive,0,Cash Intensive Business,Cash,1,0,2026-09
ALT02278,2026-02-04,R007,ANL09,43.0,12884.33,21,23,Close - False Positive,0,Cash Intensive Business,Cash,1,0,2026-02
ALT02279,2026-06-14,R003,ANL05,78.0,1291.4,6,10,Close - False Positive,0,Rapid Movement of Funds,ACH/P2P/Wire,1,0,2026-06
ALT02280,2026-07-31,R001,ANL04,71.0,36115.02,3,44,Escalate to Case,0,Structuring / Cash Activity,Cash,0,1,2026-07
ALT02281,2026-05-19,R001,ANL06,60.0,31694.89,10,34,Escalate to Case,0,Structuring / Cash Activity,Cash,0,1,2026-05
ALT02282,2026-05-05,R002,ANL11,46.0,64543.72,1,43,Close - False Positive,0,High-Risk Jurisdiction Wire,Wire,1,0,2026-05
ALT02283,2026-03-27,R006,ANL05,78.0,12897.33,12,26,Close - False Positive,0,P2P Funnel Activity,P2P,1,0,2026-03
ALT02284,2026-04-30,R001,ANL10,39.0,42138.18,3,38,Close - Explained Activity,0,Structuring / Cash Activity,Cash,0,0,2026-04
ALT02285,2026-01-20,R004,ANL07,65.0,41878.21,25,26,Close - False Positive,0,Unusual Volume Increase,All,1,0,2026-01
ALT02286,2026-02-11,R004,ANL03,46.0,91977.89,12,41,Close - False Positive,0,Unusual Volume Increase,All,1,0,2026-02
ALT02287,2026-02-01,R005,ANL12,27.0,39185.27,4,33,Close - False Positive,0,High-Value Wire,Wire,1,0,2026-02
ALT02288,2026-07-15,R003,ANL07,74.0,14807.31,10,44,Close - False Positive,0,Rapid Movement of Funds,ACH/P2P/Wire,1,0,2026-07
ALT02289,2026-08-20,R001,ANL04,64.0,6147.39,3,32,Close - False Positive,0,Structuring / Cash Activity,Cash,1,0,2026-08
ALT02290,2026-09-18,R004,ANL07,100.0,19411.7,7,52,Escalate to Case,0,Unusual Volume Increase,All,0,1,2026-09
ALT02291,2026-02-24,R006,ANL10,61.0,6244.09,7,47,Escalate to Case,0,P2P Funnel Activity,P2P,0,1,2026-02
ALT02292,2026-09-03,R005,ANL03,77.0,17915.27,15,55,Close - Explained Activity,0,High-Value Wire,Wire,0,0,2026-09
ALT02293,2026-07-13,R004,ANL10,87.0,39196.13,12,35,Close - False Positive,0,Unusual Volume Increase,All,1,0,2026-07
ALT02294,2026-07-17,R007,ANL02,93.0,18516.71,4,35,Close - False Positive,0,Cash Intensive Business,Cash,1,0,2026-07
ALT02295,2026-05-01,R002,ANL03,49.0,2962.94,10,18,Escalate to Case,0,High-Risk Jurisdiction Wire,Wire,0,1,2026-05
ALT02296,2026-07-08,R007,ANL05,48.0,8197.27,21,27,Close - Explained Activity,0,Cash Intensive Business,Cash,0,0,2026-07
ALT02297,2026-01-14,R001,ANL02,32.0,67666.07,18,50,Close - False Positive,0,Structuring / Cash Activity,Cash,1,0,2026-01
ALT02298,2026-06-09,R003,ANL06,58.0,32531.44,12,8,Close - False Positive,0,Rapid Movement of Funds,ACH/P2P/Wire,1,0,2026-06
ALT02299,2026-04-28,R006,ANL12,71.0,6541.44,10,53,Close - Explained Activity,0,P2P Funnel Activity,P2P,0,0,2026-04
ALT02300,2026-06-28,R008,ANL02,57.0,11835.54,14,49,Escalate to Case,0,Dormant Account Reactivation,All,0,1,2026-06
ALT02301,2026-01-17,R003,ANL09,13.0,10371.11,7,51,Close - False Positive,0,Rapid Movement of Funds,ACH/P2P/Wire,1,0,2026-01
ALT02302,2026-06-07,R004,ANL07,21.0,34196.12,4,8,Close - False Positive,0,Unusual Volume Increase,All,1,0,2026-06
ALT02303,2026-02-02,R001,ANL03,68.0,3148.27,17,17,Close - False Positive,0,Structuring / Cash Activity,Cash,1,0,2026-02
ALT02304,2026-01-08,R001,ANL04,61.0,59707.5,6,25,Close - False Positive,0,Structuring / Cash Activity,Cash,1,0,2026-01
ALT02305,2026-05-03,R002,ANL08,76.0,155263.21,23,37,Escalate to Case,0,High-Risk Jurisdiction Wire,Wire,0,1,2026-05
ALT02306,2026-04-22,R001,ANL09,60.0,42774.21,3,30,Close - False Positive,0,Structuring / Cash Activity,Cash,1,0,2026-04
ALT02307,2026-03-09,R004,ANL02,28.0,149964.43,3,22,Close - False Positive,0,Unusual Volume Increase,All,1,0,2026-03
ALT02308,2026-06-21,R005,ANL01,59.0,6041.21,4,12,Close - Explained Activity,0,High-Value Wire,Wire,0,0,2026-06
ALT02309,2026-08-03,R003,ANL12,33.0,8578.82,3,66,Close - False Positive,0,Rapid Movement of Funds,ACH/P2P/Wire,1,0,2026-08
ALT02310,2026-08-19,R003,ANL08,78.0,63291.25,18,53,Close - False Positive,0,Rapid Movement of Funds,ACH/P2P/Wire,1,0,2026-08
ALT02311,2026-01-05,R008,ANL02,96.0,95924.61,10,58,Close - False Positive,0,Dormant Account Reactivation,All,1,0,2026-01
ALT02312,2026-01-08,R002,ANL01,49.0,20425.98,1,20,Escalate to Case,0,High-Risk Jurisdiction Wire,Wire,0,1,2026-01
ALT02313,2026-01-30,R007,ANL08,84.0,7043.58,2,44,Close - False Positive,0,Cash Intensive Business,Cash,1,0,2026-01
ALT02314,2026-04-12,R003,ANL09,78.0,240395.94,5,50,Close - False Positive,0,Rapid Movement of Funds,ACH/P2P/Wire,1,0,2026-04
ALT02315,2026-05-10,R002,ANL11,71.0,25807.55,7,34,Escalate to Case,0,High-Risk Jurisdiction Wire,Wire,0,1,2026-05
ALT02316,2026-01-02,R001,ANL09,24.0,59604.65,5,43,Close - Explained Activity,0,Structuring / Cash Activity,Cash,0,0,2026-01
ALT02317,2026-06-16,R006,ANL04,76.0,189527.18,3,57,Escalate to Case,0,P2P Funnel Activity,P2P,0,1,2026-06
ALT02318,2026-09-08,R002,ANL07,74.0,89626.31,6,43,Close - False Positive,0,High-Risk Jurisdiction Wire,Wire,1,0,2026-09
ALT02319,2026-07-17,R007,ANL02,37.0,39231.71,7,39,Close - False Positive,0,Cash Intensive Business,Cash,1,0,2026-07
ALT02320,2026-05-29,R006,ANL04,80.0,77991.87,10,38,Close - False Positive,0,P2P Funnel Activity,P2P,1,0,2026-05
ALT02321,2026-07-23,R003,ANL04,78.0,46114.7,4,52,Escalate to Case,0,Rapid Movement of Funds,ACH/P2P/Wire,0,1,2026-07
ALT02322,2026-06-27,R007,ANL02,46.0,3738.41,12,64,Close - False Positive,0,Cash Intensive Business,Cash,1,0,2026-06
ALT02323,2026-09-11,R005,ANL09,44.0,158367.44,2,72,Close - False Positive,0,High-Value Wire,Wire,1,0,2026-09
ALT02324,2026-01-13,R001,ANL02,59.0,114340.76,5,54,Escalate to Case,0,Structuring / Cash Activity,Cash,0,1,2026-01
ALT02325,2026-04-01,R001,ANL10,77.0,10845.52,1,42,Escalate to Case,0,Structuring / Cash Activity,Cash,0,1,2026-04
ALT02326,2026-05-04,R007,ANL06,54.0,10822.62,7,31,Escalate to Case,0,Cash Intensive Business,Cash,0,1,2026-05
ALT02327,2026-03-31,R006,ANL03,69.0,79997.85,11,25,Escalate to Case,0,P2P Funnel Activity,P2P,0,1,2026-03
ALT02328,2026-05-19,R001,ANL10,48.0,11112.13,4,46,Close - Explained Activity,0,Structuring / Cash Activity,Cash,0,0,2026-05
ALT02329,2026-09-28,R007,ANL03,81.0,4660.02,13,23,Escalate to Case,0,Cash Intensive Business,Cash,0,1,2026-09
ALT02330,2026-07-19,R007,ANL04,62.0,7294.12,17,44,Close - False Positive,0,Cash Intensive Business,Cash,1,0,2026-07
ALT02331,2026-02-05,R002,ANL10,65.0,655009.86,6,50,Escalate to Case,0,High-Risk Jurisdiction Wire,Wire,0,1,2026-02
ALT02332,2026-02-08,R005,ANL08,67.0,62767.05,6,41,Escalate to Case,0,High-Value Wire,Wire,0,1,2026-02
ALT02333,2026-06-01,R003,ANL11,100.0,16110.59,9,38,Escalate to Case,0,Rapid Movement of Funds,ACH/P2P/Wire,0,1,2026-06
ALT02334,2026-05-19,R006,ANL04,78.0,15216.05,6,41,Close - False Positive,0,P2P Funnel Activity,P2P,1,0,2026-05
ALT02335,2026-08-04,R007,ANL11,41.0,42615.47,7,33,Escalate to Case,0,Cash Intensive Business,Cash,0,1,2026-08
ALT02336,2026-08-07,R006,ANL06,60.0,2725.26,1,56,Close - False Positive,0,P2P Funnel Activity,P2P,1,0,2026-08
ALT02337,2026-01-31,R001,ANL07,50.0,122060.49,6,25,Close - False Positive,0,Structuring / Cash Activity,Cash,1,0,2026-01
ALT02338,2026-05-26,R002,ANL07,54.0,44961.12,1,27,Close - False Positive,0,High-Risk Jurisdiction Wire,Wire,1,0,2026-05
ALT02339,2026-03-19,R005,ANL06,40.0,58546.61,12,25,Close - False Positive,0,High-Value Wire,Wire,1,0,2026-03
ALT02340,2026-07-01,R004,ANL07,47.0,16732.81,9,44,Close - False Positive,0,Unusual Volume Increase,All,1,0,2026-07
ALT02341,2026-03-05,R004,ANL06,45.0,28736.71,12,38,Close - False Positive,0,Unusual Volume Increase,All,1,0,2026-03
ALT02342,2026-04-30,R005,ANL10,38.0,1544.47,13,45,Close - False Positive,0,High-Value Wire,Wire,1,0,2026-04
ALT02343,2026-05-13,R002,ANL05,57.0,17981.51,6,44,Close - Explained Activity,0,High-Risk Jurisdiction Wire,Wire,0,0,2026-05
ALT02344,2026-03-02,R001,ANL12,62.0,130861.51,2,30,Close - Explained Activity,0,Structuring / Cash Activity,Cash,0,0,2026-03
ALT02345,2026-02-25,R001,ANL04,51.0,119445.17,13,32,Escalate to Case,0,Structuring / Cash Activity,Cash,0,1,2026-02
ALT02346,2026-06-24,R004,ANL04,41.0,13114.84,9,40,Close - False Positive,0,Unusual Volume Increase,All,1,0,2026-06
ALT02347,2026-07-04,R006,ANL10,24.0,1801.77,3,26,Close - False Positive,0,P2P Funnel Activity,P2P,1,0,2026-07
ALT02348,2026-06-25,R003,ANL06,64.0,12733.1,14,42,Close - False Positive,0,Rapid Movement of Funds,ACH/P2P/Wire,1,0,2026-06
ALT02349,2026-02-13,R005,ANL10,58.0,102318.85,22,31,Escalate to Case,0,High-Value Wire,Wire,0,1,2026-02
ALT02350,2026-07-08,R005,ANL04,35.0,6024.8,9,47,Close - False Positive,0,High-Value Wire,Wire,1,0,2026-07
ALT02351,2026-03-27,R004,ANL05,77.0,22533.32,10,8,Close - False Positive,0,Unusual Volume Increase,All,1,0,2026-03
ALT02352,2026-07-29,R002,ANL09,85.0,86189.49,14,15,Escalate to Case,0,High-Risk Jurisdiction Wire,Wire,0,1,2026-07
ALT02353,2026-07-26,R002,ANL10,100.0,29160.54,3,40,Escalate to Case,1,High-Risk Jurisdiction Wire,Wire,0,1,2026-07
ALT02354,2026-01-02,R003,ANL07,48.0,8562.43,22,22,Close - False Positive,0,Rapid Movement of Funds,ACH/P2P/Wire,1,0,2026-01
ALT02355,2026-06-10,R006,ANL07,71.0,26499.46,2,40,Close - False Positive,0,P2P Funnel Activity,P2P,1,0,2026-06
ALT02356,2026-08-01,R001,ANL12,94.0,3825.29,21,8,Escalate to Case,0,Structuring / Cash Activity,Cash,0,1,2026-08
ALT02357,2026-05-05,R001,ANL11,45.0,12296.49,5,42,Close - Explained Activity,0,Structuring / Cash Activity,Cash,0,0,2026-05
ALT02358,2026-08-05,R002,ANL11,64.0,40293.97,6,44,Escalate to Case,0,High-Risk Jurisdiction Wire,Wire,0,1,2026-08
ALT02359,2026-08-10,R004,ANL11,89.0,17355.35,8,22,Escalate to Case,0,Unusual Volume Increase,All,0,1,2026-08
ALT02360,2026-06-25,R001,ANL07,51.0,33910.6,14,16,Close - False Positive,0,Structuring / Cash Activity,Cash,1,0,2026-06
ALT02361,2026-04-27,R004,ANL11,92.0,133501.3,14,34,Close - False Positive,0,Unusual Volume Increase,All,1,0,2026-04
ALT02362,2026-06-14,R003,ANL09,57.0,93310.56,4,31,Close - Explained Activity,0,Rapid Movement of Funds,ACH/P2P/Wire,0,0,2026-06
ALT02363,2026-03-12,R006,ANL02,65.0,36191.9,8,47,Close - Explained Activity,0,P2P Funnel Activity,P2P,0,0,2026-03
ALT02364,2026-03-30,R006,ANL07,61.0,148249.73,9,23,Escalate to Case,0,P2P Funnel Activity,P2P,0,1,2026-03
ALT02365,2026-07-16,R007,ANL09,49.0,6182.58,8,55,Close - False Positive,0,Cash Intensive Business,Cash,1,0,2026-07
ALT02366,2026-06-03,R003,ANL12,74.0,16907.83,14,42,Escalate to Case,1,Rapid Movement of Funds,ACH/P2P/Wire,0,1,2026-06
ALT02367,2026-06-14,R007,ANL09,61.0,57769.63,13,56,Close - False Positive,0,Cash Intensive Business,Cash,1,0,2026-06
ALT02368,2026-05-16,R002,ANL03,53.0,85680.43,9,35,Close - False Positive,0,High-Risk Jurisdiction Wire,Wire,1,0,2026-05
ALT02369,2026-05-08,R005,ANL02,100.0,6312.76,4,22,Close - Explained Activity,0,High-Value Wire,Wire,0,0,2026-05
ALT02370,2026-01-05,R002,ANL08,50.0,5230.98,19,34,Escalate to Case,0,High-Risk Jurisdiction Wire,Wire,0,1,2026-01
ALT02371,2026-05-09,R004,ANL03,48.0,42150.44,5,34,Close - False Positive,0,Unusual Volume Increase,All,1,0,2026-05
ALT02372,2026-05-21,R001,ANL11,100.0,12517.17,9,72,Close - False Positive,0,Structuring / Cash Activity,Cash,1,0,2026-05
ALT02373,2026-02-05,R006,ANL12,45.0,45763.68,13,52,Close - False Positive,0,P2P Funnel Activity,P2P,1,0,2026-02
ALT02374,2026-08-23,R001,ANL10,52.0,10000.63,14,32,Close - Explained Activity,0,Structuring / Cash Activity,Cash,0,0,2026-08
ALT02375,2026-04-30,R003,ANL10,67.0,4469.79,9,53,Close - Explained Activity,0,Rapid Movement of Funds,ACH/P2P/Wire,0,0,2026-04
ALT02376,2026-05-19,R006,ANL08,59.0,28889.17,16,23,Escalate to Case,0,P2P Funnel Activity,P2P,0,1,2026-05
ALT02377,2026-01-15,R006,ANL09,50.0,26648.51,15,25,Close - False Positive,0,P2P Funnel Activity,P2P,1,0,2026-01
ALT02378,2026-05-15,R003,ANL06,49.0,57820.46,18,48,Close - False Positive,0,Rapid Movement of Funds,ACH/P2P/Wire,1,0,2026-05
ALT02379,2026-07-31,R001,ANL07,60.0,10243.4,13,30,Close - False Positive,0,Structuring / Cash Activity,Cash,1,0,2026-07
ALT02380,2026-09-23,R005,ANL03,64.0,38766.39,9,44,Escalate to Case,0,High-Value Wire,Wire,0,1,2026-09
ALT02381,2026-03-22,R004,ANL07,47.0,15130.12,12,28,Escalate to Case,1,Unusual Volume Increase,All,0,1,2026-03
ALT02382,2026-01-28,R002,ANL05,65.0,53978.83,12,40,Escalate to Case,0,High-Risk Jurisdiction Wire,Wire,0,1,2026-01
ALT02383,2026-08-09,R003,ANL08,86.0,1325.05,11,28,Escalate to Case,0,Rapid Movement of Funds,ACH/P2P/Wire,0,1,2026-08
ALT02384,2026-03-16,R004,ANL08,82.0,28883.49,11,13,Close - Explained Activity,0,Unusual Volume Increase,All,0,0,2026-03
ALT02385,2026-07-21,R001,ANL11,24.0,43309.22,11,47,Close - False Positive,0,Structuring / Cash Activity,Cash,1,0,2026-07
ALT02386,2026-04-09,R004,ANL02,56.0,34433.53,8,30,Close - False Positive,0,Unusual Volume Increase,All,1,0,2026-04
ALT02387,2026-08-26,R004,ANL05,40.0,20545.41,6,71,Close - False Positive,0,Unusual Volume Increase,All,1,0,2026-08
ALT02388,2026-09-16,R001,ANL01,29.0,10191.58,10,40,Close - False Positive,0,Structuring / Cash Activity,Cash,1,0,2026-09
ALT02389,2026-02-11,R005,ANL08,69.0,96754.06,9,30,Close - False Positive,0,High-Value Wire,Wire,1,0,2026-02
ALT02390,2026-06-21,R002,ANL06,70.0,13391.94,26,31,Close - False Positive,0,High-Risk Jurisdiction Wire,Wire,1,0,2026-06
ALT02391,2026-06-12,R002,ANL07,53.0,15242.85,5,36,Close - Explained Activity,0,High-Risk Jurisdiction Wire,Wire,0,0,2026-06
ALT02392,2026-06-27,R005,ANL10,54.0,56581.78,15,53,Escalate to Case,0,High-Value Wire,Wire,0,1,2026-06
ALT02393,2026-04-25,R007,ANL05,68.0,20736.41,13,28,Close - False Positive,0,Cash Intensive Business,Cash,1,0,2026-04
ALT02394,2026-01-30,R001,ANL12,58.0,21709.55,4,39,Close - False Positive,0,Structuring / Cash Activity,Cash,1,0,2026-01
ALT02395,2026-06-29,R007,ANL10,45.0,4384.12,10,56,Close - False Positive,0,Cash Intensive Business,Cash,1,0,2026-06
ALT02396,2026-08-06,R001,ANL02,71.0,7298.75,4,43,Close - Explained Activity,0,Structuring / Cash Activity,Cash,0,0,2026-08
ALT02397,2026-03-16,R001,ANL01,71.0,25872.13,11,35,Close - Explained Activity,0,Structuring / Cash Activity,Cash,0,0,2026-03
ALT02398,2026-01-13,R006,ANL08,65.0,27705.94,35,47,Close - Explained Activity,0,P2P Funnel Activity,P2P,0,0,2026-01
ALT02399,2026-06-02,R002,ANL12,56.0,5926.42,2,53,Escalate to Case,0,High-Risk Jurisdiction Wire,Wire,0,1,2026-06
ALT02400,2026-01-09,R005,ANL07,79.0,30458.45,5,52,Close - False Positive,0,High-Value Wire,Wire,1,0,2026-01
ALT02401,2026-08-06,R008,ANL08,52.0,24331.65,13,42,Close - False Positive,0,Dormant Account Reactivation,All,1,0,2026-08
ALT02402,2026-09-18,R004,ANL06,70.0,18709.37,8,38,Escalate to Case,0,Unusual Volume Increase,All,0,1,2026-09
ALT02403,2026-09-29,R002,ANL07,62.0,53689.9,14,33,Close - False Positive,0,High-Risk Jurisdiction Wire,Wire,1,0,2026-09
ALT02404,2026-02-04,R006,ANL03,86.0,33503.7,9,11,Escalate to Case,0,P2P Funnel Activity,P2P,0,1,2026-02
ALT02405,2026-06-26,R002,ANL10,78.0,17008.28,4,32,Close - False Positive,0,High-Risk Jurisdiction Wire,Wire,1,0,2026-06
ALT02406,2026-01-01,R006,ANL10,33.0,45544.86,3,24,Escalate to Case,0,P2P Funnel Activity,P2P,0,1,2026-01
ALT02407,2026-03-10,R001,ANL02,88.0,46522.91,18,29,Close - Explained Activity,0,Structuring / Cash Activity,Cash,0,0,2026-03
ALT02408,2026-02-18,R006,ANL09,43.0,250939.94,13,70,Close - False Positive,0,P2P Funnel Activity,P2P,1,0,2026-02
ALT02409,2026-09-18,R006,ANL08,38.0,7035.15,25,37,Close - Explained Activity,0,P2P Funnel Activity,P2P,0,0,2026-09
ALT02410,2026-08-09,R005,ANL04,55.0,46278.66,15,39,Escalate to Case,1,High-Value Wire,Wire,0,1,2026-08
ALT02411,2026-04-14,R001,ANL01,32.0,30460.73,7,47,Close - False Positive,0,Structuring / Cash Activity,Cash,1,0,2026-04
ALT02412,2026-09-12,R004,ANL07,37.0,23727.3,2,38,Close - False Positive,0,Unusual Volume Increase,All,1,0,2026-09
ALT02413,2026-02-10,R005,ANL10,73.0,20838.0,1,29,Close - False Positive,0,High-Value Wire,Wire,1,0,2026-02
ALT02414,2026-02-26,R008,ANL01,70.0,8187.85,6,28,Close - False Positive,0,Dormant Account Reactivation,All,1,0,2026-02
ALT02415,2026-03-03,R007,ANL10,52.0,7540.06,24,28,Close - False Positive,0,Cash Intensive Business,Cash,1,0,2026-03
ALT02416,2026-01-02,R004,ANL06,37.0,11616.69,8,31,Close - False Positive,0,Unusual Volume Increase,All,1,0,2026-01
ALT02417,2026-08-28,R005,ANL09,52.0,220154.69,12,37,Close - False Positive,0,High-Value Wire,Wire,1,0,2026-08
ALT02418,2026-06-13,R004,ANL07,38.0,146309.67,12,58,Close - False Positive,0,Unusual Volume Increase,All,1,0,2026-06
ALT02419,2026-09-25,R005,ANL06,72.0,14335.45,1,37,Escalate to Case,1,High-Value Wire,Wire,0,1,2026-09
ALT02420,2026-06-25,R007,ANL01,28.0,12054.45,2,28,Close - False Positive,0,Cash Intensive Business,Cash,1,0,2026-06
ALT02421,2026-04-20,R003,ANL03,53.0,15930.01,8,39,Close - Explained Activity,0,Rapid Movement of Funds,ACH/P2P/Wire,0,0,2026-04
ALT02422,2026-04-12,R008,ANL09,49.0,33172.0,5,29,Close - False Positive,0,Dormant Account Reactivation,All,1,0,2026-04
ALT02423,2026-09-23,R005,ANL02,64.0,61827.73,28,45,Escalate to Case,0,High-Value Wire,Wire,0,1,2026-09
ALT02424,2026-06-06,R004,ANL09,35.0,143595.85,13,33,Escalate to Case,0,Unusual Volume Increase,All,0,1,2026-06
ALT02425,2026-05-27,R006,ANL06,44.0,15692.53,8,27,Close - Explained Activity,0,P2P Funnel Activity,P2P,0,0,2026-05
ALT02426,2026-04-16,R002,ANL09,45.0,26926.57,3,41,Close - False Positive,0,High-Risk Jurisdiction Wire,Wire,1,0,2026-04
ALT02427,2026-05-18,R001,ANL06,55.0,10148.54,12,41,Escalate to Case,0,Structuring / Cash Activity,Cash,0,1,2026-05
ALT02428,2026-01-13,R003,ANL12,67.0,4167.76,11,25,Close - Explained Activity,0,Rapid Movement of Funds,ACH/P2P/Wire,0,0,2026-01
ALT02429,2026-06-29,R001,ANL05,74.0,9507.42,11,47,Close - False Positive,0,Structuring / Cash Activity,Cash,1,0,2026-06
ALT02430,2026-01-30,R004,ANL04,68.0,6655.75,8,33,Close - False Positive,0,Unusual Volume Increase,All,1,0,2026-01
ALT02431,2026-08-28,R007,ANL11,49.0,9380.87,4,18,Close - Explained Activity,0,Cash Intensive Business,Cash,0,0,2026-08
ALT02432,2026-07-19,R004,ANL08,73.0,55442.89,13,28,Close - False Positive,0,Unusual Volume Increase,All,1,0,2026-07
ALT02433,2026-02-14,R001,ANL06,98.0,57515.42,1,11,Close - Explained Activity,0,Structuring / Cash Activity,Cash,0,0,2026-02
ALT02434,2026-08-15,R005,ANL12,47.0,13922.7,15,48,Escalate to Case,0,High-Value Wire,Wire,0,1,2026-08
ALT02435,2026-09-14,R001,ANL05,23.0,13053.2,4,30,Close - False Positive,0,Structuring / Cash Activity,Cash,1,0,2026-09
ALT02436,2026-03-03,R001,ANL01,60.0,17411.72,9,40,Close - False Positive,0,Structuring / Cash Activity,Cash,1,0,2026-03
ALT02437,2026-03-25,R007,ANL05,61.0,54441.66,15,44,Close - False Positive,0,Cash Intensive Business,Cash,1,0,2026-03
ALT02438,2026-04-03,R008,ANL03,57.0,13935.34,3,41,Escalate to Case,0,Dormant Account Reactivation,All,0,1,2026-04
ALT02439,2026-04-06,R001,ANL05,72.0,54226.82,11,31,Escalate to Case,0,Structuring / Cash Activity,Cash,0,1,2026-04
ALT02440,2026-01-27,R006,ANL08,82.0,95878.94,3,40,Escalate to Case,0,P2P Funnel Activity,P2P,0,1,2026-01
ALT02441,2026-08-20,R005,ANL12,41.0,446557.85,3,33,Close - Explained Activity,0,High-Value Wire,Wire,0,0,2026-08
ALT02442,2026-06-21,R003,ANL07,74.0,263114.3,7,60,Close - False Positive,0,Rapid Movement of Funds,ACH/P2P/Wire,1,0,2026-06
ALT02443,2026-03-17,R003,ANL10,32.0,15273.68,8,46,Close - False Positive,0,Rapid Movement of Funds,ACH/P2P/Wire,1,0,2026-03
ALT02444,2026-04-21,R001,ANL04,36.0,39320.07,11,41,Close - False Positive,0,Structuring / Cash Activity,Cash,1,0,2026-04
ALT02445,2026-09-15,R001,ANL12,63.0,21453.39,12,18,Close - False Positive,0,Structuring / Cash Activity,Cash,1,0,2026-09
ALT02446,2026-09-20,R002,ANL08,53.0,2037.58,6,39,Escalate to Case,0,High-Risk Jurisdiction Wire,Wire,0,1,2026-09
ALT02447,2026-02-11,R002,ANL08,45.0,27520.83,16,71,Close - False Positive,0,High-Risk Jurisdiction Wire,Wire,1,0,2026-02
ALT02448,2026-02-08,R007,ANL04,41.0,7802.38,3,40,Close - False Positive,0,Cash Intensive Business,Cash,1,0,2026-02
ALT02449,2026-04-16,R003,ANL01,48.0,116954.86,7,35,Close - False Positive,0,Rapid Movement of Funds,ACH/P2P/Wire,1,0,2026-04
ALT02450,2026-06-08,R004,ANL01,41.0,13629.58,6,8,Escalate to Case,0,Unusual Volume Increase,All,0,1,2026-06
ALT02451,2026-07-29,R001,ANL03,64.0,20910.12,27,48,Escalate to Case,0,Structuring / Cash Activity,Cash,0,1,2026-07
ALT02452,2026-08-20,R001,ANL01,56.0,74946.52,6,60,Escalate to Case,0,Structuring / Cash Activity,Cash,0,1,2026-08
ALT02453,2026-09-20,R002,ANL01,30.0,12002.37,22,59,Escalate to Case,0,High-Risk Jurisdiction Wire,Wire,0,1,2026-09
ALT02454,2026-01-06,R008,ANL06,70.0,23302.76,21,38,Close - False Positive,0,Dormant Account Reactivation,All,1,0,2026-01
ALT02455,2026-08-09,R002,ANL02,19.0,76447.44,10,32,Close - False Positive,0,High-Risk Jurisdiction Wire,Wire,1,0,2026-08
ALT02456,2026-03-03,R002,ANL03,17.0,51145.21,10,58,Close - False Positive,0,High-Risk Jurisdiction Wire,Wire,1,0,2026-03
ALT02457,2026-07-29,R008,ANL12,80.0,4055.18,12,56,Close - Explained Activity,0,Dormant Account Reactivation,All,0,0,2026-07
ALT02458,2026-01-06,R004,ANL03,37.0,12171.67,15,22,Close - False Positive,0,Unusual Volume Increase,All,1,0,2026-01
ALT02459,2026-05-30,R006,ANL03,84.0,19712.04,5,30,Close - False Positive,0,P2P Funnel Activity,P2P,1,0,2026-05
ALT02460,2026-05-14,R001,ANL08,42.0,28495.8,10,45,Close - False Positive,0,Structuring / Cash Activity,Cash,1,0,2026-05
ALT02461,2026-04-19,R005,ANL05,67.0,4743.77,15,28,Close - Explained Activity,0,High-Value Wire,Wire,0,0,2026-04
ALT02462,2026-03-16,R002,ANL05,37.0,66906.41,16,60,Close - Explained Activity,0,High-Risk Jurisdiction Wire,Wire,0,0,2026-03
ALT02463,2026-04-10,R001,ANL10,55.0,32307.99,10,68,Close - False Positive,0,Structuring / Cash Activity,Cash,1,0,2026-04
ALT02464,2026-01-11,R001,ANL05,31.0,33215.71,7,45,Escalate to Case,0,Structuring / Cash Activity,Cash,0,1,2026-01
ALT02465,2026-05-30,R003,ANL11,5.0,41470.14,6,23,Close - False Positive,0,Rapid Movement of Funds,ACH/P2P/Wire,1,0,2026-05
ALT02466,2026-07-22,R001,ANL10,65.0,5218.22,4,51,Escalate to Case,0,Structuring / Cash Activity,Cash,0,1,2026-07
ALT02467,2026-02-28,R007,ANL01,73.0,162016.83,7,44,Close - False Positive,0,Cash Intensive Business,Cash,1,0,2026-02
ALT02468,2026-08-22,R002,ANL08,91.0,76793.34,13,59,Escalate to Case,0,High-Risk Jurisdiction Wire,Wire,0,1,2026-08
ALT02469,2026-06-15,R003,ANL04,52.0,105112.46,3,43,Escalate to Case,0,Rapid Movement of Funds,ACH/P2P/Wire,0,1,2026-06
ALT02470,2026-04-09,R005,ANL12,66.0,11535.14,14,41,Close - Explained Activity,0,High-Value Wire,Wire,0,0,2026-04
ALT02471,2026-09-22,R005,ANL11,79.0,30176.34,9,34,Escalate to Case,0,High-Value Wire,Wire,0,1,2026-09
ALT02472,2026-09-11,R006,ANL01,74.0,47586.51,14,44,Close - False Positive,0,P2P Funnel Activity,P2P,1,0,2026-09
ALT02473,2026-03-12,R003,ANL05,70.0,48869.88,6,53,Escalate to Case,0,Rapid Movement of Funds,ACH/P2P/Wire,0,1,2026-03
ALT02474,2026-07-21,R007,ANL09,48.0,68194.75,9,49,Close - Explained Activity,0,Cash Intensive Business,Cash,0,0,2026-07
ALT02475,2026-09-10,R003,ANL04,57.0,28462.1,3,45,Close - False Positive,0,Rapid Movement of Funds,ACH/P2P/Wire,1,0,2026-09
ALT02476,2026-01-29,R004,ANL03,60.0,41160.15,4,41,Close - Explained Activity,0,Unusual Volume Increase,All,0,0,2026-01
ALT02477,2026-03-05,R002,ANL06,67.0,28336.94,12,14,Escalate to Case,1,High-Risk Jurisdiction Wire,Wire,0,1,2026-03
ALT02478,2026-08-12,R001,ANL07,32.0,18429.64,10,41,Escalate to Case,0,Structuring / Cash Activity,Cash,0,1,2026-08
ALT02479,2026-02-26,R003,ANL02,53.0,29071.49,12,33,Close - Explained Activity,0,Rapid Movement of Funds,ACH/P2P/Wire,0,0,2026-02
ALT02480,2026-07-27,R001,ANL08,37.0,54230.91,9,24,Close - False Positive,0,Structuring / Cash Activity,Cash,1,0,2026-07
ALT02481,2026-06-13,R008,ANL04,65.0,13708.45,4,15,Close - False Positive,0,Dormant Account Reactivation,All,1,0,2026-06
ALT02482,2026-06-04,R002,ANL10,100.0,22873.32,10,55,Escalate to Case,0,High-Risk Jurisdiction Wire,Wire,0,1,2026-06
ALT02483,2026-07-24,R005,ANL04,72.0,13984.33,11,26,Escalate to Case,0,High-Value Wire,Wire,0,1,2026-07
ALT02484,2026-05-20,R002,ANL02,60.0,7024.42,13,24,Close - Explained Activity,0,High-Risk Jurisdiction Wire,Wire,0,0,2026-05
ALT02485,2026-03-01,R003,ANL07,31.0,10741.19,14,37,Close - False Positive,0,Rapid Movement of Funds,ACH/P2P/Wire,1,0,2026-03
ALT02486,2026-02-26,R003,ANL04,69.0,20868.54,8,41,Close - False Positive,0,Rapid Movement of Funds,ACH/P2P/Wire,1,0,2026-02
ALT02487,2026-02-24,R002,ANL09,46.0,17034.04,8,16,Close - Explained Activity,0,High-Risk Jurisdiction Wire,Wire,0,0,2026-02
ALT02488,2026-04-08,R007,ANL09,55.0,11811.79,1,29,Close - False Positive,0,Cash Intensive Business,Cash,1,0,2026-04
ALT02489,2026-05-19,R002,ANL09,72.0,17083.85,9,76,Close - Explained Activity,0,High-Risk Jurisdiction Wire,Wire,0,0,2026-05
ALT02490,2026-02-24,R005,ANL08,46.0,150932.07,8,65,Close - False Positive,0,High-Value Wire,Wire,1,0,2026-02
ALT02491,2026-08-19,R004,ANL01,76.0,173676.23,24,19,Escalate to Case,0,Unusual Volume Increase,All,0,1,2026-08
ALT02492,2026-04-24,R005,ANL04,65.0,18726.54,9,39,Escalate to Case,0,High-Value Wire,Wire,0,1,2026-04
ALT02493,2026-07-11,R004,ANL12,58.0,34346.31,8,54,Escalate to Case,0,Unusual Volume Increase,All,0,1,2026-07
ALT02494,2026-08-06,R001,ANL11,56.0,61179.81,9,52,Escalate to Case,0,Structuring / Cash Activity,Cash,0,1,2026-08
ALT02495,2026-09-14,R003,ANL12,43.0,10406.11,4,70,Escalate to Case,0,Rapid Movement of Funds,ACH/P2P/Wire,0,1,2026-09
ALT02496,2026-02-05,R001,ANL01,79.0,34482.43,8,39,Close - False Positive,0,Structuring / Cash Activity,Cash,1,0,2026-02
ALT02497,2026-07-16,R005,ANL03,56.0,30944.11,10,53,Close - False Positive,0,High-Value Wire,Wire,1,0,2026-07
ALT02498,2026-03-02,R003,ANL10,96.0,157479.37,4,9,Close - False Positive,0,Rapid Movement of Funds,ACH/P2P/Wire,1,0,2026-03
ALT02499,2026-07-31,R005,ANL03,29.0,7961.02,12,66,Close - False Positive,0,High-Value Wire,Wire,1,0,2026-07
ALT02500,2026-09-24,R005,ANL02,47.0,28827.96,3,39,Escalate to Case,0,High-Value Wire,Wire,0,1,2026-09
ALT02501,2026-01-01,R005,ANL07,63.0,10193.12,23,11,Escalate to Case,0,High-Value Wire,Wire,0,1,2026-01
ALT02502,2026-02-18,R005,ANL05,43.0,102416.03,8,47,Close - False Positive,0,High-Value Wire,Wire,1,0,2026-02
ALT02503,2026-01-27,R003,ANL06,89.0,2944.71,24,28,Close - False Positive,0,Rapid Movement of Funds,ACH/P2P/Wire,1,0,2026-01
ALT02504,2026-01-19,R002,ANL12,39.0,8839.53,7,14,Close - Explained Activity,0,High-Risk Jurisdiction Wire,Wire,0,0,2026-01
ALT02505,2026-07-05,R003,ANL02,59.0,5109.94,7,32,Escalate to Case,0,Rapid Movement of Funds,ACH/P2P/Wire,0,1,2026-07
ALT02506,2026-06-24,R004,ANL03,43.0,25548.48,3,47,Close - False Positive,0,Unusual Volume Increase,All,1,0,2026-06
ALT02507,2026-08-16,R008,ANL08,27.0,21254.14,3,39,Close - Explained Activity,0,Dormant Account Reactivation,All,0,0,2026-08
ALT02508,2026-07-04,R008,ANL07,69.0,6078.64,14,43,Close - Explained Activity,0,Dormant Account Reactivation,All,0,0,2026-07
ALT02509,2026-07-27,R006,ANL08,65.0,6423.16,4,46,Close - Explained Activity,0,P2P Funnel Activity,P2P,0,0,2026-07
ALT02510,2026-06-22,R002,ANL12,75.0,5234.58,2,36,Escalate to Case,0,High-Risk Jurisdiction Wire,Wire,0,1,2026-06
ALT02511,2026-03-25,R003,ANL08,61.0,16907.71,10,25,Close - False Positive,0,Rapid Movement of Funds,ACH/P2P/Wire,1,0,2026-03
ALT02512,2026-05-02,R003,ANL09,29.0,144228.35,2,50,Escalate to Case,1,Rapid Movement of Funds,ACH/P2P/Wire,0,1,2026-05
ALT02513,2026-03-21,R004,ANL08,36.0,13451.31,4,43,Close - False Positive,0,Unusual Volume Increase,All,1,0,2026-03
ALT02514,2026-06-05,R007,ANL05,51.0,58901.71,21,51,Close - False Positive,0,Cash Intensive Business,Cash,1,0,2026-06
ALT02515,2026-05-21,R003,ANL10,45.0,34295.42,17,46,Close - False Positive,0,Rapid Movement of Funds,ACH/P2P/Wire,1,0,2026-05
ALT02516,2026-04-23,R006,ANL05,53.0,11432.35,12,59,Close - False Positive,0,P2P Funnel Activity,P2P,1,0,2026-04
ALT02517,2026-07-06,R004,ANL10,58.0,9671.03,7,37,Close - False Positive,0,Unusual Volume Increase,All,1,0,2026-07
ALT02518,2026-03-08,R004,ANL02,59.0,57565.65,8,53,Escalate to Case,0,Unusual Volume Increase,All,0,1,2026-03
ALT02519,2026-03-27,R007,ANL01,72.0,42702.6,2,49,Close - Explained Activity,0,Cash Intensive Business,Cash,0,0,2026-03
ALT02520,2026-08-01,R004,ANL06,62.0,34892.44,2,64,Escalate to Case,0,Unusual Volume Increase,All,0,1,2026-08
ALT02521,2026-03-18,R006,ANL01,28.0,29571.14,7,36,Close - False Positive,0,P2P Funnel Activity,P2P,1,0,2026-03
ALT02522,2026-06-27,R007,ANL10,78.0,5622.87,3,29,Close - False Positive,0,Cash Intensive Business,Cash,1,0,2026-06
ALT02523,2026-04-15,R007,ANL03,74.0,6293.98,2,54,Close - False Positive,0,Cash Intensive Business,Cash,1,0,2026-04
ALT02524,2026-08-16,R007,ANL03,48.0,22325.72,12,42,Close - False Positive,0,Cash Intensive Business,Cash,1,0,2026-08
ALT02525,2026-07-18,R001,ANL08,65.0,20489.08,7,23,Close - False Positive,0,Structuring / Cash Activity,Cash,1,0,2026-07
ALT02526,2026-01-09,R006,ANL05,38.0,24534.39,11,29,Close - False Positive,0,P2P Funnel Activity,P2P,1,0,2026-01
ALT02527,2026-09-26,R003,ANL10,16.0,12766.23,12,60,Close - False Positive,0,Rapid Movement of Funds,ACH/P2P/Wire,1,0,2026-09
ALT02528,2026-06-08,R001,ANL03,36.0,60250.68,15,45,Close - False Positive,0,Structuring / Cash Activity,Cash,1,0,2026-06
ALT02529,2026-06-01,R005,ANL04,30.0,30049.07,7,17,Escalate to Case,0,High-Value Wire,Wire,0,1,2026-06
ALT02530,2026-06-05,R006,ANL07,68.0,14256.23,1,23,Close - False Positive,0,P2P Funnel Activity,P2P,1,0,2026-06
ALT02531,2026-06-24,R003,ANL06,57.0,22312.41,10,62,Close - False Positive,0,Rapid Movement of Funds,ACH/P2P/Wire,1,0,2026-06
ALT02532,2026-09-06,R005,ANL10,83.0,8024.58,9,24,Close - Explained Activity,0,High-Value Wire,Wire,0,0,2026-09
ALT02533,2026-04-22,R001,ANL03,69.0,15985.02,22,35,Escalate to Case,0,Structuring / Cash Activity,Cash,0,1,2026-04
ALT02534,2026-08-21,R002,ANL03,45.0,89137.68,9,46,Escalate to Case,0,High-Risk Jurisdiction Wire,Wire,0,1,2026-08
ALT02535,2026-08-11,R002,ANL01,68.0,125874.1,13,31,Escalate to Case,0,High-Risk Jurisdiction Wire,Wire,0,1,2026-08
ALT02536,2026-04-03,R003,ANL12,72.0,5619.27,9,37,Close - False Positive,0,Rapid Movement of Funds,ACH/P2P/Wire,1,0,2026-04
ALT02537,2026-09-26,R007,ANL04,47.0,6121.29,7,32,Escalate to Case,0,Cash Intensive Business,Cash,0,1,2026-09
ALT02538,2026-01-03,R005,ANL08,90.0,22947.29,10,38,Close - False Positive,0,High-Value Wire,Wire,1,0,2026-01
ALT02539,2026-01-16,R007,ANL03,37.0,98289.53,8,37,Close - False Positive,0,Cash Intensive Business,Cash,1,0,2026-01
ALT02540,2026-04-11,R006,ANL01,50.0,72074.57,14,27,Close - False Positive,0,P2P Funnel Activity,P2P,1,0,2026-04
ALT02541,2026-09-11,R008,ANL04,95.0,72864.22,13,44,Escalate to Case,0,Dormant Account Reactivation,All,0,1,2026-09
ALT02542,2026-04-09,R002,ANL05,42.0,74949.58,15,29,Escalate to Case,0,High-Risk Jurisdiction Wire,Wire,0,1,2026-04
ALT02543,2026-08-18,R004,ANL10,68.0,26156.35,14,86,Escalate to Case,0,Unusual Volume Increase,All,0,1,2026-08
ALT02544,2026-05-14,R002,ANL04,74.0,97709.31,10,47,Close - False Positive,0,High-Risk Jurisdiction Wire,Wire,1,0,2026-05
ALT02545,2026-03-24,R006,ANL04,15.0,24837.78,1,53,Close - False Positive,0,P2P Funnel Activity,P2P,1,0,2026-03
ALT02546,2026-08-26,R003,ANL08,63.0,2109.64,4,8,Escalate to Case,0,Rapid Movement of Funds,ACH/P2P/Wire,0,1,2026-08
ALT02547,2026-05-23,R002,ANL07,34.0,12822.79,5,59,Close - False Positive,0,High-Risk Jurisdiction Wire,Wire,1,0,2026-05
ALT02548,2026-02-26,R001,ANL01,60.0,23734.91,8,29,Close - False Positive,0,Structuring / Cash Activity,Cash,1,0,2026-02
ALT02549,2026-08-29,R002,ANL10,56.0,7960.94,5,12,Close - Explained Activity,0,High-Risk Jurisdiction Wire,Wire,0,0,2026-08
ALT02550,2026-03-07,R004,ANL04,59.0,1181.46,15,18,Close - False Positive,0,Unusual Volume Increase,All,1,0,2026-03
ALT02551,2026-06-20,R004,ANL04,81.0,33346.34,9,64,Escalate to Case,0,Unusual Volume Increase,All,0,1,2026-06
ALT02552,2026-09-10,R001,ANL04,42.0,35061.7,24,41,Close - Explained Activity,0,Structuring / Cash Activity,Cash,0,0,2026-09
ALT02553,2026-09-05,R005,ANL10,42.0,15849.38,12,39,Close - Explained Activity,0,High-Value Wire,Wire,0,0,2026-09
ALT02554,2026-01-23,R002,ANL09,30.0,6639.32,12,56,Escalate to Case,0,High-Risk Jurisdiction Wire,Wire,0,1,2026-01
ALT02555,2026-08-13,R006,ANL10,85.0,7687.25,15,25,Escalate to Case,0,P2P Funnel Activity,P2P,0,1,2026-08
ALT02556,2026-01-31,R001,ANL06,56.0,22567.17,28,21,Escalate to Case,0,Structuring / Cash Activity,Cash,0,1,2026-01
ALT02557,2026-01-12,R006,ANL07,52.0,9305.06,9,24,Escalate to Case,0,P2P Funnel Activity,P2P,0,1,2026-01
ALT02558,2026-01-14,R006,ANL06,92.0,15853.02,4,71,Escalate to Case,0,P2P Funnel Activity,P2P,0,1,2026-01
ALT02559,2026-01-12,R008,ANL06,59.0,23244.72,7,35,Close - False Positive,0,Dormant Account Reactivation,All,1,0,2026-01
ALT02560,2026-05-02,R004,ANL08,65.0,15609.57,7,33,Close - False Positive,0,Unusual Volume Increase,All,1,0,2026-05
ALT02561,2026-03-10,R006,ANL07,28.0,82528.84,7,36,Close - False Positive,0,P2P Funnel Activity,P2P,1,0,2026-03
ALT02562,2026-04-04,R001,ANL01,62.0,8215.36,2,25,Escalate to Case,0,Structuring / Cash Activity,Cash,0,1,2026-04
ALT02563,2026-01-18,R003,ANL08,58.0,17333.43,2,38,Escalate to Case,0,Rapid Movement of Funds,ACH/P2P/Wire,0,1,2026-01
ALT02564,2026-09-09,R004,ANL12,57.0,1650.12,2,42,Close - False Positive,0,Unusual Volume Increase,All,1,0,2026-09
ALT02565,2026-05-14,R002,ANL10,63.0,5375.16,3,59,Escalate to Case,1,High-Risk Jurisdiction Wire,Wire,0,1,2026-05
ALT02566,2026-09-19,R006,ANL05,51.0,15057.48,8,26,Escalate to Case,0,P2P Funnel Activity,P2P,0,1,2026-09
ALT02567,2026-02-05,R003,ANL06,56.0,69840.85,7,30,Close - Explained Activity,0,Rapid Movement of Funds,ACH/P2P/Wire,0,0,2026-02
ALT02568,2026-05-03,R004,ANL04,41.0,6792.55,6,41,Close - False Positive,0,Unusual Volume Increase,All,1,0,2026-05
ALT02569,2026-02-09,R007,ANL12,55.0,23129.97,9,32,Close - False Positive,0,Cash Intensive Business,Cash,1,0,2026-02
ALT02570,2026-01-08,R003,ANL04,31.0,66062.03,13,24,Close - False Positive,0,Rapid Movement of Funds,ACH/P2P/Wire,1,0,2026-01
ALT02571,2026-04-01,R001,ANL11,57.0,11759.07,2,36,Close - False Positive,0,Structuring / Cash Activity,Cash,1,0,2026-04
ALT02572,2026-03-18,R007,ANL10,60.0,4506.05,3,18,Close - Explained Activity,0,Cash Intensive Business,Cash,0,0,2026-03
ALT02573,2026-09-23,R004,ANL03,66.0,17666.88,8,39,Close - False Positive,0,Unusual Volume Increase,All,1,0,2026-09
ALT02574,2026-06-07,R002,ANL05,69.0,44424.3,3,49,Escalate to Case,0,High-Risk Jurisdiction Wire,Wire,0,1,2026-06
ALT02575,2026-07-30,R004,ANL06,36.0,239405.37,14,30,Close - False Positive,0,Unusual Volume Increase,All,1,0,2026-07
ALT02576,2026-04-13,R007,ANL12,72.0,14473.47,7,24,Close - Explained Activity,0,Cash Intensive Business,Cash,0,0,2026-04
ALT02577,2026-03-09,R003,ANL11,54.0,12916.78,6,57,Close - False Positive,0,Rapid Movement of Funds,ACH/P2P/Wire,1,0,2026-03
ALT02578,2026-09-06,R005,ANL11,46.0,160399.79,5,11,Escalate to Case,1,High-Value Wire,Wire,0,1,2026-09
ALT02579,2026-04-07,R006,ANL11,54.0,9361.72,3,49,Close - False Positive,0,P2P Funnel Activity,P2P,1,0,2026-04
ALT02580,2026-09-18,R004,ANL07,58.0,7241.96,5,8,Close - False Positive,0,Unusual Volume Increase,All,1,0,2026-09
ALT02581,2026-04-28,R004,ANL11,50.0,12896.41,9,33,Close - False Positive,0,Unusual Volume Increase,All,1,0,2026-04
ALT02582,2026-08-12,R002,ANL06,63.0,16159.08,10,48,Escalate to Case,0,High-Risk Jurisdiction Wire,Wire,0,1,2026-08
ALT02583,2026-04-11,R004,ANL10,96.0,61441.03,11,50,Escalate to Case,0,Unusual Volume Increase,All,0,1,2026-04
ALT02584,2026-08-15,R001,ANL07,91.0,112586.06,8,51,Close - False Positive,0,Structuring / Cash Activity,Cash,1,0,2026-08
ALT02585,2026-04-21,R001,ANL08,58.0,39800.19,9,32,Close - False Positive,0,Structuring / Cash Activity,Cash,1,0,2026-04
ALT02586,2026-05-13,R002,ANL08,68.0,8787.3,6,30,Close - False Positive,0,High-Risk Jurisdiction Wire,Wire,1,0,2026-05
ALT02587,2026-08-03,R004,ANL10,80.0,9034.1,9,17,Close - False Positive,0,Unusual Volume Increase,All,1,0,2026-08
ALT02588,2026-08-22,R003,ANL12,74.0,8709.1,4,55,Escalate to Case,0,Rapid Movement of Funds,ACH/P2P/Wire,0,1,2026-08
ALT02589,2026-05-19,R001,ANL02,42.0,5864.22,12,44,Close - False Positive,0,Structuring / Cash Activity,Cash,1,0,2026-05
ALT02590,2026-05-12,R004,ANL05,55.0,7689.04,10,21,Close - False Positive,0,Unusual Volume Increase,All,1,0,2026-05
ALT02591,2026-08-23,R002,ANL06,56.0,18846.27,12,30,Close - False Positive,0,High-Risk Jurisdiction Wire,Wire,1,0,2026-08
ALT02592,2026-01-24,R004,ANL03,31.0,34234.63,4,38,Close - False Positive,0,Unusual Volume Increase,All,1,0,2026-01
ALT02593,2026-05-12,R004,ANL03,72.0,42187.87,23,38,Close - False Positive,0,Unusual Volume Increase,All,1,0,2026-05
ALT02594,2026-01-25,R006,ANL04,70.0,33963.99,13,48,Escalate to Case,0,P2P Funnel Activity,P2P,0,1,2026-01
ALT02595,2026-06-08,R001,ANL10,60.0,1598.22,17,44,Close - False Positive,0,Structuring / Cash Activity,Cash,1,0,2026-06
ALT02596,2026-03-13,R001,ANL05,81.0,9353.6,2,8,Escalate to Case,0,Structuring / Cash Activity,Cash,0,1,2026-03
ALT02597,2026-06-19,R008,ANL04,59.0,7120.78,8,45,Close - False Positive,0,Dormant Account Reactivation,All,1,0,2026-06
ALT02598,2026-03-19,R004,ANL11,79.0,49716.95,35,21,Close - False Positive,0,Unusual Volume Increase,All,1,0,2026-03
ALT02599,2026-05-13,R003,ANL07,38.0,68220.23,16,46,Close - Explained Activity,0,Rapid Movement of Funds,ACH/P2P/Wire,0,0,2026-05
ALT02600,2026-05-27,R006,ANL10,60.0,23142.55,19,62,Escalate to Case,0,P2P Funnel Activity,P2P,0,1,2026-05
ALT02601,2026-05-15,R004,ANL04,80.0,51165.76,7,54,Close - False Positive,0,Unusual Volume Increase,All,1,0,2026-05
ALT02602,2026-04-11,R003,ANL04,67.0,79198.27,3,25,Escalate to Case,0,Rapid Movement of Funds,ACH/P2P/Wire,0,1,2026-04
ALT02603,2026-09-24,R006,ANL03,60.0,37439.52,7,35,Close - False Positive,0,P2P Funnel Activity,P2P,1,0,2026-09
ALT02604,2026-05-03,R003,ANL07,53.0,4692.67,13,38,Escalate to Case,0,Rapid Movement of Funds,ACH/P2P/Wire,0,1,2026-05
ALT02605,2026-08-11,R001,ANL08,78.0,6458.63,15,33,Close - Explained Activity,0,Structuring / Cash Activity,Cash,0,0,2026-08
ALT02606,2026-09-19,R008,ANL11,61.0,64904.33,19,32,Close - Explained Activity,0,Dormant Account Reactivation,All,0,0,2026-09
ALT02607,2026-07-17,R006,ANL08,58.0,79955.57,5,58,Close - False Positive,0,P2P Funnel Activity,P2P,1,0,2026-07
ALT02608,2026-03-28,R002,ANL02,26.0,11227.48,5,51,Close - Explained Activity,0,High-Risk Jurisdiction Wire,Wire,0,0,2026-03
ALT02609,2026-05-09,R006,ANL12,60.0,2148.41,3,45,Escalate to Case,0,P2P Funnel Activity,P2P,0,1,2026-05
ALT02610,2026-03-31,R008,ANL11,32.0,68100.3,5,17,Close - False Positive,0,Dormant Account Reactivation,All,1,0,2026-03
ALT02611,2026-01-26,R004,ANL08,68.0,15763.84,13,33,Close - False Positive,0,Unusual Volume Increase,All,1,0,2026-01
ALT02612,2026-06-01,R004,ANL04,73.0,58130.3,5,34,Escalate to Case,0,Unusual Volume Increase,All,0,1,2026-06
ALT02613,2026-05-23,R008,ANL04,34.0,18334.54,7,37,Escalate to Case,0,Dormant Account Reactivation,All,0,1,2026-05
ALT02614,2026-02-13,R005,ANL07,33.0,39897.62,4,24,Close - Explained Activity,0,High-Value Wire,Wire,0,0,2026-02
ALT02615,2026-09-28,R002,ANL05,53.0,193305.36,8,44,Close - False Positive,0,High-Risk Jurisdiction Wire,Wire,1,0,2026-09
ALT02616,2026-01-07,R003,ANL11,24.0,23176.88,8,48,Close - Explained Activity,0,Rapid Movement of Funds,ACH/P2P/Wire,0,0,2026-01
ALT02617,2026-01-04,R004,ANL05,66.0,34144.15,3,45,Close - False Positive,0,Unusual Volume Increase,All,1,0,2026-01
ALT02618,2026-07-22,R003,ANL07,18.0,20444.57,31,28,Escalate to Case,0,Rapid Movement of Funds,ACH/P2P/Wire,0,1,2026-07
ALT02619,2026-08-16,R005,ANL08,17.0,9797.69,2,27,Escalate to Case,0,High-Value Wire,Wire,0,1,2026-08
ALT02620,2026-07-27,R004,ANL05,79.0,51457.2,2,25,Close - False Positive,0,Unusual Volume Increase,All,1,0,2026-07
ALT02621,2026-05-22,R002,ANL07,60.0,11544.67,11,27,Escalate to Case,1,High-Risk Jurisdiction Wire,Wire,0,1,2026-05
ALT02622,2026-01-28,R008,ANL01,75.0,8189.98,12,64,Escalate to Case,0,Dormant Account Reactivation,All,0,1,2026-01
ALT02623,2026-03-03,R003,ANL10,64.0,22734.34,13,41,Close - Explained Activity,0,Rapid Movement of Funds,ACH/P2P/Wire,0,0,2026-03
ALT02624,2026-04-11,R004,ANL05,55.0,45021.99,6,43,Close - False Positive,0,Unusual Volume Increase,All,1,0,2026-04
ALT02625,2026-01-02,R008,ANL07,54.0,4806.67,11,54,Close - False Positive,0,Dormant Account Reactivation,All,1,0,2026-01
ALT02626,2026-01-31,R004,ANL08,43.0,32001.7,3,52,Close - Explained Activity,0,Unusual Volume Increase,All,0,0,2026-01
ALT02627,2026-06-06,R004,ANL08,78.0,83550.57,18,50,Close - False Positive,0,Unusual Volume Increase,All,1,0,2026-06
ALT02628,2026-09-12,R006,ANL10,87.0,42488.03,4,32,Escalate to Case,0,P2P Funnel Activity,P2P,0,1,2026-09
ALT02629,2026-08-21,R004,ANL07,60.0,100013.58,8,55,Escalate to Case,0,Unusual Volume Increase,All,0,1,2026-08
ALT02630,2026-06-09,R007,ANL08,68.0,21815.17,5,20,Escalate to Case,0,Cash Intensive Business,Cash,0,1,2026-06
ALT02631,2026-05-01,R005,ANL09,68.0,4888.49,6,35,Escalate to Case,0,High-Value Wire,Wire,0,1,2026-05
ALT02632,2026-01-11,R006,ANL04,49.0,78775.08,12,27,Escalate to Case,0,P2P Funnel Activity,P2P,0,1,2026-01
ALT02633,2026-07-28,R005,ANL09,79.0,25097.81,7,13,Close - False Positive,0,High-Value Wire,Wire,1,0,2026-07
ALT02634,2026-01-11,R002,ANL07,76.0,31607.74,9,48,Close - False Positive,0,High-Risk Jurisdiction Wire,Wire,1,0,2026-01
ALT02635,2026-04-25,R004,ANL06,87.0,32239.85,2,41,Close - False Positive,0,Unusual Volume Increase,All,1,0,2026-04
ALT02636,2026-04-14,R008,ANL09,69.0,2443.67,11,51,Close - False Positive,0,Dormant Account Reactivation,All,1,0,2026-04
ALT02637,2026-09-01,R001,ANL01,52.0,3161.6,10,53,Escalate to Case,0,Structuring / Cash Activity,Cash,0,1,2026-09
ALT02638,2026-04-26,R002,ANL10,59.0,10596.34,5,40,Escalate to Case,0,High-Risk Jurisdiction Wire,Wire,0,1,2026-04
ALT02639,2026-07-09,R002,ANL02,71.0,1359.91,2,55,Escalate to Case,1,High-Risk Jurisdiction Wire,Wire,0,1,2026-07
ALT02640,2026-07-03,R004,ANL07,78.0,106931.82,13,46,Close - Explained Activity,0,Unusual Volume Increase,All,0,0,2026-07
ALT02641,2026-05-14,R005,ANL01,100.0,19538.28,6,28,Close - False Positive,0,High-Value Wire,Wire,1,0,2026-05
ALT02642,2026-07-15,R003,ANL04,48.0,2643.5,6,33,Close - False Positive,0,Rapid Movement of Funds,ACH/P2P/Wire,1,0,2026-07
ALT02643,2026-08-13,R002,ANL07,67.0,5159.75,5,32,Close - False Positive,0,High-Risk Jurisdiction Wire,Wire,1,0,2026-08
ALT02644,2026-03-31,R002,ANL09,69.0,44568.67,2,35,Escalate to Case,0,High-Risk Jurisdiction Wire,Wire,0,1,2026-03
ALT02645,2026-03-23,R007,ANL12,43.0,10240.63,1,54,Escalate to Case,1,Cash Intensive Business,Cash,0,1,2026-03
ALT02646,2026-06-30,R002,ANL01,68.0,14667.8,1,29,Close - Explained Activity,0,High-Risk Jurisdiction Wire,Wire,0,0,2026-06
ALT02647,2026-09-12,R008,ANL02,69.0,33455.42,9,39,Escalate to Case,0,Dormant Account Reactivation,All,0,1,2026-09
ALT02648,2026-01-30,R004,ANL11,91.0,30003.26,1,68,Escalate to Case,0,Unusual Volume Increase,All,0,1,2026-01
ALT02649,2026-06-27,R004,ANL05,72.0,4888.21,10,38,Close - False Positive,0,Unusual Volume Increase,All,1,0,2026-06
ALT02650,2026-09-19,R006,ANL04,71.0,9952.25,9,46,Escalate to Case,1,P2P Funnel Activity,P2P,0,1,2026-09
ALT02651,2026-08-27,R004,ANL11,29.0,4240.65,16,46,Close - False Positive,0,Unusual Volume Increase,All,1,0,2026-08
ALT02652,2026-06-18,R002,ANL04,81.0,52596.42,6,39,Escalate to Case,0,High-Risk Jurisdiction Wire,Wire,0,1,2026-06
ALT02653,2026-04-06,R001,ANL11,44.0,50338.66,7,19,Close - False Positive,0,Structuring / Cash Activity,Cash,1,0,2026-04
ALT02654,2026-09-24,R004,ANL08,71.0,3327.16,4,50,Close - False Positive,0,Unusual Volume Increase,All,1,0,2026-09
ALT02655,2026-01-19,R002,ANL01,66.0,61058.75,5,30,Escalate to Case,0,High-Risk Jurisdiction Wire,Wire,0,1,2026-01
ALT02656,2026-05-25,R004,ANL05,76.0,7058.06,12,58,Escalate to Case,0,Unusual Volume Increase,All,0,1,2026-05
ALT02657,2026-07-13,R005,ANL11,65.0,77827.55,9,35,Close - False Positive,0,High-Value Wire,Wire,1,0,2026-07
ALT02658,2026-09-28,R004,ANL06,100.0,9204.36,11,39,Close - False Positive,0,Unusual Volume Increase,All,1,0,2026-09
ALT02659,2026-06-16,R002,ANL08,67.0,3247.69,23,37,Close - False Positive,0,High-Risk Jurisdiction Wire,Wire,1,0,2026-06
ALT02660,2026-06-22,R008,ANL09,66.0,4499.28,10,39,Escalate to Case,0,Dormant Account Reactivation,All,0,1,2026-06
ALT02661,2026-08-02,R002,ANL07,35.0,23057.4,6,27,Close - False Positive,0,High-Risk Jurisdiction Wire,Wire,1,0,2026-08
ALT02662,2026-08-22,R003,ANL10,47.0,35204.22,14,35,Close - False Positive,0,Rapid Movement of Funds,ACH/P2P/Wire,1,0,2026-08
ALT02663,2026-02-23,R001,ANL04,61.0,9426.31,6,56,Close - False Positive,0,Structuring / Cash Activity,Cash,1,0,2026-02
ALT02664,2026-03-01,R008,ANL03,32.0,32165.81,17,56,Close - False Positive,0,Dormant Account Reactivation,All,1,0,2026-03
ALT02665,2026-01-01,R001,ANL04,55.0,34710.37,24,46,Escalate to Case,0,Structuring / Cash Activity,Cash,0,1,2026-01
ALT02666,2026-03-06,R001,ANL11,41.0,16172.73,4,26,Close - False Positive,0,Structuring / Cash Activity,Cash,1,0,2026-03
ALT02667,2026-06-18,R002,ANL03,34.0,13652.82,2,37,Close - False Positive,0,High-Risk Jurisdiction Wire,Wire,1,0,2026-06
ALT02668,2026-08-04,R005,ANL06,76.0,3841.19,14,37,Close - Explained Activity,0,High-Value Wire,Wire,0,0,2026-08
ALT02669,2026-04-21,R001,ANL11,68.0,14732.38,7,74,Close - False Positive,0,Structuring / Cash Activity,Cash,1,0,2026-04
ALT02670,2026-08-02,R002,ANL05,69.0,1225.31,2,37,Close - False Positive,0,High-Risk Jurisdiction Wire,Wire,1,0,2026-08
ALT02671,2026-06-03,R007,ANL06,73.0,6497.11,6,47,Escalate to Case,0,Cash Intensive Business,Cash,0,1,2026-06
ALT02672,2026-05-02,R007,ANL02,55.0,9661.22,11,28,Close - False Positive,0,Cash Intensive Business,Cash,1,0,2026-05
ALT02673,2026-06-07,R001,ANL07,58.0,3805.74,17,50,Escalate to Case,0,Structuring / Cash Activity,Cash,0,1,2026-06
ALT02674,2026-06-13,R005,ANL01,38.0,5142.19,4,34,Close - Explained Activity,0,High-Value Wire,Wire,0,0,2026-06
ALT02675,2026-06-05,R005,ANL12,65.0,44738.29,3,33,Escalate to Case,0,High-Value Wire,Wire,0,1,2026-06
ALT02676,2026-08-16,R008,ANL02,51.0,76725.82,11,39,Close - False Positive,0,Dormant Account Reactivation,All,1,0,2026-08
ALT02677,2026-05-06,R002,ANL05,79.0,12397.87,15,44,Close - Explained Activity,0,High-Risk Jurisdiction Wire,Wire,0,0,2026-05
ALT02678,2026-05-23,R008,ANL03,57.0,29013.36,14,26,Close - False Positive,0,Dormant Account Reactivation,All,1,0,2026-05
ALT02679,2026-09-24,R006,ANL08,76.0,124441.45,9,53,Close - Explained Activity,0,P2P Funnel Activity,P2P,0,0,2026-09
ALT02680,2026-07-01,R006,ANL06,77.0,9350.16,10,24,Close - False Positive,0,P2P Funnel Activity,P2P,1,0,2026-07
ALT02681,2026-09-02,R001,ANL08,73.0,2884.58,19,29,Close - False Positive,0,Structuring / Cash Activity,Cash,1,0,2026-09
ALT02682,2026-01-04,R003,ANL03,48.0,20017.67,8,66,Close - False Positive,0,Rapid Movement of Funds,ACH/P2P/Wire,1,0,2026-01
ALT02683,2026-01-10,R004,ANL11,67.0,14724.3,8,49,Close - False Positive,0,Unusual Volume Increase,All,1,0,2026-01
ALT02684,2026-06-12,R004,ANL10,63.0,1664.74,5,30,Close - Explained Activity,0,Unusual Volume Increase,All,0,0,2026-06
ALT02685,2026-05-23,R005,ANL04,47.0,29549.01,20,30,Escalate to Case,0,High-Value Wire,Wire,0,1,2026-05
ALT02686,2026-04-11,R005,ANL10,51.0,61823.49,4,38,Escalate to Case,0,High-Value Wire,Wire,0,1,2026-04
ALT02687,2026-07-19,R001,ANL11,83.0,3599.94,18,56,Escalate to Case,0,Structuring / Cash Activity,Cash,0,1,2026-07
ALT02688,2026-06-19,R003,ANL09,59.0,1756.14,9,34,Close - False Positive,0,Rapid Movement of Funds,ACH/P2P/Wire,1,0,2026-06
ALT02689,2026-05-11,R005,ANL05,68.0,20752.82,11,36,Escalate to Case,0,High-Value Wire,Wire,0,1,2026-05
ALT02690,2026-04-19,R002,ANL03,69.0,52842.43,24,52,Close - False Positive,0,High-Risk Jurisdiction Wire,Wire,1,0,2026-04
ALT02691,2026-02-23,R008,ANL12,52.0,155924.19,9,52,Close - False Positive,0,Dormant Account Reactivation,All,1,0,2026-02
ALT02692,2026-04-11,R005,ANL06,48.0,12006.67,1,35,Close - False Positive,0,High-Value Wire,Wire,1,0,2026-04
ALT02693,2026-08-04,R008,ANL11,56.0,155965.34,16,35,Close - Explained Activity,0,Dormant Account Reactivation,All,0,0,2026-08
ALT02694,2026-06-14,R003,ANL08,38.0,23283.58,0,17,Close - Explained Activity,0,Rapid Movement of Funds,ACH/P2P/Wire,0,0,2026-06
ALT02695,2026-09-03,R001,ANL07,64.0,17427.67,6,27,Close - False Positive,0,Structuring / Cash Activity,Cash,1,0,2026-09
ALT02696,2026-06-17,R005,ANL08,61.0,75314.66,8,33,Close - False Positive,0,High-Value Wire,Wire,1,0,2026-06
ALT02697,2026-04-23,R007,ANL12,67.0,17752.18,7,34,Close - False Positive,0,Cash Intensive Business,Cash,1,0,2026-04
ALT02698,2026-02-16,R001,ANL07,56.0,15847.97,5,55,Close - False Positive,0,Structuring / Cash Activity,Cash,1,0,2026-02
ALT02699,2026-02-07,R003,ANL04,56.0,572706.1,6,55,Close - Explained Activity,0,Rapid Movement of Funds,ACH/P2P/Wire,0,0,2026-02
ALT02700,2026-03-08,R005,ANL01,56.0,184387.35,5,29,Escalate to Case,1,High-Value Wire,Wire,0,1,2026-03
ALT02701,2026-02-25,R003,ANL07,58.0,4908.91,7,57,Close - Explained Activity,0,Rapid Movement of Funds,ACH/P2P/Wire,0,0,2026-02
ALT02702,2026-07-08,R008,ANL07,40.0,131993.48,3,27,Close - False Positive,0,Dormant Account Reactivation,All,1,0,2026-07
ALT02703,2026-09-13,R004,ANL08,41.0,20815.21,18,28,Close - False Positive,0,Unusual Volume Increase,All,1,0,2026-09
ALT02704,2026-08-15,R005,ANL07,91.0,15208.2,14,8,Escalate to Case,0,High-Value Wire,Wire,0,1,2026-08
ALT02705,2026-01-03,R006,ANL10,71.0,12448.21,16,13,Close - Explained Activity,0,P2P Funnel Activity,P2P,0,0,2026-01
ALT02706,2026-08-04,R001,ANL06,67.0,19044.99,16,40,Close - False Positive,0,Structuring / Cash Activity,Cash,1,0,2026-08
ALT02707,2026-04-22,R001,ANL11,65.0,32379.09,17,26,Escalate to Case,1,Structuring / Cash Activity,Cash,0,1,2026-04
ALT02708,2026-05-12,R003,ANL12,45.0,51231.9,7,59,Close - False Positive,0,Rapid Movement of Funds,ACH/P2P/Wire,1,0,2026-05
ALT02709,2026-03-03,R007,ANL02,44.0,2500.99,6,47,Close - False Positive,0,Cash Intensive Business,Cash,1,0,2026-03
ALT02710,2026-02-21,R002,ANL01,82.0,9435.86,20,45,Escalate to Case,0,High-Risk Jurisdiction Wire,Wire,0,1,2026-02
ALT02711,2026-06-21,R004,ANL09,85.0,6039.69,16,26,Close - False Positive,0,Unusual Volume Increase,All,1,0,2026-06
ALT02712,2026-08-29,R004,ANL03,55.0,77605.34,3,19,Close - False Positive,0,Unusual Volume Increase,All,1,0,2026-08
ALT02713,2026-02-18,R001,ANL05,47.0,17807.58,16,24,Close - Explained Activity,0,Structuring / Cash Activity,Cash,0,0,2026-02
ALT02714,2026-07-11,R002,ANL08,28.0,82837.04,6,33,Close - False Positive,0,High-Risk Jurisdiction Wire,Wire,1,0,2026-07
ALT02715,2026-09-20,R004,ANL12,58.0,3817.93,4,47,Close - False Positive,0,Unusual Volume Increase,All,1,0,2026-09
ALT02716,2026-06-10,R002,ANL07,50.0,10934.48,18,46,Close - Explained Activity,0,High-Risk Jurisdiction Wire,Wire,0,0,2026-06
ALT02717,2026-04-26,R005,ANL10,44.0,7342.94,12,25,Close - False Positive,0,High-Value Wire,Wire,1,0,2026-04
ALT02718,2026-09-21,R004,ANL11,53.0,20598.86,4,50,Close - False Positive,0,Unusual Volume Increase,All,1,0,2026-09
ALT02719,2026-05-15,R006,ANL09,56.0,16856.66,1,60,Close - False Positive,0,P2P Funnel Activity,P2P,1,0,2026-05
ALT02720,2026-08-25,R001,ANL12,85.0,21979.7,11,47,Close - False Positive,0,Structuring / Cash Activity,Cash,1,0,2026-08
ALT02721,2026-04-24,R004,ANL03,70.0,2659.3,10,55,Close - False Positive,0,Unusual Volume Increase,All,1,0,2026-04
ALT02722,2026-09-02,R001,ANL09,87.0,9947.96,1,62,Escalate to Case,0,Structuring / Cash Activity,Cash,0,1,2026-09
ALT02723,2026-06-16,R004,ANL11,48.0,108753.01,15,63,Close - False Positive,0,Unusual Volume Increase,All,1,0,2026-06
ALT02724,2026-09-19,R003,ANL02,55.0,30688.63,10,67,Close - False Positive,0,Rapid Movement of Funds,ACH/P2P/Wire,1,0,2026-09
ALT02725,2026-09-12,R002,ANL04,26.0,74097.61,5,30,Escalate to Case,1,High-Risk Jurisdiction Wire,Wire,0,1,2026-09
ALT02726,2026-07-02,R007,ANL06,90.0,8456.11,11,27,Escalate to Case,0,Cash Intensive Business,Cash,0,1,2026-07
ALT02727,2026-02-11,R001,ANL03,60.0,7118.94,3,22,Escalate to Case,1,Structuring / Cash Activity,Cash,0,1,2026-02
ALT02728,2026-04-25,R002,ANL01,72.0,2100.08,6,21,Close - False Positive,0,High-Risk Jurisdiction Wire,Wire,1,0,2026-04
ALT02729,2026-09-09,R002,ANL04,77.0,29700.2,6,15,Close - False Positive,0,High-Risk Jurisdiction Wire,Wire,1,0,2026-09
ALT02730,2026-08-06,R008,ANL10,46.0,8191.62,9,42,Close - False Positive,0,Dormant Account Reactivation,All,1,0,2026-08
ALT02731,2026-03-12,R004,ANL07,75.0,15525.38,2,38,Escalate to Case,0,Unusual Volume Increase,All,0,1,2026-03
ALT02732,2026-09-16,R005,ANL11,39.0,16876.16,10,34,Escalate to Case,1,High-Value Wire,Wire,0,1,2026-09
ALT02733,2026-08-10,R004,ANL03,39.0,26488.57,6,40,Close - False Positive,0,Unusual Volume Increase,All,1,0,2026-08
ALT02734,2026-08-22,R007,ANL03,74.0,6393.78,15,47,Close - Explained Activity,0,Cash Intensive Business,Cash,0,0,2026-08
ALT02735,2026-09-12,R001,ANL04,70.0,34362.14,20,35,Close - False Positive,0,Structuring / Cash Activity,Cash,1,0,2026-09
ALT02736,2026-06-23,R001,ANL06,32.0,78432.26,2,77,Close - False Positive,0,Structuring / Cash Activity,Cash,1,0,2026-06
ALT02737,2026-06-19,R007,ANL05,71.0,35359.68,10,24,Close - Explained Activity,0,Cash Intensive Business,Cash,0,0,2026-06
ALT02738,2026-05-15,R007,ANL11,50.0,5478.48,4,45,Escalate to Case,0,Cash Intensive Business,Cash,0,1,2026-05
ALT02739,2026-04-11,R005,ANL07,63.0,38675.95,11,28,Escalate to Case,0,High-Value Wire,Wire,0,1,2026-04
ALT02740,2026-05-24,R003,ANL08,55.0,7602.02,9,40,Close - False Positive,0,Rapid Movement of Funds,ACH/P2P/Wire,1,0,2026-05
ALT02741,2026-08-18,R002,ANL08,58.0,16584.02,3,14,Close - False Positive,0,High-Risk Jurisdiction Wire,Wire,1,0,2026-08
ALT02742,2026-03-11,R001,ANL07,22.0,12871.85,12,43,Close - False Positive,0,Structuring / Cash Activity,Cash,1,0,2026-03
ALT02743,2026-08-15,R005,ANL11,67.0,9349.3,9,70,Close - False Positive,0,High-Value Wire,Wire,1,0,2026-08
ALT02744,2026-01-18,R007,ANL11,60.0,24914.04,3,51,Close - False Positive,0,Cash Intensive Business,Cash,1,0,2026-01
ALT02745,2026-04-12,R005,ANL11,55.0,12861.39,13,34,Close - False Positive,0,High-Value Wire,Wire,1,0,2026-04
ALT02746,2026-07-02,R003,ANL09,90.0,20405.72,13,8,Escalate to Case,0,Rapid Movement of Funds,ACH/P2P/Wire,0,1,2026-07
ALT02747,2026-08-15,R008,ANL09,100.0,4866.23,16,34,Close - False Positive,0,Dormant Account Reactivation,All,1,0,2026-08
ALT02748,2026-04-19,R002,ANL10,33.0,101353.37,7,45,Close - False Positive,0,High-Risk Jurisdiction Wire,Wire,1,0,2026-04
ALT02749,2026-05-09,R002,ANL09,42.0,10191.47,6,41,Escalate to Case,0,High-Risk Jurisdiction Wire,Wire,0,1,2026-05
ALT02750,2026-03-19,R006,ANL02,49.0,56861.53,17,24,Escalate to Case,0,P2P Funnel Activity,P2P,0,1,2026-03
ALT02751,2026-09-17,R004,ANL08,59.0,123408.55,1,34,Close - False Positive,0,Unusual Volume Increase,All,1,0,2026-09
ALT02752,2026-05-21,R003,ANL08,80.0,79229.08,1,41,Close - False Positive,0,Rapid Movement of Funds,ACH/P2P/Wire,1,0,2026-05
ALT02753,2026-05-19,R001,ANL08,57.0,104803.11,5,56,Close - False Positive,0,Structuring / Cash Activity,Cash,1,0,2026-05
ALT02754,2026-06-22,R001,ANL02,62.0,74090.35,6,47,Close - Explained Activity,0,Structuring / Cash Activity,Cash,0,0,2026-06
ALT02755,2026-04-04,R001,ANL11,72.0,43768.79,4,31,Escalate to Case,0,Structuring / Cash Activity,Cash,0,1,2026-04
ALT02756,2026-01-13,R003,ANL11,76.0,48922.49,8,37,Close - Explained Activity,0,Rapid Movement of Funds,ACH/P2P/Wire,0,0,2026-01
ALT02757,2026-09-11,R008,ANL04,66.0,24412.72,11,37,Close - Explained Activity,0,Dormant Account Reactivation,All,0,0,2026-09
ALT02758,2026-07-09,R008,ANL10,34.0,154660.24,0,20,Close - False Positive,0,Dormant Account Reactivation,All,1,0,2026-07
ALT02759,2026-03-22,R005,ANL11,39.0,12426.8,7,30,Close - False Positive,0,High-Value Wire,Wire,1,0,2026-03
ALT02760,2026-05-12,R002,ANL08,69.0,2753.53,11,21,Close - False Positive,0,High-Risk Jurisdiction Wire,Wire,1,0,2026-05
ALT02761,2026-07-09,R005,ANL10,73.0,5989.51,9,20,Escalate to Case,0,High-Value Wire,Wire,0,1,2026-07
ALT02762,2026-05-31,R005,ANL02,63.0,10808.65,3,49,Close - Explained Activity,0,High-Value Wire,Wire,0,0,2026-05
ALT02763,2026-08-12,R001,ANL03,90.0,114895.02,19,50,Close - False Positive,0,Structuring / Cash Activity,Cash,1,0,2026-08
ALT02764,2026-05-16,R002,ANL11,73.0,62315.29,4,33,Escalate to Case,0,High-Risk Jurisdiction Wire,Wire,0,1,2026-05
ALT02765,2026-06-25,R006,ANL01,86.0,1409.87,8,20,Close - False Positive,0,P2P Funnel Activity,P2P,1,0,2026-06
ALT02766,2026-07-05,R004,ANL09,58.0,39308.8,5,39,Close - Explained Activity,0,Unusual Volume Increase,All,0,0,2026-07
ALT02767,2026-03-21,R008,ANL02,49.0,33276.85,4,23,Close - Explained Activity,0,Dormant Account Reactivation,All,0,0,2026-03
ALT02768,2026-02-05,R004,ANL04,65.0,65336.63,15,29,Close - False Positive,0,Unusual Volume Increase,All,1,0,2026-02
ALT02769,2026-08-30,R001,ANL01,67.0,14681.24,25,55,Close - False Positive,0,Structuring / Cash Activity,Cash,1,0,2026-08
ALT02770,2026-08-20,R001,ANL05,57.0,41680.16,13,25,Close - False Positive,0,Structuring / Cash Activity,Cash,1,0,2026-08
ALT02771,2026-09-22,R002,ANL10,55.0,35842.36,8,33,Close - False Positive,0,High-Risk Jurisdiction Wire,Wire,1,0,2026-09
ALT02772,2026-08-19,R007,ANL11,40.0,12833.31,11,29,Close - False Positive,0,Cash Intensive Business,Cash,1,0,2026-08
ALT02773,2026-03-22,R003,ANL10,58.0,71012.08,33,45,Close - Explained Activity,0,Rapid Movement of Funds,ACH/P2P/Wire,0,0,2026-03
ALT02774,2026-04-09,R004,ANL09,37.0,58110.09,2,31,Close - False Positive,0,Unusual Volume Increase,All,1,0,2026-04
ALT02775,2026-01-26,R001,ANL11,66.0,28557.64,4,8,Escalate to Case,0,Structuring / Cash Activity,Cash,0,1,2026-01
ALT02776,2026-05-11,R004,ANL09,59.0,92720.19,11,36,Close - False Positive,0,Unusual Volume Increase,All,1,0,2026-05
ALT02777,2026-01-29,R002,ANL07,35.0,178262.39,12,31,Escalate to Case,0,High-Risk Jurisdiction Wire,Wire,0,1,2026-01
ALT02778,2026-01-18,R007,ANL02,39.0,2057.03,4,35,Close - False Positive,0,Cash Intensive Business,Cash,1,0,2026-01
ALT02779,2026-09-20,R001,ANL06,74.0,46538.96,7,39,Escalate to Case,0,Structuring / Cash Activity,Cash,0,1,2026-09
ALT02780,2026-06-30,R005,ANL02,61.0,10035.99,3,37,Close - False Positive,0,High-Value Wire,Wire,1,0,2026-06
ALT02781,2026-06-21,R002,ANL12,77.0,983.78,7,22,Close - False Positive,0,High-Risk Jurisdiction Wire,Wire,1,0,2026-06
ALT02782,2026-09-01,R002,ANL10,99.0,45019.32,3,21,Close - False Positive,0,High-Risk Jurisdiction Wire,Wire,1,0,2026-09
ALT02783,2026-03-24,R001,ANL03,75.0,19458.45,4,51,Escalate to Case,0,Structuring / Cash Activity,Cash,0,1,2026-03
ALT02784,2026-03-15,R005,ANL08,70.0,48382.19,6,42,Close - False Positive,0,High-Value Wire,Wire,1,0,2026-03
ALT02785,2026-09-14,R003,ANL12,50.0,32643.45,3,8,Close - False Positive,0,Rapid Movement of Funds,ACH/P2P/Wire,1,0,2026-09
ALT02786,2026-08-19,R007,ANL10,80.0,138658.56,7,46,Close - Explained Activity,0,Cash Intensive Business,Cash,0,0,2026-08
ALT02787,2026-01-24,R008,ANL04,61.0,11695.59,11,39,Close - Explained Activity,0,Dormant Account Reactivation,All,0,0,2026-01
ALT02788,2026-05-11,R007,ANL10,66.0,18855.9,16,19,Close - False Positive,0,Cash Intensive Business,Cash,1,0,2026-05
ALT02789,2026-04-13,R008,ANL08,57.0,37853.47,9,21,Close - Explained Activity,0,Dormant Account Reactivation,All,0,0,2026-04
ALT02790,2026-07-25,R001,ANL12,50.0,78423.16,3,36,Close - False Positive,0,Structuring / Cash Activity,Cash,1,0,2026-07
ALT02791,2026-06-29,R004,ANL09,53.0,9055.69,13,47,Escalate to Case,0,Unusual Volume Increase,All,0,1,2026-06
ALT02792,2026-08-15,R003,ANL08,54.0,248585.56,12,43,Close - False Positive,0,Rapid Movement of Funds,ACH/P2P/Wire,1,0,2026-08
ALT02793,2026-09-20,R001,ANL03,58.0,6326.91,15,43,Escalate to Case,0,Structuring / Cash Activity,Cash,0,1,2026-09
ALT02794,2026-08-24,R001,ANL02,26.0,163462.2,10,40,Close - False Positive,0,Structuring / Cash Activity,Cash,1,0,2026-08
ALT02795,2026-09-11,R005,ANL04,46.0,10828.74,10,40,Escalate to Case,0,High-Value Wire,Wire,0,1,2026-09
ALT02796,2026-07-07,R003,ANL10,55.0,12352.36,1,23,Escalate to Case,0,Rapid Movement of Funds,ACH/P2P/Wire,0,1,2026-07
ALT02797,2026-07-24,R006,ANL08,80.0,52477.42,8,52,Close - False Positive,0,P2P Funnel Activity,P2P,1,0,2026-07
ALT02798,2026-09-02,R008,ANL02,78.0,32052.6,1,29,Close - False Positive,0,Dormant Account Reactivation,All,1,0,2026-09
ALT02799,2026-09-14,R004,ANL09,46.0,8304.64,7,55,Close - False Positive,0,Unusual Volume Increase,All,1,0,2026-09
ALT02800,2026-02-10,R004,ANL09,51.0,14183.91,10,44,Close - False Positive,0,Unusual Volume Increase,All,1,0,2026-02
ALT02801,2026-06-21,R001,ANL01,72.0,21578.36,9,57,Escalate to Case,0,Structuring / Cash Activity,Cash,0,1,2026-06
ALT02802,2026-01-27,R001,ANL01,97.0,58990.15,10,33,Escalate to Case,0,Structuring / Cash Activity,Cash,0,1,2026-01
ALT02803,2026-06-19,R003,ANL08,78.0,24289.29,7,25,Escalate to Case,0,Rapid Movement of Funds,ACH/P2P/Wire,0,1,2026-06
ALT02804,2026-03-14,R001,ANL07,77.0,21699.38,13,24,Close - False Positive,0,Structuring / Cash Activity,Cash,1,0,2026-03
ALT02805,2026-03-14,R003,ANL04,54.0,30561.47,4,46,Close - False Positive,0,Rapid Movement of Funds,ACH/P2P/Wire,1,0,2026-03
ALT02806,2026-02-12,R002,ANL05,52.0,21852.85,8,37,Escalate to Case,0,High-Risk Jurisdiction Wire,Wire,0,1,2026-02
ALT02807,2026-08-09,R008,ANL04,58.0,79607.17,9,56,Close - False Positive,0,Dormant Account Reactivation,All,1,0,2026-08
ALT02808,2026-09-26,R003,ANL10,18.0,53087.32,6,49,Close - False Positive,0,Rapid Movement of Funds,ACH/P2P/Wire,1,0,2026-09
ALT02809,2026-02-03,R005,ANL04,69.0,22069.02,15,26,Close - False Positive,0,High-Value Wire,Wire,1,0,2026-02
ALT02810,2026-05-10,R002,ANL07,39.0,123458.69,7,41,Close - False Positive,0,High-Risk Jurisdiction Wire,Wire,1,0,2026-05
ALT02811,2026-09-01,R005,ANL01,64.0,25353.69,19,37,Escalate to Case,0,High-Value Wire,Wire,0,1,2026-09
ALT02812,2026-05-17,R006,ANL06,66.0,264359.53,15,30,Escalate to Case,0,P2P Funnel Activity,P2P,0,1,2026-05
ALT02813,2026-08-11,R004,ANL05,91.0,368696.61,12,27,Close - Explained Activity,0,Unusual Volume Increase,All,0,0,2026-08
ALT02814,2026-02-01,R005,ANL02,42.0,4931.93,3,20,Close - False Positive,0,High-Value Wire,Wire,1,0,2026-02
ALT02815,2026-01-19,R001,ANL12,55.0,65855.91,12,23,Close - False Positive,0,Structuring / Cash Activity,Cash,1,0,2026-01
ALT02816,2026-03-11,R006,ANL04,46.0,39483.52,23,8,Close - Explained Activity,0,P2P Funnel Activity,P2P,0,0,2026-03
ALT02817,2026-07-27,R001,ANL03,64.0,127677.23,1,45,Close - False Positive,0,Structuring / Cash Activity,Cash,1,0,2026-07
ALT02818,2026-09-16,R002,ANL05,48.0,7625.75,8,47,Close - False Positive,0,High-Risk Jurisdiction Wire,Wire,1,0,2026-09
ALT02819,2026-01-27,R005,ANL11,46.0,72990.89,4,48,Close - False Positive,0,High-Value Wire,Wire,1,0,2026-01
ALT02820,2026-06-28,R004,ANL04,37.0,63275.01,7,25,Close - Explained Activity,0,Unusual Volume Increase,All,0,0,2026-06
ALT02821,2026-02-17,R006,ANL01,67.0,8456.84,5,37,Close - False Positive,0,P2P Funnel Activity,P2P,1,0,2026-02
ALT02822,2026-04-08,R003,ANL01,59.0,86418.01,4,23,Escalate to Case,0,Rapid Movement of Funds,ACH/P2P/Wire,0,1,2026-04
ALT02823,2026-07-10,R007,ANL02,58.0,83859.9,14,47,Escalate to Case,0,Cash Intensive Business,Cash,0,1,2026-07
ALT02824,2026-03-08,R004,ANL03,60.0,6293.66,8,44,Escalate to Case,0,Unusual Volume Increase,All,0,1,2026-03
ALT02825,2026-05-01,R004,ANL02,72.0,12367.09,2,55,Close - False Positive,0,Unusual Volume Increase,All,1,0,2026-05
ALT02826,2026-08-10,R001,ANL03,51.0,84088.86,8,40,Close - False Positive,0,Structuring / Cash Activity,Cash,1,0,2026-08
ALT02827,2026-09-29,R004,ANL08,76.0,5250.99,13,60,Close - False Positive,0,Unusual Volume Increase,All,1,0,2026-09
ALT02828,2026-07-01,R003,ANL03,48.0,12520.61,13,36,Escalate to Case,0,Rapid Movement of Funds,ACH/P2P/Wire,0,1,2026-07
ALT02829,2026-01-04,R004,ANL12,38.0,24265.92,3,48,Close - False Positive,0,Unusual Volume Increase,All,1,0,2026-01
ALT02830,2026-08-01,R005,ANL01,81.0,57662.26,15,22,Close - Explained Activity,0,High-Value Wire,Wire,0,0,2026-08
ALT02831,2026-04-02,R003,ANL03,66.0,13575.87,9,37,Close - Explained Activity,0,Rapid Movement of Funds,ACH/P2P/Wire,0,0,2026-04
ALT02832,2026-07-23,R003,ANL10,55.0,11543.16,12,48,Close - False Positive,0,Rapid Movement of Funds,ACH/P2P/Wire,1,0,2026-07
ALT02833,2026-06-06,R004,ANL09,83.0,98637.7,23,60,Close - False Positive,0,Unusual Volume Increase,All,1,0,2026-06
ALT02834,2026-05-26,R004,ANL06,51.0,17044.34,6,42,Close - False Positive,0,Unusual Volume Increase,All,1,0,2026-05
ALT02835,2026-06-12,R001,ANL08,67.0,12563.13,11,45,Escalate to Case,0,Structuring / Cash Activity,Cash,0,1,2026-06
ALT02836,2026-09-01,R003,ANL01,77.0,8303.74,14,32,Escalate to Case,0,Rapid Movement of Funds,ACH/P2P/Wire,0,1,2026-09
ALT02837,2026-04-14,R002,ANL01,60.0,4788.29,9,32,Escalate to Case,0,High-Risk Jurisdiction Wire,Wire,0,1,2026-04
ALT02838,2026-09-23,R005,ANL12,49.0,50374.92,17,53,Close - False Positive,0,High-Value Wire,Wire,1,0,2026-09
ALT02839,2026-03-25,R005,ANL03,62.0,11803.06,4,38,Escalate to Case,0,High-Value Wire,Wire,0,1,2026-03
ALT02840,2026-03-15,R006,ANL06,59.0,68848.74,7,49,Escalate to Case,0,P2P Funnel Activity,P2P,0,1,2026-03
ALT02841,2026-07-22,R005,ANL01,92.0,4485.44,3,34,Close - False Positive,0,High-Value Wire,Wire,1,0,2026-07
ALT02842,2026-06-02,R003,ANL10,89.0,20697.4,10,47,Close - False Positive,0,Rapid Movement of Funds,ACH/P2P/Wire,1,0,2026-06
ALT02843,2026-04-02,R006,ANL07,82.0,18249.56,11,38,Close - False Positive,0,P2P Funnel Activity,P2P,1,0,2026-04
ALT02844,2026-01-06,R003,ANL07,81.0,18961.07,15,38,Close - False Positive,0,Rapid Movement of Funds,ACH/P2P/Wire,1,0,2026-01
ALT02845,2026-08-03,R001,ANL09,45.0,34976.43,9,16,Close - False Positive,0,Structuring / Cash Activity,Cash,1,0,2026-08
ALT02846,2026-05-13,R002,ANL11,38.0,9175.99,4,8,Close - Explained Activity,0,High-Risk Jurisdiction Wire,Wire,0,0,2026-05
ALT02847,2026-05-24,R004,ANL01,38.0,34015.83,8,29,Close - False Positive,0,Unusual Volume Increase,All,1,0,2026-05
ALT02848,2026-06-12,R008,ANL02,50.0,8761.84,5,38,Close - Explained Activity,0,Dormant Account Reactivation,All,0,0,2026-06
ALT02849,2026-02-12,R003,ANL04,22.0,25495.55,9,61,Close - False Positive,0,Rapid Movement of Funds,ACH/P2P/Wire,1,0,2026-02
ALT02850,2026-06-12,R002,ANL01,28.0,21923.46,10,25,Escalate to Case,0,High-Risk Jurisdiction Wire,Wire,0,1,2026-06
ALT02851,2026-07-13,R001,ANL10,100.0,54964.27,7,58,Escalate to Case,0,Structuring / Cash Activity,Cash,0,1,2026-07
ALT02852,2026-07-08,R004,ANL12,59.0,22684.52,4,44,Close - False Positive,0,Unusual Volume Increase,All,1,0,2026-07
ALT02853,2026-02-24,R004,ANL10,43.0,46912.28,13,43,Close - False Positive,0,Unusual Volume Increase,All,1,0,2026-02
ALT02854,2026-02-22,R001,ANL10,65.0,13829.46,6,53,Escalate to Case,0,Structuring / Cash Activity,Cash,0,1,2026-02
ALT02855,2026-07-13,R002,ANL02,24.0,56764.64,9,45,Close - False Positive,0,High-Risk Jurisdiction Wire,Wire,1,0,2026-07
ALT02856,2026-07-29,R004,ANL02,66.0,101620.48,6,8,Close - Explained Activity,0,Unusual Volume Increase,All,0,0,2026-07
ALT02857,2026-05-16,R001,ANL09,67.0,466795.12,14,33,Close - False Positive,0,Structuring / Cash Activity,Cash,1,0,2026-05
ALT02858,2026-07-12,R005,ANL09,69.0,2444.3,12,26,Close - Explained Activity,0,High-Value Wire,Wire,0,0,2026-07
ALT02859,2026-06-28,R001,ANL01,66.0,60027.6,6,14,Close - False Positive,0,Structuring / Cash Activity,Cash,1,0,2026-06
ALT02860,2026-01-15,R006,ANL05,62.0,34567.03,22,71,Escalate to Case,0,P2P Funnel Activity,P2P,0,1,2026-01
ALT02861,2026-02-19,R002,ANL10,59.0,76854.06,4,73,Close - False Positive,0,High-Risk Jurisdiction Wire,Wire,1,0,2026-02
ALT02862,2026-01-23,R008,ANL09,58.0,8636.25,8,26,Escalate to Case,0,Dormant Account Reactivation,All,0,1,2026-01
ALT02863,2026-01-31,R003,ANL05,52.0,9632.92,5,31,Escalate to Case,0,Rapid Movement of Funds,ACH/P2P/Wire,0,1,2026-01
ALT02864,2026-05-03,R003,ANL02,73.0,7947.29,22,35,Close - False Positive,0,Rapid Movement of Funds,ACH/P2P/Wire,1,0,2026-05
ALT02865,2026-05-22,R004,ANL01,64.0,305362.17,5,46,Close - False Positive,0,Unusual Volume Increase,All,1,0,2026-05
ALT02866,2026-05-29,R004,ANL08,82.0,10193.46,5,33,Close - False Positive,0,Unusual Volume Increase,All,1,0,2026-05
ALT02867,2026-04-07,R008,ANL04,69.0,23139.35,14,54,Close - False Positive,0,Dormant Account Reactivation,All,1,0,2026-04
ALT02868,2026-09-07,R001,ANL06,89.0,13545.09,21,59,Escalate to Case,0,Structuring / Cash Activity,Cash,0,1,2026-09
ALT02869,2026-04-13,R002,ANL03,69.0,159767.46,5,31,Escalate to Case,0,High-Risk Jurisdiction Wire,Wire,0,1,2026-04
ALT02870,2026-02-04,R006,ANL06,83.0,13634.61,11,40,Close - False Positive,0,P2P Funnel Activity,P2P,1,0,2026-02
ALT02871,2026-02-09,R004,ANL05,77.0,49271.3,10,30,Escalate to Case,0,Unusual Volume Increase,All,0,1,2026-02
ALT02872,2026-02-27,R006,ANL01,43.0,26997.38,10,32,Close - False Positive,0,P2P Funnel Activity,P2P,1,0,2026-02
ALT02873,2026-03-25,R003,ANL12,41.0,43172.67,6,55,Close - False Positive,0,Rapid Movement of Funds,ACH/P2P/Wire,1,0,2026-03
ALT02874,2026-02-11,R001,ANL03,77.0,8058.9,21,24,Escalate to Case,0,Structuring / Cash Activity,Cash,0,1,2026-02
ALT02875,2026-03-09,R002,ANL02,100.0,20022.44,1,53,Escalate to Case,0,High-Risk Jurisdiction Wire,Wire,0,1,2026-03
ALT02876,2026-02-11,R006,ANL01,38.0,14848.03,10,40,Close - False Positive,0,P2P Funnel Activity,P2P,1,0,2026-02
ALT02877,2026-05-30,R002,ANL03,35.0,72896.23,14,48,Escalate to Case,0,High-Risk Jurisdiction Wire,Wire,0,1,2026-05
ALT02878,2026-02-27,R003,ANL12,78.0,7220.62,10,44,Close - False Positive,0,Rapid Movement of Funds,ACH/P2P/Wire,1,0,2026-02
ALT02879,2026-09-12,R005,ANL02,50.0,153360.28,3,42,Close - False Positive,0,High-Value Wire,Wire,1,0,2026-09
ALT02880,2026-09-18,R006,ANL07,36.0,30760.37,8,38,Close - False Positive,0,P2P Funnel Activity,P2P,1,0,2026-09
ALT02881,2026-03-14,R007,ANL10,71.0,4183.21,5,53,Escalate to Case,0,Cash Intensive Business,Cash,0,1,2026-03
ALT02882,2026-05-05,R002,ANL09,92.0,17608.98,19,46,Close - False Positive,0,High-Risk Jurisdiction Wire,Wire,1,0,2026-05
ALT02883,2026-08-06,R001,ANL12,58.0,24110.71,10,35,Close - Explained Activity,0,Structuring / Cash Activity,Cash,0,0,2026-08
ALT02884,2026-04-11,R004,ANL05,83.0,28235.86,10,53,Escalate to Case,0,Unusual Volume Increase,All,0,1,2026-04
ALT02885,2026-07-24,R008,ANL07,69.0,16426.07,7,14,Close - False Positive,0,Dormant Account Reactivation,All,1,0,2026-07
ALT02886,2026-01-12,R005,ANL12,96.0,25745.0,3,33,Escalate to Case,0,High-Value Wire,Wire,0,1,2026-01
ALT02887,2026-08-13,R001,ANL02,49.0,3831.58,3,18,Close - False Positive,0,Structuring / Cash Activity,Cash,1,0,2026-08
ALT02888,2026-03-09,R003,ANL08,39.0,8920.62,10,74,Close - False Positive,0,Rapid Movement of Funds,ACH/P2P/Wire,1,0,2026-03
ALT02889,2026-06-10,R007,ANL08,56.0,65403.44,7,49,Close - False Positive,0,Cash Intensive Business,Cash,1,0,2026-06
ALT02890,2026-02-20,R007,ANL06,66.0,3020.08,20,41,Close - False Positive,0,Cash Intensive Business,Cash,1,0,2026-02
ALT02891,2026-09-07,R005,ANL06,54.0,57792.81,1,53,Escalate to Case,0,High-Value Wire,Wire,0,1,2026-09
ALT02892,2026-02-12,R002,ANL08,71.0,65136.4,3,30,Escalate to Case,0,High-Risk Jurisdiction Wire,Wire,0,1,2026-02
ALT02893,2026-04-05,R001,ANL12,63.0,20272.36,5,30,Escalate to Case,0,Structuring / Cash Activity,Cash,0,1,2026-04
ALT02894,2026-06-21,R007,ANL09,77.0,4474.82,5,24,Close - False Positive,0,Cash Intensive Business,Cash,1,0,2026-06
ALT02895,2026-07-30,R001,ANL12,73.0,49010.54,4,41,Close - False Positive,0,Structuring / Cash Activity,Cash,1,0,2026-07
ALT02896,2026-06-17,R004,ANL04,40.0,13276.34,2,14,Close - False Positive,0,Unusual Volume Increase,All,1,0,2026-06
ALT02897,2026-05-14,R005,ANL01,53.0,11806.57,13,39,Escalate to Case,1,High-Value Wire,Wire,0,1,2026-05
ALT02898,2026-04-28,R002,ANL12,60.0,118044.86,11,49,Close - False Positive,0,High-Risk Jurisdiction Wire,Wire,1,0,2026-04
ALT02899,2026-01-13,R004,ANL06,68.0,148991.85,27,41,Escalate to Case,0,Unusual Volume Increase,All,0,1,2026-01
ALT02900,2026-07-03,R006,ANL04,100.0,22811.74,9,19,Close - False Positive,0,P2P Funnel Activity,P2P,1,0,2026-07
ALT02901,2026-05-17,R001,ANL05,86.0,73090.14,5,31,Close - False Positive,0,Structuring / Cash Activity,Cash,1,0,2026-05
ALT02902,2026-03-02,R007,ANL03,49.0,123339.2,14,12,Close - False Positive,0,Cash Intensive Business,Cash,1,0,2026-03
ALT02903,2026-07-24,R002,ANL07,51.0,45696.9,16,36,Close - Explained Activity,0,High-Risk Jurisdiction Wire,Wire,0,0,2026-07
ALT02904,2026-01-22,R004,ANL06,79.0,19924.55,20,44,Close - False Positive,0,Unusual Volume Increase,All,1,0,2026-01
ALT02905,2026-07-29,R008,ANL01,51.0,4515.92,27,32,Close - False Positive,0,Dormant Account Reactivation,All,1,0,2026-07
ALT02906,2026-09-12,R005,ANL08,58.0,125608.5,2,25,Escalate to Case,1,High-Value Wire,Wire,0,1,2026-09
ALT02907,2026-08-02,R004,ANL06,53.0,3623.61,2,25,Close - False Positive,0,Unusual Volume Increase,All,1,0,2026-08
ALT02908,2026-02-16,R001,ANL09,24.0,10698.62,8,54,Close - False Positive,0,Structuring / Cash Activity,Cash,1,0,2026-02
ALT02909,2026-03-16,R004,ANL07,49.0,8964.24,8,44,Escalate to Case,0,Unusual Volume Increase,All,0,1,2026-03
ALT02910,2026-07-18,R006,ANL07,52.0,2868.16,8,54,Close - Explained Activity,0,P2P Funnel Activity,P2P,0,0,2026-07
ALT02911,2026-03-25,R001,ANL04,48.0,39603.52,13,28,Escalate to Case,0,Structuring / Cash Activity,Cash,0,1,2026-03
ALT02912,2026-05-10,R001,ANL11,51.0,13594.27,31,32,Escalate to Case,0,Structuring / Cash Activity,Cash,0,1,2026-05
ALT02913,2026-09-08,R002,ANL12,75.0,36037.73,9,46,Close - Explained Activity,0,High-Risk Jurisdiction Wire,Wire,0,0,2026-09
ALT02914,2026-03-30,R006,ANL12,75.0,5374.39,1,38,Escalate to Case,0,P2P Funnel Activity,P2P,0,1,2026-03
ALT02915,2026-07-14,R003,ANL09,86.0,28854.0,4,17,Close - False Positive,0,Rapid Movement of Funds,ACH/P2P/Wire,1,0,2026-07
ALT02916,2026-07-18,R002,ANL08,95.0,10477.44,17,30,Close - False Positive,0,High-Risk Jurisdiction Wire,Wire,1,0,2026-07
ALT02917,2026-05-12,R006,ANL03,76.0,14383.69,10,33,Escalate to Case,0,P2P Funnel Activity,P2P,0,1,2026-05
ALT02918,2026-09-03,R003,ANL12,61.0,41417.67,11,23,Close - False Positive,0,Rapid Movement of Funds,ACH/P2P/Wire,1,0,2026-09
ALT02919,2026-01-13,R002,ANL03,73.0,10636.39,9,23,Close - False Positive,0,High-Risk Jurisdiction Wire,Wire,1,0,2026-01
ALT02920,2026-03-05,R004,ANL01,100.0,47207.64,15,44,Close - False Positive,0,Unusual Volume Increase,All,1,0,2026-03
ALT02921,2026-02-20,R007,ANL10,14.0,27491.7,14,52,Close - False Positive,0,Cash Intensive Business,Cash,1,0,2026-02
ALT02922,2026-07-14,R002,ANL02,99.0,23392.05,2,50,Escalate to Case,0,High-Risk Jurisdiction Wire,Wire,0,1,2026-07
ALT02923,2026-09-16,R002,ANL04,68.0,51250.33,8,49,Escalate to Case,0,High-Risk Jurisdiction Wire,Wire,0,1,2026-09
ALT02924,2026-07-24,R007,ANL01,53.0,83637.7,24,8,Close - Explained Activity,0,Cash Intensive Business,Cash,0,0,2026-07
ALT02925,2026-07-09,R003,ANL10,35.0,67474.08,1,19,Close - Explained Activity,0,Rapid Movement of Funds,ACH/P2P/Wire,0,0,2026-07
ALT02926,2026-02-16,R001,ANL12,63.0,6054.64,7,32,Close - False Positive,0,Structuring / Cash Activity,Cash,1,0,2026-02
ALT02927,2026-07-08,R002,ANL11,48.0,5709.75,11,64,Close - False Positive,0,High-Risk Jurisdiction Wire,Wire,1,0,2026-07
ALT02928,2026-05-22,R002,ANL06,69.0,55730.58,18,30,Escalate to Case,0,High-Risk Jurisdiction Wire,Wire,0,1,2026-05
ALT02929,2026-04-18,R004,ANL08,62.0,8428.29,10,28,Close - False Positive,0,Unusual Volume Increase,All,1,0,2026-04
ALT02930,2026-03-10,R001,ANL05,48.0,30520.95,11,36,Escalate to Case,0,Structuring / Cash Activity,Cash,0,1,2026-03
ALT02931,2026-03-23,R005,ANL02,40.0,49628.04,19,59,Escalate to Case,0,High-Value Wire,Wire,0,1,2026-03
ALT02932,2026-02-22,R001,ANL04,69.0,34893.95,11,34,Escalate to Case,0,Structuring / Cash Activity,Cash,0,1,2026-02
ALT02933,2026-02-06,R002,ANL04,52.0,174685.64,12,42,Close - Explained Activity,0,High-Risk Jurisdiction Wire,Wire,0,0,2026-02
ALT02934,2026-04-03,R003,ANL05,70.0,33973.17,10,44,Close - Explained Activity,0,Rapid Movement of Funds,ACH/P2P/Wire,0,0,2026-04
ALT02935,2026-04-17,R003,ANL02,66.0,166838.94,11,34,Escalate to Case,0,Rapid Movement of Funds,ACH/P2P/Wire,0,1,2026-04
ALT02936,2026-09-12,R004,ANL01,45.0,233476.18,9,33,Close - False Positive,0,Unusual Volume Increase,All,1,0,2026-09
ALT02937,2026-09-21,R004,ANL06,71.0,2856.25,8,21,Close - Explained Activity,0,Unusual Volume Increase,All,0,0,2026-09
ALT02938,2026-02-12,R003,ANL04,37.0,17915.7,17,16,Close - False Positive,0,Rapid Movement of Funds,ACH/P2P/Wire,1,0,2026-02
ALT02939,2026-09-13,R002,ANL08,73.0,120451.55,16,55,Escalate to Case,1,High-Risk Jurisdiction Wire,Wire,0,1,2026-09
ALT02940,2026-04-13,R003,ANL03,72.0,12579.34,4,43,Close - False Positive,0,Rapid Movement of Funds,ACH/P2P/Wire,1,0,2026-04
ALT02941,2026-03-05,R001,ANL04,61.0,93092.38,8,44,Escalate to Case,0,Structuring / Cash Activity,Cash,0,1,2026-03
ALT02942,2026-05-28,R003,ANL12,29.0,88294.18,13,18,Close - False Positive,0,Rapid Movement of Funds,ACH/P2P/Wire,1,0,2026-05
ALT02943,2026-07-24,R001,ANL12,67.0,15747.51,9,31,Escalate to Case,1,Structuring / Cash Activity,Cash,0,1,2026-07
ALT02944,2026-04-05,R006,ANL07,73.0,8771.78,6,44,Close - False Positive,0,P2P Funnel Activity,P2P,1,0,2026-04
ALT02945,2026-01-12,R007,ANL02,71.0,64342.1,6,29,Close - False Positive,0,Cash Intensive Business,Cash,1,0,2026-01
ALT02946,2026-02-12,R003,ANL06,34.0,9595.35,13,47,Close - Explained Activity,0,Rapid Movement of Funds,ACH/P2P/Wire,0,0,2026-02
ALT02947,2026-05-01,R004,ANL10,63.0,10995.78,10,41,Escalate to Case,0,Unusual Volume Increase,All,0,1,2026-05
ALT02948,2026-08-13,R007,ANL09,50.0,40115.54,2,27,Escalate to Case,0,Cash Intensive Business,Cash,0,1,2026-08
ALT02949,2026-06-27,R008,ANL06,68.0,34557.15,4,23,Close - False Positive,0,Dormant Account Reactivation,All,1,0,2026-06
ALT02950,2026-09-12,R004,ANL01,33.0,17173.61,2,60,Escalate to Case,0,Unusual Volume Increase,All,0,1,2026-09
ALT02951,2026-02-26,R005,ANL12,33.0,28818.54,4,18,Escalate to Case,0,High-Value Wire,Wire,0,1,2026-02
ALT02952,2026-06-29,R001,ANL03,31.0,40311.6,10,41,Escalate to Case,0,Structuring / Cash Activity,Cash,0,1,2026-06
ALT02953,2026-09-10,R007,ANL05,56.0,94252.89,27,47,Close - Explained Activity,0,Cash Intensive Business,Cash,0,0,2026-09
ALT02954,2026-01-08,R001,ANL02,63.0,11240.03,3,24,Close - Explained Activity,0,Structuring / Cash Activity,Cash,0,0,2026-01
ALT02955,2026-03-04,R008,ANL04,67.0,18940.61,6,31,Close - Explained Activity,0,Dormant Account Reactivation,All,0,0,2026-03
ALT02956,2026-06-22,R006,ANL09,47.0,21874.28,4,31,Close - False Positive,0,P2P Funnel Activity,P2P,1,0,2026-06
ALT02957,2026-07-06,R006,ANL09,42.0,16784.94,10,51,Close - Explained Activity,0,P2P Funnel Activity,P2P,0,0,2026-07
ALT02958,2026-07-20,R002,ANL07,38.0,15188.74,6,20,Escalate to Case,0,High-Risk Jurisdiction Wire,Wire,0,1,2026-07
ALT02959,2026-07-10,R007,ANL01,67.0,27390.85,5,34,Close - False Positive,0,Cash Intensive Business,Cash,1,0,2026-07
ALT02960,2026-01-05,R004,ANL01,34.0,43785.78,10,34,Close - False Positive,0,Unusual Volume Increase,All,1,0,2026-01
ALT02961,2026-07-19,R005,ANL08,53.0,27992.88,7,39,Close - False Positive,0,High-Value Wire,Wire,1,0,2026-07
ALT02962,2026-09-17,R002,ANL09,34.0,15205.19,10,19,Close - False Positive,0,High-Risk Jurisdiction Wire,Wire,1,0,2026-09
ALT02963,2026-09-20,R001,ANL06,56.0,141003.4,13,64,Close - False Positive,0,Structuring / Cash Activity,Cash,1,0,2026-09
ALT02964,2026-01-19,R001,ANL12,74.0,17405.79,13,26,Close - False Positive,0,Structuring / Cash Activity,Cash,1,0,2026-01
ALT02965,2026-06-10,R001,ANL06,65.0,2612.1,9,43,Escalate to Case,0,Structuring / Cash Activity,Cash,0,1,2026-06
ALT02966,2026-08-16,R006,ANL02,43.0,16730.02,8,38,Close - Explained Activity,0,P2P Funnel Activity,P2P,0,0,2026-08
ALT02967,2026-03-21,R002,ANL03,50.0,46245.03,10,37,Escalate to Case,0,High-Risk Jurisdiction Wire,Wire,0,1,2026-03
ALT02968,2026-02-26,R004,ANL10,50.0,10747.25,12,40,Close - Explained Activity,0,Unusual Volume Increase,All,0,0,2026-02
ALT02969,2026-01-21,R006,ANL02,66.0,22059.18,13,18,Escalate to Case,0,P2P Funnel Activity,P2P,0,1,2026-01
ALT02970,2026-05-02,R003,ANL02,65.0,15164.37,6,35,Close - False Positive,0,Rapid Movement of Funds,ACH/P2P/Wire,1,0,2026-05
ALT02971,2026-01-30,R002,ANL04,79.0,10054.46,5,20,Close - False Positive,0,High-Risk Jurisdiction Wire,Wire,1,0,2026-01
ALT02972,2026-01-18,R008,ANL08,53.0,147066.44,6,42,Close - False Positive,0,Dormant Account Reactivation,All,1,0,2026-01
ALT02973,2026-05-17,R003,ANL06,33.0,5609.81,12,36,Close - False Positive,0,Rapid Movement of Funds,ACH/P2P/Wire,1,0,2026-05
ALT02974,2026-06-05,R001,ANL06,46.0,43650.84,11,32,Close - Explained Activity,0,Structuring / Cash Activity,Cash,0,0,2026-06
ALT02975,2026-07-27,R001,ANL11,79.0,32429.41,6,36,Escalate to Case,0,Structuring / Cash Activity,Cash,0,1,2026-07
ALT02976,2026-05-23,R006,ANL07,58.0,29561.87,34,41,Close - False Positive,0,P2P Funnel Activity,P2P,1,0,2026-05
ALT02977,2026-01-28,R004,ANL10,63.0,38566.54,8,63,Close - False Positive,0,Unusual Volume Increase,All,1,0,2026-01
ALT02978,2026-05-19,R003,ANL05,39.0,214033.18,7,27,Close - False Positive,0,Rapid Movement of Funds,ACH/P2P/Wire,1,0,2026-05
ALT02979,2026-05-01,R005,ANL01,91.0,13179.6,3,23,Close - False Positive,0,High-Value Wire,Wire,1,0,2026-05
ALT02980,2026-04-06,R001,ANL09,71.0,28797.87,1,29,Escalate to Case,0,Structuring / Cash Activity,Cash,0,1,2026-04
ALT02981,2026-03-30,R004,ANL08,54.0,82221.18,15,45,Close - False Positive,0,Unusual Volume Increase,All,1,0,2026-03
ALT02982,2026-06-01,R008,ANL12,58.0,74272.4,9,40,Close - Explained Activity,0,Dormant Account Reactivation,All,0,0,2026-06
ALT02983,2026-05-23,R008,ANL07,62.0,273970.16,17,41,Close - False Positive,0,Dormant Account Reactivation,All,1,0,2026-05
ALT02984,2026-09-23,R008,ANL04,73.0,12599.28,9,34,Close - False Positive,0,Dormant Account Reactivation,All,1,0,2026-09
ALT02985,2026-09-18,R001,ANL10,100.0,59125.72,6,30,Escalate to Case,0,Structuring / Cash Activity,Cash,0,1,2026-09
ALT02986,2026-02-21,R006,ANL08,82.0,10154.2,14,16,Close - False Positive,0,P2P Funnel Activity,P2P,1,0,2026-02
ALT02987,2026-04-06,R004,ANL01,41.0,972.65,5,30,Close - False Positive,0,Unusual Volume Increase,All,1,0,2026-04
ALT02988,2026-03-09,R005,ANL06,47.0,30447.01,5,48,Close - False Positive,0,High-Value Wire,Wire,1,0,2026-03
ALT02989,2026-06-10,R007,ANL10,63.0,11603.77,6,39,Escalate to Case,0,Cash Intensive Business,Cash,0,1,2026-06
ALT02990,2026-02-02,R005,ANL03,72.0,9899.65,11,41,Close - False Positive,0,High-Value Wire,Wire,1,0,2026-02
ALT02991,2026-04-29,R001,ANL11,61.0,206689.81,13,72,Close - False Positive,0,Structuring / Cash Activity,Cash,1,0,2026-04
ALT02992,2026-04-10,R001,ANL06,24.0,41875.15,19,33,Escalate to Case,0,Structuring / Cash Activity,Cash,0,1,2026-04
ALT02993,2026-08-24,R003,ANL02,70.0,65800.19,5,39,Escalate to Case,0,Rapid Movement of Funds,ACH/P2P/Wire,0,1,2026-08
ALT02994,2026-03-25,R008,ANL11,72.0,7828.18,13,53,Close - Explained Activity,0,Dormant Account Reactivation,All,0,0,2026-03
ALT02995,2026-09-08,R001,ANL11,63.0,2259.42,7,68,Close - False Positive,0,Structuring / Cash Activity,Cash,1,0,2026-09
ALT02996,2026-03-10,R007,ANL09,93.0,17793.38,1,38,Close - False Positive,0,Cash Intensive Business,Cash,1,0,2026-03
ALT02997,2026-09-19,R008,ANL04,45.0,138265.32,17,32,Escalate to Case,0,Dormant Account Reactivation,All,0,1,2026-09
ALT02998,2026-01-17,R006,ANL09,78.0,6259.05,17,37,Close - False Positive,0,P2P Funnel Activity,P2P,1,0,2026-01
ALT02999,2026-03-10,R006,ANL07,89.0,2233.6,6,40,Escalate to Case,0,P2P Funnel Activity,P2P,0,1,2026-03
ALT03000,2026-02-27,R007,ANL09,81.0,16469.19,4,54,Close - False Positive,0,Cash Intensive Business,Cash,1,0,2026-02
ALT03001,2026-06-07,R004,ANL02,86.0,91274.92,5,38,Close - False Positive,0,Unusual Volume Increase,All,1,0,2026-06
ALT03002,2026-02-20,R003,ANL07,45.0,2529.89,9,40,Close - False Positive,0,Rapid Movement of Funds,ACH/P2P/Wire,1,0,2026-02
ALT03003,2026-03-14,R006,ANL07,56.0,16579.55,7,29,Escalate to Case,0,P2P Funnel Activity,P2P,0,1,2026-03
ALT03004,2026-02-09,R006,ANL10,59.0,17072.14,3,51,Close - False Positive,0,P2P Funnel Activity,P2P,1,0,2026-02
ALT03005,2026-01-24,R006,ANL05,50.0,3917.1,5,28,Close - False Positive,0,P2P Funnel Activity,P2P,1,0,2026-01
ALT03006,2026-08-05,R004,ANL11,64.0,4840.37,5,56,Close - False Positive,0,Unusual Volume Increase,All,1,0,2026-08
ALT03007,2026-05-13,R005,ANL07,67.0,37019.06,5,39,Escalate to Case,0,High-Value Wire,Wire,0,1,2026-05
ALT03008,2026-01-07,R005,ANL08,72.0,3025.97,7,17,Escalate to Case,0,High-Value Wire,Wire,0,1,2026-01
ALT03009,2026-09-24,R005,ANL11,76.0,8139.96,7,33,Close - Explained Activity,0,High-Value Wire,Wire,0,0,2026-09
ALT03010,2026-01-30,R003,ANL09,73.0,16867.1,2,55,Close - False Positive,0,Rapid Movement of Funds,ACH/P2P/Wire,1,0,2026-01
ALT03011,2026-04-23,R005,ANL07,42.0,61517.55,4,58,Close - Explained Activity,0,High-Value Wire,Wire,0,0,2026-04
ALT03012,2026-05-24,R001,ANL01,84.0,7900.74,5,36,Close - False Positive,0,Structuring / Cash Activity,Cash,1,0,2026-05
ALT03013,2026-04-23,R004,ANL11,86.0,26715.82,12,52,Close - False Positive,0,Unusual Volume Increase,All,1,0,2026-04
ALT03014,2026-09-19,R005,ANL04,49.0,5946.07,8,39,Close - False Positive,0,High-Value Wire,Wire,1,0,2026-09
ALT03015,2026-05-09,R008,ANL04,30.0,48694.38,8,44,Close - False Positive,0,Dormant Account Reactivation,All,1,0,2026-05
ALT03016,2026-09-23,R007,ANL07,91.0,3189.72,14,27,Close - Explained Activity,0,Cash Intensive Business,Cash,0,0,2026-09
ALT03017,2026-03-06,R004,ANL02,27.0,10229.94,6,29,Close - Explained Activity,0,Unusual Volume Increase,All,0,0,2026-03
ALT03018,2026-07-02,R001,ANL01,42.0,51892.18,11,59,Close - False Positive,0,Structuring / Cash Activity,Cash,1,0,2026-07
ALT03019,2026-02-14,R003,ANL10,58.0,591158.22,7,26,Escalate to Case,0,Rapid Movement of Funds,ACH/P2P/Wire,0,1,2026-02
ALT03020,2026-04-30,R004,ANL07,64.0,31191.36,12,38,Close - False Positive,0,Unusual Volume Increase,All,1,0,2026-04
ALT03021,2026-04-16,R001,ANL02,82.0,19066.57,11,38,Close - False Positive,0,Structuring / Cash Activity,Cash,1,0,2026-04
ALT03022,2026-04-17,R001,ANL10,54.0,96547.14,10,36,Close - Explained Activity,0,Structuring / Cash Activity,Cash,0,0,2026-04
ALT03023,2026-09-14,R001,ANL02,52.0,48073.06,6,25,Escalate to Case,0,Structuring / Cash Activity,Cash,0,1,2026-09
ALT03024,2026-08-01,R002,ANL05,72.0,119027.83,2,27,Close - False Positive,0,High-Risk Jurisdiction Wire,Wire,1,0,2026-08
ALT03025,2026-06-24,R001,ANL12,50.0,12742.91,8,12,Close - False Positive,0,Structuring / Cash Activity,Cash,1,0,2026-06
ALT03026,2026-02-16,R007,ANL04,64.0,66805.48,11,35,Close - False Positive,0,Cash Intensive Business,Cash,1,0,2026-02
ALT03027,2026-05-10,R004,ANL01,38.0,41334.2,24,58,Escalate to Case,0,Unusual Volume Increase,All,0,1,2026-05
ALT03028,2026-01-23,R005,ANL05,72.0,56073.06,5,28,Escalate to Case,0,High-Value Wire,Wire,0,1,2026-01
ALT03029,2026-03-09,R003,ANL08,65.0,92403.06,16,26,Close - Explained Activity,0,Rapid Movement of Funds,ACH/P2P/Wire,0,0,2026-03
ALT03030,2026-06-01,R008,ANL03,35.0,4861.45,6,23,Close - Explained Activity,0,Dormant Account Reactivation,All,0,0,2026-06
ALT03031,2026-02-10,R001,ANL04,78.0,67862.12,9,48,Close - False Positive,0,Structuring / Cash Activity,Cash,1,0,2026-02
ALT03032,2026-02-16,R005,ANL05,65.0,12798.47,7,42,Close - False Positive,0,High-Value Wire,Wire,1,0,2026-02
ALT03033,2026-08-02,R001,ANL01,40.0,77455.5,2,46,Close - False Positive,0,Structuring / Cash Activity,Cash,1,0,2026-08
ALT03034,2026-02-27,R006,ANL02,49.0,24807.48,3,42,Close - Explained Activity,0,P2P Funnel Activity,P2P,0,0,2026-02
ALT03035,2026-08-24,R003,ANL10,55.0,8023.29,9,30,Close - False Positive,0,Rapid Movement of Funds,ACH/P2P/Wire,1,0,2026-08
ALT03036,2026-07-16,R003,ANL05,53.0,80582.45,2,48,Close - False Positive,0,Rapid Movement of Funds,ACH/P2P/Wire,1,0,2026-07
ALT03037,2026-05-21,R006,ANL03,53.0,164808.15,3,48,Close - False Positive,0,P2P Funnel Activity,P2P,1,0,2026-05
ALT03038,2026-09-14,R003,ANL12,60.0,15769.09,2,41,Close - False Positive,0,Rapid Movement of Funds,ACH/P2P/Wire,1,0,2026-09
ALT03039,2026-01-13,R001,ANL08,60.0,45811.15,8,26,Escalate to Case,0,Structuring / Cash Activity,Cash,0,1,2026-01
ALT03040,2026-04-04,R005,ANL04,81.0,80282.4,22,28,Close - False Positive,0,High-Value Wire,Wire,1,0,2026-04
ALT03041,2026-08-09,R001,ANL09,66.0,4655.98,21,69,Close - False Positive,0,Structuring / Cash Activity,Cash,1,0,2026-08
ALT03042,2026-03-12,R001,ANL11,55.0,5507.06,21,36,Close - False Positive,0,Structuring / Cash Activity,Cash,1,0,2026-03
ALT03043,2026-07-25,R004,ANL12,81.0,47494.65,17,22,Close - False Positive,0,Unusual Volume Increase,All,1,0,2026-07
ALT03044,2026-04-02,R001,ANL03,63.0,9025.33,2,57,Close - False Positive,0,Structuring / Cash Activity,Cash,1,0,2026-04
ALT03045,2026-05-08,R007,ANL08,72.0,146406.63,26,55,Close - False Positive,0,Cash Intensive Business,Cash,1,0,2026-05
ALT03046,2026-01-20,R004,ANL02,79.0,36114.7,1,28,Escalate to Case,0,Unusual Volume Increase,All,0,1,2026-01
ALT03047,2026-01-01,R005,ANL12,33.0,19395.09,8,51,Escalate to Case,0,High-Value Wire,Wire,0,1,2026-01
ALT03048,2026-06-29,R001,ANL05,58.0,6162.0,23,77,Close - False Positive,0,Structuring / Cash Activity,Cash,1,0,2026-06
ALT03049,2026-04-23,R001,ANL01,61.0,8716.85,5,8,Close - False Positive,0,Structuring / Cash Activity,Cash,1,0,2026-04
ALT03050,2026-06-13,R003,ANL02,97.0,63468.44,14,46,Close - False Positive,0,Rapid Movement of Funds,ACH/P2P/Wire,1,0,2026-06
ALT03051,2026-03-31,R002,ANL09,61.0,25244.47,7,69,Escalate to Case,0,High-Risk Jurisdiction Wire,Wire,0,1,2026-03
ALT03052,2026-06-03,R002,ANL12,74.0,68636.02,12,26,Close - False Positive,0,High-Risk Jurisdiction Wire,Wire,1,0,2026-06
ALT03053,2026-05-12,R003,ANL04,78.0,9485.23,11,45,Close - False Positive,0,Rapid Movement of Funds,ACH/P2P/Wire,1,0,2026-05
ALT03054,2026-05-28,R005,ANL08,47.0,10253.37,6,24,Close - False Positive,0,High-Value Wire,Wire,1,0,2026-05
ALT03055,2026-02-13,R002,ANL11,79.0,57881.63,9,60,Close - Explained Activity,0,High-Risk Jurisdiction Wire,Wire,0,0,2026-02
ALT03056,2026-02-15,R006,ANL06,64.0,35781.85,5,17,Close - Explained Activity,0,P2P Funnel Activity,P2P,0,0,2026-02
ALT03057,2026-03-16,R002,ANL08,81.0,13355.78,19,35,Close - False Positive,0,High-Risk Jurisdiction Wire,Wire,1,0,2026-03
ALT03058,2026-01-08,R001,ANL08,67.0,13284.42,7,30,Escalate to Case,0,Structuring / Cash Activity,Cash,0,1,2026-01
ALT03059,2026-04-01,R002,ANL04,45.0,12025.57,2,47,Close - Explained Activity,0,High-Risk Jurisdiction Wire,Wire,0,0,2026-04
ALT03060,2026-07-22,R002,ANL10,39.0,7088.64,9,30,Close - False Positive,0,High-Risk Jurisdiction Wire,Wire,1,0,2026-07
ALT03061,2026-02-24,R001,ANL08,71.0,66015.87,5,50,Close - False Positive,0,Structuring / Cash Activity,Cash,1,0,2026-02
ALT03062,2026-08-15,R007,ANL05,54.0,71896.76,15,32,Close - False Positive,0,Cash Intensive Business,Cash,1,0,2026-08
ALT03063,2026-08-05,R006,ANL10,70.0,29814.97,5,52,Close - False Positive,0,P2P Funnel Activity,P2P,1,0,2026-08
ALT03064,2026-07-28,R007,ANL09,64.0,38050.1,17,31,Close - Explained Activity,0,Cash Intensive Business,Cash,0,0,2026-07
ALT03065,2026-03-06,R001,ANL03,54.0,115371.51,5,54,Close - False Positive,0,Structuring / Cash Activity,Cash,1,0,2026-03
ALT03066,2026-08-05,R001,ANL03,55.0,9618.74,12,27,Escalate to Case,0,Structuring / Cash Activity,Cash,0,1,2026-08
ALT03067,2026-09-06,R008,ANL11,80.0,13716.02,30,39,Close - False Positive,0,Dormant Account Reactivation,All,1,0,2026-09
ALT03068,2026-04-29,R002,ANL07,51.0,29475.45,5,72,Close - False Positive,0,High-Risk Jurisdiction Wire,Wire,1,0,2026-04
ALT03069,2026-07-04,R002,ANL02,63.0,28953.92,3,34,Escalate to Case,0,High-Risk Jurisdiction Wire,Wire,0,1,2026-07
ALT03070,2026-08-06,R001,ANL11,63.0,15519.17,24,46,Close - False Positive,0,Structuring / Cash Activity,Cash,1,0,2026-08
ALT03071,2026-06-25,R002,ANL05,42.0,64136.55,9,47,Close - False Positive,0,High-Risk Jurisdiction Wire,Wire,1,0,2026-06
ALT03072,2026-05-20,R001,ANL12,56.0,23577.42,6,26,Close - False Positive,0,Structuring / Cash Activity,Cash,1,0,2026-05
ALT03073,2026-02-14,R006,ANL03,68.0,2127.99,32,32,Close - False Positive,0,P2P Funnel Activity,P2P,1,0,2026-02
ALT03074,2026-01-20,R004,ANL10,43.0,8814.32,3,24,Close - False Positive,0,Unusual Volume Increase,All,1,0,2026-01
ALT03075,2026-07-03,R003,ANL05,55.0,4035.67,7,33,Close - False Positive,0,Rapid Movement of Funds,ACH/P2P/Wire,1,0,2026-07
ALT03076,2026-07-29,R001,ANL03,56.0,42943.7,8,33,Escalate to Case,0,Structuring / Cash Activity,Cash,0,1,2026-07
ALT03077,2026-04-16,R006,ANL04,71.0,17210.22,13,28,Close - False Positive,0,P2P Funnel Activity,P2P,1,0,2026-04
ALT03078,2026-06-09,R002,ANL12,50.0,13286.77,10,35,Close - False Positive,0,High-Risk Jurisdiction Wire,Wire,1,0,2026-06
ALT03079,2026-05-17,R006,ANL12,63.0,36013.94,3,47,Close - Explained Activity,0,P2P Funnel Activity,P2P,0,0,2026-05
ALT03080,2026-02-23,R002,ANL07,45.0,25505.32,11,49,Close - False Positive,0,High-Risk Jurisdiction Wire,Wire,1,0,2026-02
ALT03081,2026-06-19,R001,ANL05,74.0,58057.09,4,28,Escalate to Case,0,Structuring / Cash Activity,Cash,0,1,2026-06
ALT03082,2026-04-03,R008,ANL09,74.0,82475.46,8,39,Escalate to Case,0,Dormant Account Reactivation,All,0,1,2026-04
ALT03083,2026-06-20,R002,ANL11,88.0,7759.65,12,42,Escalate to Case,1,High-Risk Jurisdiction Wire,Wire,0,1,2026-06
ALT03084,2026-06-09,R003,ANL01,54.0,22179.05,2,28,Close - Explained Activity,0,Rapid Movement of Funds,ACH/P2P/Wire,0,0,2026-06
ALT03085,2026-09-29,R001,ANL06,50.0,84756.53,6,49,Close - False Positive,0,Structuring / Cash Activity,Cash,1,0,2026-09
ALT03086,2026-03-13,R001,ANL05,84.0,79334.52,7,26,Close - Explained Activity,0,Structuring / Cash Activity,Cash,0,0,2026-03
ALT03087,2026-09-05,R004,ANL04,47.0,25370.04,9,37,Close - Explained Activity,0,Unusual Volume Increase,All,0,0,2026-09
ALT03088,2026-09-02,R003,ANL06,63.0,87581.99,7,25,Close - False Positive,0,Rapid Movement of Funds,ACH/P2P/Wire,1,0,2026-09
ALT03089,2026-03-24,R005,ANL04,83.0,180256.54,9,35,Escalate to Case,1,High-Value Wire,Wire,0,1,2026-03
ALT03090,2026-09-11,R005,ANL10,44.0,8029.68,11,13,Close - False Positive,0,High-Value Wire,Wire,1,0,2026-09
ALT03091,2026-04-24,R003,ANL11,96.0,2730.03,9,59,Close - False Positive,0,Rapid Movement of Funds,ACH/P2P/Wire,1,0,2026-04
ALT03092,2026-04-14,R006,ANL11,32.0,12646.18,3,65,Close - False Positive,0,P2P Funnel Activity,P2P,1,0,2026-04
ALT03093,2026-09-20,R007,ANL09,53.0,54018.37,5,32,Close - False Positive,0,Cash Intensive Business,Cash,1,0,2026-09
ALT03094,2026-04-15,R005,ANL12,36.0,18699.68,0,25,Close - False Positive,0,High-Value Wire,Wire,1,0,2026-04
ALT03095,2026-02-08,R005,ANL07,60.0,7056.63,4,29,Close - False Positive,0,High-Value Wire,Wire,1,0,2026-02
ALT03096,2026-02-04,R001,ANL08,57.0,24192.52,5,32,Close - Explained Activity,0,Structuring / Cash Activity,Cash,0,0,2026-02
ALT03097,2026-03-24,R003,ANL02,100.0,5381.1,11,27,Close - False Positive,0,Rapid Movement of Funds,ACH/P2P/Wire,1,0,2026-03
ALT03098,2026-05-22,R003,ANL06,59.0,24293.14,2,47,Close - False Positive,0,Rapid Movement of Funds,ACH/P2P/Wire,1,0,2026-05
ALT03099,2026-04-04,R003,ANL04,66.0,113235.65,7,53,Escalate to Case,0,Rapid Movement of Funds,ACH/P2P/Wire,0,1,2026-04
ALT03100,2026-01-24,R007,ANL05,79.0,18664.67,8,42,Escalate to Case,0,Cash Intensive Business,Cash,0,1,2026-01
ALT03101,2026-06-02,R006,ANL06,16.0,119562.5,2,17,Close - False Positive,0,P2P Funnel Activity,P2P,1,0,2026-06
ALT03102,2026-09-03,R001,ANL06,72.0,7094.63,4,34,Close - False Positive,0,Structuring / Cash Activity,Cash,1,0,2026-09
ALT03103,2026-07-10,R006,ANL03,92.0,3746.11,8,36,Escalate to Case,0,P2P Funnel Activity,P2P,0,1,2026-07
ALT03104,2026-04-02,R001,ANL10,83.0,39760.91,2,42,Close - False Positive,0,Structuring / Cash Activity,Cash,1,0,2026-04
ALT03105,2026-01-03,R005,ANL06,29.0,29514.27,2,43,Close - False Positive,0,High-Value Wire,Wire,1,0,2026-01
ALT03106,2026-02-27,R005,ANL10,58.0,4312.96,1,42,Close - False Positive,0,High-Value Wire,Wire,1,0,2026-02
ALT03107,2026-04-09,R004,ANL09,53.0,4830.34,25,37,Close - False Positive,0,Unusual Volume Increase,All,1,0,2026-04
ALT03108,2026-06-10,R008,ANL09,43.0,6888.73,12,26,Escalate to Case,0,Dormant Account Reactivation,All,0,1,2026-06
ALT03109,2026-09-13,R006,ANL04,67.0,7981.88,6,38,Close - False Positive,0,P2P Funnel Activity,P2P,1,0,2026-09
ALT03110,2026-03-22,R005,ANL02,71.0,16674.99,0,35,Close - Explained Activity,0,High-Value Wire,Wire,0,0,2026-03
ALT03111,2026-09-07,R003,ANL08,73.0,19541.85,3,68,Escalate to Case,0,Rapid Movement of Funds,ACH/P2P/Wire,0,1,2026-09
ALT03112,2026-02-05,R005,ANL07,53.0,26364.7,6,33,Close - Explained Activity,0,High-Value Wire,Wire,0,0,2026-02
ALT03113,2026-01-22,R003,ANL11,50.0,9465.66,7,38,Escalate to Case,0,Rapid Movement of Funds,ACH/P2P/Wire,0,1,2026-01
ALT03114,2026-07-11,R004,ANL12,59.0,7970.09,2,55,Close - Explained Activity,0,Unusual Volume Increase,All,0,0,2026-07
ALT03115,2026-05-26,R001,ANL02,60.0,48859.35,16,31,Close - False Positive,0,Structuring / Cash Activity,Cash,1,0,2026-05
ALT03116,2026-04-25,R007,ANL10,19.0,1877.15,8,31,Close - False Positive,0,Cash Intensive Business,Cash,1,0,2026-04
ALT03117,2026-06-04,R007,ANL05,49.0,7366.84,13,26,Close - False Positive,0,Cash Intensive Business,Cash,1,0,2026-06
ALT03118,2026-01-24,R003,ANL05,54.0,9866.79,1,41,Escalate to Case,0,Rapid Movement of Funds,ACH/P2P/Wire,0,1,2026-01
ALT03119,2026-08-14,R004,ANL09,50.0,93533.63,6,25,Close - False Positive,0,Unusual Volume Increase,All,1,0,2026-08
ALT03120,2026-08-18,R006,ANL06,100.0,10082.09,8,50,Close - False Positive,0,P2P Funnel Activity,P2P,1,0,2026-08
ALT03121,2026-03-06,R005,ANL10,41.0,26423.82,11,29,Close - False Positive,0,High-Value Wire,Wire,1,0,2026-03
ALT03122,2026-05-09,R001,ANL11,94.0,75682.67,25,35,Close - False Positive,0,Structuring / Cash Activity,Cash,1,0,2026-05
ALT03123,2026-03-21,R008,ANL08,55.0,4494.71,19,44,Close - Explained Activity,0,Dormant Account Reactivation,All,0,0,2026-03
ALT03124,2026-01-26,R007,ANL02,51.0,12313.69,14,38,Escalate to Case,0,Cash Intensive Business,Cash,0,1,2026-01
ALT03125,2026-02-14,R004,ANL11,49.0,7865.23,2,56,Escalate to Case,0,Unusual Volume Increase,All,0,1,2026-02
ALT03126,2026-03-26,R007,ANL09,53.0,3567.98,10,46,Close - False Positive,0,Cash Intensive Business,Cash,1,0,2026-03
ALT03127,2026-05-15,R007,ANL07,32.0,22168.7,29,48,Close - Explained Activity,0,Cash Intensive Business,Cash,0,0,2026-05
ALT03128,2026-06-28,R005,ANL08,43.0,62718.4,4,33,Escalate to Case,1,High-Value Wire,Wire,0,1,2026-06
ALT03129,2026-09-19,R003,ANL02,48.0,4203.18,26,19,Close - False Positive,0,Rapid Movement of Funds,ACH/P2P/Wire,1,0,2026-09
ALT03130,2026-08-22,R002,ANL06,65.0,6188.38,7,38,Escalate to Case,1,High-Risk Jurisdiction Wire,Wire,0,1,2026-08
ALT03131,2026-02-11,R002,ANL02,69.0,18666.41,14,43,Close - False Positive,0,High-Risk Jurisdiction Wire,Wire,1,0,2026-02
ALT03132,2026-05-07,R001,ANL11,37.0,27152.34,15,40,Close - False Positive,0,Structuring / Cash Activity,Cash,1,0,2026-05
ALT03133,2026-02-06,R002,ANL03,65.0,12271.79,9,34,Escalate to Case,1,High-Risk Jurisdiction Wire,Wire,0,1,2026-02
ALT03134,2026-06-13,R007,ANL03,47.0,5142.79,9,25,Close - False Positive,0,Cash Intensive Business,Cash,1,0,2026-06
ALT03135,2026-08-27,R001,ANL05,93.0,27096.27,14,32,Close - False Positive,0,Structuring / Cash Activity,Cash,1,0,2026-08
ALT03136,2026-08-05,R008,ANL01,54.0,8385.39,8,63,Close - Explained Activity,0,Dormant Account Reactivation,All,0,0,2026-08
ALT03137,2026-03-24,R006,ANL05,27.0,16067.62,4,23,Close - False Positive,0,P2P Funnel Activity,P2P,1,0,2026-03
ALT03138,2026-06-28,R007,ANL02,58.0,104954.34,6,47,Escalate to Case,0,Cash Intensive Business,Cash,0,1,2026-06
ALT03139,2026-07-24,R001,ANL03,58.0,13116.35,1,47,Close - False Positive,0,Structuring / Cash Activity,Cash,1,0,2026-07
ALT03140,2026-01-01,R004,ANL08,48.0,50080.05,13,54,Close - Explained Activity,0,Unusual Volume Increase,All,0,0,2026-01
ALT03141,2026-08-05,R004,ANL11,77.0,8977.18,8,31,Close - False Positive,0,Unusual Volume Increase,All,1,0,2026-08
ALT03142,2026-09-25,R005,ANL06,57.0,82332.23,5,59,Escalate to Case,0,High-Value Wire,Wire,0,1,2026-09
ALT03143,2026-01-07,R004,ANL02,44.0,35817.93,35,42,Close - False Positive,0,Unusual Volume Increase,All,1,0,2026-01
ALT03144,2026-01-28,R006,ANL12,5.0,8703.67,35,29,Close - Explained Activity,0,P2P Funnel Activity,P2P,0,0,2026-01
ALT03145,2026-07-06,R004,ANL07,72.0,42930.86,3,42,Escalate to Case,0,Unusual Volume Increase,All,0,1,2026-07
ALT03146,2026-04-23,R003,ANL02,91.0,79411.11,27,37,Close - False Positive,0,Rapid Movement of Funds,ACH/P2P/Wire,1,0,2026-04
ALT03147,2026-05-27,R003,ANL09,86.0,83969.34,20,46,Close - False Positive,0,Rapid Movement of Funds,ACH/P2P/Wire,1,0,2026-05
ALT03148,2026-09-03,R004,ANL06,34.0,23331.88,3,35,Close - False Positive,0,Unusual Volume Increase,All,1,0,2026-09
ALT03149,2026-02-09,R006,ANL10,75.0,18938.72,17,36,Escalate to Case,0,P2P Funnel Activity,P2P,0,1,2026-02
ALT03150,2026-05-06,R006,ANL02,65.0,42723.5,11,49,Close - False Positive,0,P2P Funnel Activity,P2P,1,0,2026-05
ALT03151,2026-02-06,R008,ANL12,84.0,20519.78,19,60,Escalate to Case,0,Dormant Account Reactivation,All,0,1,2026-02
ALT03152,2026-09-23,R003,ANL03,81.0,17251.05,11,48,Close - Explained Activity,0,Rapid Movement of Funds,ACH/P2P/Wire,0,0,2026-09
ALT03153,2026-01-29,R005,ANL12,97.0,8807.06,17,14,Escalate to Case,0,High-Value Wire,Wire,0,1,2026-01
ALT03154,2026-05-14,R002,ANL10,65.0,7296.73,18,54,Escalate to Case,1,High-Risk Jurisdiction Wire,Wire,0,1,2026-05
ALT03155,2026-09-19,R006,ANL09,46.0,71059.51,7,52,Close - False Positive,0,P2P Funnel Activity,P2P,1,0,2026-09
ALT03156,2026-05-05,R003,ANL05,64.0,21926.88,13,37,Close - False Positive,0,Rapid Movement of Funds,ACH/P2P/Wire,1,0,2026-05
ALT03157,2026-04-19,R002,ANL03,74.0,24061.21,14,35,Close - False Positive,0,High-Risk Jurisdiction Wire,Wire,1,0,2026-04
ALT03158,2026-06-11,R001,ANL04,56.0,10819.13,8,41,Close - Explained Activity,0,Structuring / Cash Activity,Cash,0,0,2026-06
ALT03159,2026-09-29,R006,ANL08,69.0,12790.13,12,30,Close - False Positive,0,P2P Funnel Activity,P2P,1,0,2026-09
ALT03160,2026-03-27,R001,ANL06,74.0,79630.91,4,36,Escalate to Case,0,Structuring / Cash Activity,Cash,0,1,2026-03
ALT03161,2026-02-13,R003,ANL05,70.0,13944.61,4,11,Close - False Positive,0,Rapid Movement of Funds,ACH/P2P/Wire,1,0,2026-02
ALT03162,2026-04-03,R006,ANL07,49.0,3750.97,7,25,Close - False Positive,0,P2P Funnel Activity,P2P,1,0,2026-04
ALT03163,2026-02-24,R002,ANL05,45.0,9125.92,5,42,Close - False Positive,0,High-Risk Jurisdiction Wire,Wire,1,0,2026-02
ALT03164,2026-01-16,R004,ANL08,73.0,13258.22,5,35,Close - False Positive,0,Unusual Volume Increase,All,1,0,2026-01
ALT03165,2026-08-30,R002,ANL03,41.0,11371.9,12,33,Close - False Positive,0,High-Risk Jurisdiction Wire,Wire,1,0,2026-08
ALT03166,2026-06-11,R006,ANL06,59.0,23391.38,4,29,Escalate to Case,1,P2P Funnel Activity,P2P,0,1,2026-06
ALT03167,2026-06-18,R004,ANL11,67.0,51561.11,7,50,Escalate to Case,0,Unusual Volume Increase,All,0,1,2026-06
ALT03168,2026-06-02,R006,ANL11,79.0,3814.08,5,32,Escalate to Case,0,P2P Funnel Activity,P2P,0,1,2026-06
ALT03169,2026-02-01,R006,ANL05,62.0,3795.88,10,9,Close - Explained Activity,0,P2P Funnel Activity,P2P,0,0,2026-02
ALT03170,2026-03-07,R004,ANL10,59.0,10441.61,9,29,Close - False Positive,0,Unusual Volume Increase,All,1,0,2026-03
ALT03171,2026-02-05,R007,ANL01,63.0,3213.12,3,44,Escalate to Case,0,Cash Intensive Business,Cash,0,1,2026-02
ALT03172,2026-09-20,R001,ANL05,28.0,66717.49,8,49,Escalate to Case,0,Structuring / Cash Activity,Cash,0,1,2026-09
ALT03173,2026-02-16,R003,ANL11,72.0,44034.91,12,29,Close - False Positive,0,Rapid Movement of Funds,ACH/P2P/Wire,1,0,2026-02
ALT03174,2026-03-15,R005,ANL06,61.0,16334.35,4,51,Escalate to Case,1,High-Value Wire,Wire,0,1,2026-03
ALT03175,2026-09-25,R007,ANL07,55.0,35116.52,15,36,Escalate to Case,0,Cash Intensive Business,Cash,0,1,2026-09
ALT03176,2026-03-14,R006,ANL09,69.0,28079.7,5,35,Close - False Positive,0,P2P Funnel Activity,P2P,1,0,2026-03
ALT03177,2026-05-08,R001,ANL10,95.0,2588.18,12,25,Close - False Positive,0,Structuring / Cash Activity,Cash,1,0,2026-05
ALT03178,2026-02-06,R008,ANL03,68.0,424137.59,8,46,Close - Explained Activity,0,Dormant Account Reactivation,All,0,0,2026-02
ALT03179,2026-02-04,R005,ANL02,30.0,15350.38,7,33,Close - Explained Activity,0,High-Value Wire,Wire,0,0,2026-02
ALT03180,2026-03-14,R005,ANL07,55.0,15367.25,20,33,Close - False Positive,0,High-Value Wire,Wire,1,0,2026-03
ALT03181,2026-03-16,R001,ANL02,35.0,1604.34,3,28,Close - False Positive,0,Structuring / Cash Activity,Cash,1,0,2026-03
ALT03182,2026-03-26,R004,ANL07,40.0,34256.57,3,60,Escalate to Case,0,Unusual Volume Increase,All,0,1,2026-03
ALT03183,2026-03-29,R003,ANL04,64.0,13949.22,5,8,Escalate to Case,0,Rapid Movement of Funds,ACH/P2P/Wire,0,1,2026-03
ALT03184,2026-08-06,R008,ANL07,57.0,58876.96,8,49,Close - False Positive,0,Dormant Account Reactivation,All,1,0,2026-08
ALT03185,2026-04-11,R004,ANL03,54.0,43073.85,4,36,Close - False Positive,0,Unusual Volume Increase,All,1,0,2026-04
ALT03186,2026-07-28,R004,ANL01,78.0,27230.61,17,34,Close - False Positive,0,Unusual Volume Increase,All,1,0,2026-07
ALT03187,2026-08-26,R003,ANL02,75.0,1628.84,6,45,Close - False Positive,0,Rapid Movement of Funds,ACH/P2P/Wire,1,0,2026-08
ALT03188,2026-06-02,R004,ANL12,66.0,7462.19,7,33,Close - False Positive,0,Unusual Volume Increase,All,1,0,2026-06
ALT03189,2026-03-11,R002,ANL03,80.0,121003.93,9,33,Close - False Positive,0,High-Risk Jurisdiction Wire,Wire,1,0,2026-03
ALT03190,2026-01-26,R006,ANL08,74.0,82542.3,8,17,Escalate to Case,0,P2P Funnel Activity,P2P,0,1,2026-01
ALT03191,2026-04-04,R008,ANL12,70.0,29286.64,14,32,Close - Explained Activity,0,Dormant Account Reactivation,All,0,0,2026-04
ALT03192,2026-03-03,R008,ANL03,42.0,66056.03,19,42,Close - False Positive,0,Dormant Account Reactivation,All,1,0,2026-03
ALT03193,2026-03-20,R008,ANL10,21.0,6117.19,6,25,Escalate to Case,0,Dormant Account Reactivation,All,0,1,2026-03
ALT03194,2026-09-08,R005,ANL02,32.0,47879.36,10,39,Close - False Positive,0,High-Value Wire,Wire,1,0,2026-09
ALT03195,2026-03-24,R004,ANL08,56.0,10099.75,5,31,Close - False Positive,0,Unusual Volume Increase,All,1,0,2026-03
ALT03196,2026-03-25,R008,ANL06,79.0,29221.54,14,32,Close - Explained Activity,0,Dormant Account Reactivation,All,0,0,2026-03
ALT03197,2026-09-02,R002,ANL08,51.0,11537.38,6,40,Escalate to Case,0,High-Risk Jurisdiction Wire,Wire,0,1,2026-09
ALT03198,2026-05-06,R002,ANL07,84.0,18500.41,16,59,Close - False Positive,0,High-Risk Jurisdiction Wire,Wire,1,0,2026-05
ALT03199,2026-04-16,R004,ANL02,68.0,28997.68,5,25,Close - False Positive,0,Unusual Volume Increase,All,1,0,2026-04
ALT03200,2026-07-20,R005,ANL01,86.0,69164.91,16,41,Close - False Positive,0,High-Value Wire,Wire,1,0,2026-07
ALT03201,2026-02-14,R001,ANL06,69.0,54069.31,4,61,Close - Explained Activity,0,Structuring / Cash Activity,Cash,0,0,2026-02
ALT03202,2026-03-15,R006,ANL05,62.0,31425.35,3,36,Escalate to Case,0,P2P Funnel Activity,P2P,0,1,2026-03
ALT03203,2026-03-01,R002,ANL06,27.0,15307.63,11,45,Close - False Positive,0,High-Risk Jurisdiction Wire,Wire,1,0,2026-03
ALT03204,2026-08-23,R008,ANL05,50.0,18459.17,6,28,Close - Explained Activity,0,Dormant Account Reactivation,All,0,0,2026-08
ALT03205,2026-08-09,R001,ANL05,54.0,15788.58,6,21,Escalate to Case,0,Structuring / Cash Activity,Cash,0,1,2026-08
ALT03206,2026-02-12,R003,ANL10,64.0,10428.04,12,40,Close - False Positive,0,Rapid Movement of Funds,ACH/P2P/Wire,1,0,2026-02
ALT03207,2026-05-28,R002,ANL09,29.0,13283.04,6,37,Close - False Positive,0,High-Risk Jurisdiction Wire,Wire,1,0,2026-05
ALT03208,2026-02-23,R002,ANL10,48.0,390240.12,19,25,Close - False Positive,0,High-Risk Jurisdiction Wire,Wire,1,0,2026-02
ALT03209,2026-02-07,R004,ANL06,77.0,20911.84,9,60,Escalate to Case,0,Unusual Volume Increase,All,0,1,2026-02
ALT03210,2026-06-30,R006,ANL02,41.0,10389.38,5,37,Close - False Positive,0,P2P Funnel Activity,P2P,1,0,2026-06
ALT03211,2026-09-16,R005,ANL05,53.0,27106.99,7,40,Escalate to Case,1,High-Value Wire,Wire,0,1,2026-09
ALT03212,2026-08-25,R007,ANL05,41.0,5281.55,4,24,Close - False Positive,0,Cash Intensive Business,Cash,1,0,2026-08
ALT03213,2026-03-12,R004,ANL04,100.0,1950.64,16,37,Close - False Positive,0,Unusual Volume Increase,All,1,0,2026-03
ALT03214,2026-05-07,R006,ANL09,56.0,17726.5,11,43,Close - False Positive,0,P2P Funnel Activity,P2P,1,0,2026-05
ALT03215,2026-06-04,R004,ANL10,68.0,111774.42,16,58,Close - False Positive,0,Unusual Volume Increase,All,1,0,2026-06
ALT03216,2026-07-19,R003,ANL05,55.0,37132.18,2,46,Close - False Positive,0,Rapid Movement of Funds,ACH/P2P/Wire,1,0,2026-07
ALT03217,2026-05-02,R004,ANL06,31.0,12745.55,12,58,Close - False Positive,0,Unusual Volume Increase,All,1,0,2026-05
ALT03218,2026-06-18,R006,ANL02,71.0,66109.6,9,53,Close - False Positive,0,P2P Funnel Activity,P2P,1,0,2026-06
ALT03219,2026-07-01,R006,ANL03,92.0,19642.86,10,40,Escalate to Case,0,P2P Funnel Activity,P2P,0,1,2026-07
ALT03220,2026-04-02,R001,ANL03,71.0,123985.91,15,17,Close - False Positive,0,Structuring / Cash Activity,Cash,1,0,2026-04
ALT03221,2026-09-14,R001,ANL08,78.0,11160.57,5,39,Escalate to Case,0,Structuring / Cash Activity,Cash,0,1,2026-09
ALT03222,2026-09-16,R003,ANL08,67.0,19550.31,2,8,Close - False Positive,0,Rapid Movement of Funds,ACH/P2P/Wire,1,0,2026-09
ALT03223,2026-06-02,R002,ANL02,90.0,2118.78,8,26,Escalate to Case,0,High-Risk Jurisdiction Wire,Wire,0,1,2026-06
ALT03224,2026-07-05,R001,ANL02,24.0,17464.43,5,40,Escalate to Case,0,Structuring / Cash Activity,Cash,0,1,2026-07
ALT03225,2026-03-22,R008,ANL08,53.0,39764.87,1,35,Close - False Positive,0,Dormant Account Reactivation,All,1,0,2026-03
ALT03226,2026-02-26,R002,ANL09,71.0,6772.11,2,56,Escalate to Case,0,High-Risk Jurisdiction Wire,Wire,0,1,2026-02
ALT03227,2026-07-18,R004,ANL12,89.0,48687.45,6,47,Close - False Positive,0,Unusual Volume Increase,All,1,0,2026-07
ALT03228,2026-07-20,R005,ANL09,38.0,39876.1,8,40,Escalate to Case,0,High-Value Wire,Wire,0,1,2026-07
ALT03229,2026-02-25,R001,ANL11,71.0,132505.08,11,55,Close - False Positive,0,Structuring / Cash Activity,Cash,1,0,2026-02
ALT03230,2026-05-19,R003,ANL02,34.0,40997.18,6,54,Close - Explained Activity,0,Rapid Movement of Funds,ACH/P2P/Wire,0,0,2026-05
ALT03231,2026-04-25,R003,ANL06,52.0,42924.21,10,42,Escalate to Case,0,Rapid Movement of Funds,ACH/P2P/Wire,0,1,2026-04
ALT03232,2026-03-18,R002,ANL01,59.0,68770.08,8,36,Close - False Positive,0,High-Risk Jurisdiction Wire,Wire,1,0,2026-03
ALT03233,2026-07-30,R005,ANL12,39.0,26631.05,10,30,Close - False Positive,0,High-Value Wire,Wire,1,0,2026-07
ALT03234,2026-08-28,R007,ANL01,63.0,136151.25,1,28,Close - False Positive,0,Cash Intensive Business,Cash,1,0,2026-08
ALT03235,2026-03-22,R001,ANL08,80.0,2887.79,3,34,Escalate to Case,0,Structuring / Cash Activity,Cash,0,1,2026-03
ALT03236,2026-07-15,R008,ANL01,75.0,64284.71,15,40,Close - Explained Activity,0,Dormant Account Reactivation,All,0,0,2026-07
ALT03237,2026-07-13,R004,ANL09,69.0,34923.25,18,35,Close - Explained Activity,0,Unusual Volume Increase,All,0,0,2026-07
ALT03238,2026-04-02,R006,ANL05,37.0,44128.83,6,49,Close - Explained Activity,0,P2P Funnel Activity,P2P,0,0,2026-04
ALT03239,2026-09-26,R002,ANL05,34.0,33778.93,2,52,Close - False Positive,0,High-Risk Jurisdiction Wire,Wire,1,0,2026-09
ALT03240,2026-01-26,R006,ANL05,60.0,14141.95,10,34,Close - Explained Activity,0,P2P Funnel Activity,P2P,0,0,2026-01
ALT03241,2026-03-02,R005,ANL09,42.0,64814.96,7,39,Close - Explained Activity,0,High-Value Wire,Wire,0,0,2026-03
ALT03242,2026-05-22,R001,ANL10,60.0,35540.29,6,41,Close - Explained Activity,0,Structuring / Cash Activity,Cash,0,0,2026-05
ALT03243,2026-03-06,R003,ANL08,70.0,8080.53,1,21,Escalate to Case,0,Rapid Movement of Funds,ACH/P2P/Wire,0,1,2026-03
ALT03244,2026-04-28,R001,ANL06,51.0,5075.14,1,30,Close - False Positive,0,Structuring / Cash Activity,Cash,1,0,2026-04
ALT03245,2026-03-25,R004,ANL06,49.0,52441.48,20,21,Escalate to Case,0,Unusual Volume Increase,All,0,1,2026-03
ALT03246,2026-04-28,R002,ANL01,69.0,12784.05,6,37,Close - Explained Activity,0,High-Risk Jurisdiction Wire,Wire,0,0,2026-04
ALT03247,2026-04-08,R007,ANL10,66.0,7317.9,6,46,Close - Explained Activity,0,Cash Intensive Business,Cash,0,0,2026-04
ALT03248,2026-07-08,R001,ANL08,79.0,12141.15,3,21,Close - False Positive,0,Structuring / Cash Activity,Cash,1,0,2026-07
ALT03249,2026-09-30,R008,ANL03,49.0,97490.61,22,61,Close - False Positive,0,Dormant Account Reactivation,All,1,0,2026-09
ALT03250,2026-03-11,R001,ANL10,63.0,13721.01,10,59,Close - Explained Activity,0,Structuring / Cash Activity,Cash,0,0,2026-03
ALT03251,2026-09-03,R003,ANL04,82.0,17128.67,12,44,Close - False Positive,0,Rapid Movement of Funds,ACH/P2P/Wire,1,0,2026-09
ALT03252,2026-01-01,R001,ANL08,69.0,17109.39,5,20,Close - False Positive,0,Structuring / Cash Activity,Cash,1,0,2026-01
ALT03253,2026-07-23,R006,ANL09,70.0,49276.08,5,41,Close - False Positive,0,P2P Funnel Activity,P2P,1,0,2026-07
ALT03254,2026-08-19,R008,ANL12,22.0,22774.04,20,56,Escalate to Case,0,Dormant Account Reactivation,All,0,1,2026-08
ALT03255,2026-08-20,R001,ANL03,61.0,6878.82,17,37,Close - False Positive,0,Structuring / Cash Activity,Cash,1,0,2026-08
ALT03256,2026-05-16,R002,ANL03,54.0,11391.95,12,39,Close - False Positive,0,High-Risk Jurisdiction Wire,Wire,1,0,2026-05
ALT03257,2026-07-20,R004,ANL09,88.0,7774.98,14,47,Close - False Positive,0,Unusual Volume Increase,All,1,0,2026-07
ALT03258,2026-03-25,R005,ANL11,63.0,18642.6,13,36,Close - Explained Activity,0,High-Value Wire,Wire,0,0,2026-03
ALT03259,2026-06-28,R005,ANL02,61.0,21482.54,6,50,Close - Explained Activity,0,High-Value Wire,Wire,0,0,2026-06
ALT03260,2026-04-04,R001,ANL01,67.0,1298.12,13,36,Close - False Positive,0,Structuring / Cash Activity,Cash,1,0,2026-04
ALT03261,2026-07-07,R004,ANL05,33.0,2801.16,7,22,Close - False Positive,0,Unusual Volume Increase,All,1,0,2026-07
ALT03262,2026-05-18,R002,ANL09,64.0,34195.02,2,61,Escalate to Case,0,High-Risk Jurisdiction Wire,Wire,0,1,2026-05
ALT03263,2026-06-27,R008,ANL03,72.0,12046.41,17,47,Escalate to Case,0,Dormant Account Reactivation,All,0,1,2026-06
ALT03264,2026-08-26,R008,ANL12,29.0,3738.71,10,60,Close - False Positive,0,Dormant Account Reactivation,All,1,0,2026-08
ALT03265,2026-01-25,R008,ANL03,42.0,53162.86,13,37,Escalate to Case,0,Dormant Account Reactivation,All,0,1,2026-01
ALT03266,2026-08-30,R004,ANL01,81.0,20870.34,7,33,Escalate to Case,0,Unusual Volume Increase,All,0,1,2026-08
ALT03267,2026-04-21,R005,ANL09,62.0,18319.27,3,41,Escalate to Case,0,High-Value Wire,Wire,0,1,2026-04
ALT03268,2026-07-30,R005,ANL03,39.0,35841.08,9,45,Close - False Positive,0,High-Value Wire,Wire,1,0,2026-07
ALT03269,2026-08-17,R001,ANL08,53.0,2052.2,5,42,Close - False Positive,0,Structuring / Cash Activity,Cash,1,0,2026-08
ALT03270,2026-09-03,R003,ANL07,38.0,50975.67,10,36,Close - Explained Activity,0,Rapid Movement of Funds,ACH/P2P/Wire,0,0,2026-09
ALT03271,2026-08-07,R008,ANL08,51.0,38980.94,19,28,Escalate to Case,0,Dormant Account Reactivation,All,0,1,2026-08
ALT03272,2026-09-10,R002,ANL05,81.0,14402.89,18,46,Escalate to Case,0,High-Risk Jurisdiction Wire,Wire,0,1,2026-09
ALT03273,2026-03-19,R001,ANL10,92.0,84230.96,11,45,Close - False Positive,0,Structuring / Cash Activity,Cash,1,0,2026-03
ALT03274,2026-03-04,R004,ANL09,51.0,66631.02,5,26,Close - False Positive,0,Unusual Volume Increase,All,1,0,2026-03
ALT03275,2026-01-09,R002,ANL02,61.0,219346.38,16,37,Close - False Positive,0,High-Risk Jurisdiction Wire,Wire,1,0,2026-01
ALT03276,2026-06-29,R006,ANL11,57.0,14001.08,9,56,Close - False Positive,0,P2P Funnel Activity,P2P,1,0,2026-06
ALT03277,2026-07-07,R001,ANL02,12.0,101149.36,7,8,Close - False Positive,0,Structuring / Cash Activity,Cash,1,0,2026-07
ALT03278,2026-01-12,R001,ANL01,55.0,10452.09,17,39,Close - False Positive,0,Structuring / Cash Activity,Cash,1,0,2026-01
ALT03279,2026-03-24,R008,ANL04,36.0,121261.9,2,25,Close - False Positive,0,Dormant Account Reactivation,All,1,0,2026-03
ALT03280,2026-01-09,R006,ANL12,43.0,700933.54,6,48,Escalate to Case,0,P2P Funnel Activity,P2P,0,1,2026-01
ALT03281,2026-09-10,R001,ANL06,33.0,43727.02,5,48,Close - False Positive,0,Structuring / Cash Activity,Cash,1,0,2026-09
ALT03282,2026-09-29,R001,ANL10,54.0,1786.25,12,38,Close - False Positive,0,Structuring / Cash Activity,Cash,1,0,2026-09
ALT03283,2026-05-12,R002,ANL12,39.0,11942.15,18,61,Close - False Positive,0,High-Risk Jurisdiction Wire,Wire,1,0,2026-05
ALT03284,2026-01-05,R001,ANL01,52.0,4887.72,5,45,Escalate to Case,0,Structuring / Cash Activity,Cash,0,1,2026-01
ALT03285,2026-04-15,R007,ANL06,73.0,5978.4,18,32,Escalate to Case,0,Cash Intensive Business,Cash,0,1,2026-04
ALT03286,2026-05-26,R004,ANL10,42.0,20296.58,8,30,Close - False Positive,0,Unusual Volume Increase,All,1,0,2026-05
ALT03287,2026-05-08,R005,ANL11,57.0,16665.17,9,42,Close - False Positive,0,High-Value Wire,Wire,1,0,2026-05
ALT03288,2026-02-24,R002,ANL04,29.0,7903.78,20,52,Close - False Positive,0,High-Risk Jurisdiction Wire,Wire,1,0,2026-02
ALT03289,2026-06-05,R004,ANL07,41.0,21918.92,19,20,Close - False Positive,0,Unusual Volume Increase,All,1,0,2026-06
ALT03290,2026-09-16,R002,ANL02,50.0,124621.28,17,46,Escalate to Case,0,High-Risk Jurisdiction Wire,Wire,0,1,2026-09
ALT03291,2026-08-05,R001,ANL05,92.0,57842.23,8,34,Close - False Positive,0,Structuring / Cash Activity,Cash,1,0,2026-08
ALT03292,2026-08-04,R001,ANL05,48.0,198979.66,1,60,Close - Explained Activity,0,Structuring / Cash Activity,Cash,0,0,2026-08
ALT03293,2026-06-04,R006,ANL08,38.0,2843.08,12,45,Close - False Positive,0,P2P Funnel Activity,P2P,1,0,2026-06
ALT03294,2026-05-04,R004,ANL04,35.0,26228.56,23,65,Escalate to Case,0,Unusual Volume Increase,All,0,1,2026-05
ALT03295,2026-04-03,R006,ANL02,37.0,9016.17,3,48,Close - False Positive,0,P2P Funnel Activity,P2P,1,0,2026-04
ALT03296,2026-03-02,R003,ANL08,57.0,23527.47,16,52,Close - False Positive,0,Rapid Movement of Funds,ACH/P2P/Wire,1,0,2026-03
ALT03297,2026-05-31,R003,ANL07,63.0,14674.03,9,24,Escalate to Case,0,Rapid Movement of Funds,ACH/P2P/Wire,0,1,2026-05
ALT03298,2026-08-02,R002,ANL12,64.0,38166.92,6,30,Close - False Positive,0,High-Risk Jurisdiction Wire,Wire,1,0,2026-08
ALT03299,2026-09-02,R008,ANL08,45.0,22174.32,14,16,Close - False Positive,0,Dormant Account Reactivation,All,1,0,2026-09
ALT03300,2026-05-04,R005,ANL10,59.0,23563.2,23,40,Close - False Positive,0,High-Value Wire,Wire,1,0,2026-05
ALT03301,2026-06-05,R002,ANL11,61.0,6919.62,12,56,Close - False Positive,0,High-Risk Jurisdiction Wire,Wire,1,0,2026-06
ALT03302,2026-08-27,R001,ANL02,56.0,17755.73,15,51,Close - False Positive,0,Structuring / Cash Activity,Cash,1,0,2026-08
ALT03303,2026-02-28,R006,ANL05,50.0,38655.21,20,39,Close - False Positive,0,P2P Funnel Activity,P2P,1,0,2026-02
ALT03304,2026-07-11,R005,ANL05,78.0,5526.8,9,54,Escalate to Case,0,High-Value Wire,Wire,0,1,2026-07
ALT03305,2026-08-09,R006,ANL02,74.0,8145.9,12,24,Close - False Positive,0,P2P Funnel Activity,P2P,1,0,2026-08
ALT03306,2026-02-27,R007,ANL03,34.0,4895.01,10,48,Close - False Positive,0,Cash Intensive Business,Cash,1,0,2026-02
ALT03307,2026-07-14,R006,ANL04,39.0,6564.27,7,57,Close - False Positive,0,P2P Funnel Activity,P2P,1,0,2026-07
ALT03308,2026-09-13,R001,ANL08,90.0,16499.08,15,30,Escalate to Case,0,Structuring / Cash Activity,Cash,0,1,2026-09
ALT03309,2026-03-04,R001,ANL05,37.0,4819.52,17,27,Close - False Positive,0,Structuring / Cash Activity,Cash,1,0,2026-03
ALT03310,2026-01-04,R007,ANL10,41.0,35683.73,8,19,Close - Explained Activity,0,Cash Intensive Business,Cash,0,0,2026-01
ALT03311,2026-08-13,R005,ANL11,59.0,132761.47,9,33,Escalate to Case,1,High-Value Wire,Wire,0,1,2026-08
ALT03312,2026-03-09,R002,ANL09,73.0,14526.99,6,50,Escalate to Case,0,High-Risk Jurisdiction Wire,Wire,0,1,2026-03
ALT03313,2026-04-02,R007,ANL07,54.0,13524.83,11,38,Close - False Positive,0,Cash Intensive Business,Cash,1,0,2026-04
ALT03314,2026-01-13,R001,ANL10,36.0,4269.6,20,53,Escalate to Case,0,Structuring / Cash Activity,Cash,0,1,2026-01
ALT03315,2026-01-04,R002,ANL08,45.0,40382.42,6,29,Close - False Positive,0,High-Risk Jurisdiction Wire,Wire,1,0,2026-01
ALT03316,2026-07-18,R002,ANL12,74.0,19371.28,11,34,Escalate to Case,0,High-Risk Jurisdiction Wire,Wire,0,1,2026-07
ALT03317,2026-04-20,R001,ANL05,77.0,48688.91,5,71,Close - False Positive,0,Structuring / Cash Activity,Cash,1,0,2026-04
ALT03318,2026-04-29,R004,ANL02,56.0,65570.46,7,45,Close - False Positive,0,Unusual Volume Increase,All,1,0,2026-04
ALT03319,2026-03-24,R005,ANL07,40.0,83642.34,9,38,Close - False Positive,0,High-Value Wire,Wire,1,0,2026-03
ALT03320,2026-02-20,R002,ANL08,36.0,23293.87,10,36,Close - False Positive,0,High-Risk Jurisdiction Wire,Wire,1,0,2026-02
ALT03321,2026-01-31,R007,ANL08,46.0,33322.3,5,30,Close - Explained Activity,0,Cash Intensive Business,Cash,0,0,2026-01
ALT03322,2026-01-13,R005,ANL10,59.0,288474.34,8,43,Close - False Positive,0,High-Value Wire,Wire,1,0,2026-01
ALT03323,2026-07-28,R002,ANL06,82.0,24996.56,8,30,Close - False Positive,0,High-Risk Jurisdiction Wire,Wire,1,0,2026-07
ALT03324,2026-01-18,R004,ANL04,47.0,45856.11,12,40,Close - False Positive,0,Unusual Volume Increase,All,1,0,2026-01
ALT03325,2026-02-14,R006,ANL05,62.0,17249.85,8,36,Close - False Positive,0,P2P Funnel Activity,P2P,1,0,2026-02
ALT03326,2026-02-03,R001,ANL04,62.0,653079.55,8,37,Close - Explained Activity,0,Structuring / Cash Activity,Cash,0,0,2026-02
ALT03327,2026-03-18,R007,ANL11,73.0,34089.86,11,34,Escalate to Case,0,Cash Intensive Business,Cash,0,1,2026-03
ALT03328,2026-03-27,R004,ANL06,87.0,33691.87,6,37,Close - False Positive,0,Unusual Volume Increase,All,1,0,2026-03
ALT03329,2026-06-18,R006,ANL01,44.0,34677.34,15,47,Escalate to Case,0,P2P Funnel Activity,P2P,0,1,2026-06
ALT03330,2026-07-28,R007,ANL08,73.0,5850.94,16,24,Escalate to Case,0,Cash Intensive Business,Cash,0,1,2026-07
ALT03331,2026-04-13,R004,ANL11,84.0,23235.17,1,27,Close - False Positive,0,Unusual Volume Increase,All,1,0,2026-04
ALT03332,2026-06-12,R005,ANL10,77.0,74606.31,12,40,Close - Explained Activity,0,High-Value Wire,Wire,0,0,2026-06
ALT03333,2026-06-03,R006,ANL05,83.0,30059.33,4,49,Close - False Positive,0,P2P Funnel Activity,P2P,1,0,2026-06
ALT03334,2026-03-28,R003,ANL04,47.0,53938.44,13,38,Close - False Positive,0,Rapid Movement of Funds,ACH/P2P/Wire,1,0,2026-03
ALT03335,2026-03-23,R007,ANL01,82.0,23907.28,6,25,Escalate to Case,1,Cash Intensive Business,Cash,0,1,2026-03
ALT03336,2026-02-16,R008,ANL08,84.0,14767.62,18,32,Close - False Positive,0,Dormant Account Reactivation,All,1,0,2026-02
ALT03337,2026-01-25,R004,ANL06,59.0,13558.12,9,40,Close - Explained Activity,0,Unusual Volume Increase,All,0,0,2026-01
ALT03338,2026-06-01,R001,ANL10,70.0,46379.37,14,50,Close - False Positive,0,Structuring / Cash Activity,Cash,1,0,2026-06
ALT03339,2026-09-29,R002,ANL03,73.0,17871.41,6,44,Close - Explained Activity,0,High-Risk Jurisdiction Wire,Wire,0,0,2026-09
ALT03340,2026-09-10,R007,ANL10,65.0,44551.29,23,47,Close - False Positive,0,Cash Intensive Business,Cash,1,0,2026-09
ALT03341,2026-02-20,R005,ANL04,51.0,59901.4,7,36,Close - Explained Activity,0,High-Value Wire,Wire,0,0,2026-02
ALT03342,2026-07-16,R005,ANL09,71.0,130665.95,11,46,Escalate to Case,0,High-Value Wire,Wire,0,1,2026-07
ALT03343,2026-08-27,R006,ANL05,40.0,95474.36,5,44,Close - Explained Activity,0,P2P Funnel Activity,P2P,0,0,2026-08
ALT03344,2026-04-22,R005,ANL12,29.0,2789.16,2,54,Escalate to Case,0,High-Value Wire,Wire,0,1,2026-04
ALT03345,2026-01-01,R002,ANL12,57.0,15374.9,2,36,Close - Explained Activity,0,High-Risk Jurisdiction Wire,Wire,0,0,2026-01
ALT03346,2026-03-08,R005,ANL04,75.0,209915.76,3,26,Close - False Positive,0,High-Value Wire,Wire,1,0,2026-03
ALT03347,2026-08-12,R006,ANL07,70.0,14262.7,5,68,Close - False Positive,0,P2P Funnel Activity,P2P,1,0,2026-08
ALT03348,2026-01-22,R005,ANL07,26.0,102588.64,9,33,Escalate to Case,0,High-Value Wire,Wire,0,1,2026-01
ALT03349,2026-01-14,R005,ANL11,55.0,17387.6,9,35,Escalate to Case,1,High-Value Wire,Wire,0,1,2026-01
ALT03350,2026-01-15,R007,ANL02,49.0,27927.09,10,20,Close - False Positive,0,Cash Intensive Business,Cash,1,0,2026-01
ALT03351,2026-06-23,R001,ANL07,48.0,10728.0,8,34,Close - False Positive,0,Structuring / Cash Activity,Cash,1,0,2026-06
ALT03352,2026-07-11,R004,ANL02,72.0,20620.55,4,41,Close - False Positive,0,Unusual Volume Increase,All,1,0,2026-07
ALT03353,2026-09-06,R007,ANL01,41.0,2492.82,10,31,Close - Explained Activity,0,Cash Intensive Business,Cash,0,0,2026-09
ALT03354,2026-06-29,R001,ANL07,22.0,2574.54,16,48,Close - False Positive,0,Structuring / Cash Activity,Cash,1,0,2026-06
ALT03355,2026-05-15,R004,ANL07,72.0,56172.86,10,25,Close - Explained Activity,0,Unusual Volume Increase,All,0,0,2026-05
ALT03356,2026-03-30,R003,ANL06,64.0,17837.37,3,24,Close - False Positive,0,Rapid Movement of Funds,ACH/P2P/Wire,1,0,2026-03
ALT03357,2026-08-09,R004,ANL03,60.0,76372.64,6,47,Close - False Positive,0,Unusual Volume Increase,All,1,0,2026-08
ALT03358,2026-06-15,R005,ANL02,84.0,138507.87,11,37,Close - Explained Activity,0,High-Value Wire,Wire,0,0,2026-06
ALT03359,2026-09-30,R007,ANL07,45.0,30886.85,9,49,Close - False Positive,0,Cash Intensive Business,Cash,1,0,2026-09
ALT03360,2026-05-24,R005,ANL12,40.0,20610.72,1,36,Close - False Positive,0,High-Value Wire,Wire,1,0,2026-05
ALT03361,2026-09-16,R001,ANL12,72.0,112264.94,6,41,Escalate to Case,0,Structuring / Cash Activity,Cash,0,1,2026-09
ALT03362,2026-04-18,R001,ANL07,59.0,17154.98,12,50,Close - Explained Activity,0,Structuring / Cash Activity,Cash,0,0,2026-04
ALT03363,2026-09-22,R004,ANL01,61.0,114331.0,9,49,Close - False Positive,0,Unusual Volume Increase,All,1,0,2026-09
ALT03364,2026-08-26,R002,ANL12,49.0,25263.67,5,44,Close - False Positive,0,High-Risk Jurisdiction Wire,Wire,1,0,2026-08
ALT03365,2026-05-29,R003,ANL11,46.0,71407.2,7,28,Close - False Positive,0,Rapid Movement of Funds,ACH/P2P/Wire,1,0,2026-05
ALT03366,2026-04-04,R002,ANL10,54.0,22606.6,10,23,Close - Explained Activity,0,High-Risk Jurisdiction Wire,Wire,0,0,2026-04
ALT03367,2026-09-12,R004,ANL03,70.0,6705.96,6,62,Close - Explained Activity,0,Unusual Volume Increase,All,0,0,2026-09
ALT03368,2026-05-14,R003,ANL09,54.0,85045.72,8,36,Close - False Positive,0,Rapid Movement of Funds,ACH/P2P/Wire,1,0,2026-05
ALT03369,2026-09-18,R007,ANL01,23.0,7940.87,12,35,Close - Explained Activity,0,Cash Intensive Business,Cash,0,0,2026-09
ALT03370,2026-08-19,R004,ANL09,89.0,31770.31,11,48,Close - False Positive,0,Unusual Volume Increase,All,1,0,2026-08
ALT03371,2026-08-22,R003,ANL05,54.0,728220.33,4,44,Escalate to Case,0,Rapid Movement of Funds,ACH/P2P/Wire,0,1,2026-08
ALT03372,2026-03-10,R002,ANL12,85.0,6323.93,4,60,Close - False Positive,0,High-Risk Jurisdiction Wire,Wire,1,0,2026-03
ALT03373,2026-03-13,R007,ANL08,44.0,24149.77,6,26,Close - Explained Activity,0,Cash Intensive Business,Cash,0,0,2026-03
ALT03374,2026-05-21,R005,ANL07,85.0,30971.24,5,21,Escalate to Case,0,High-Value Wire,Wire,0,1,2026-05
ALT03375,2026-05-26,R004,ANL04,54.0,18114.62,12,33,Escalate to Case,0,Unusual Volume Increase,All,0,1,2026-05
ALT03376,2026-09-20,R004,ANL09,74.0,3968.56,4,37,Close - False Positive,0,Unusual Volume Increase,All,1,0,2026-09
ALT03377,2026-07-19,R003,ANL05,62.0,190009.52,16,32,Escalate to Case,0,Rapid Movement of Funds,ACH/P2P/Wire,0,1,2026-07
ALT03378,2026-07-31,R003,ANL11,35.0,1231.48,5,47,Close - Explained Activity,0,Rapid Movement of Funds,ACH/P2P/Wire,0,0,2026-07
ALT03379,2026-05-09,R003,ANL01,57.0,259481.29,17,12,Close - False Positive,0,Rapid Movement of Funds,ACH/P2P/Wire,1,0,2026-05
ALT03380,2026-03-10,R003,ANL11,45.0,43270.76,4,30,Escalate to Case,0,Rapid Movement of Funds,ACH/P2P/Wire,0,1,2026-03
ALT03381,2026-04-04,R002,ANL07,50.0,96464.49,6,8,Close - False Positive,0,High-Risk Jurisdiction Wire,Wire,1,0,2026-04
ALT03382,2026-07-19,R003,ANL01,33.0,82401.15,15,42,Escalate to Case,0,Rapid Movement of Funds,ACH/P2P/Wire,0,1,2026-07
ALT03383,2026-07-09,R007,ANL08,51.0,6753.28,9,49,Close - False Positive,0,Cash Intensive Business,Cash,1,0,2026-07
ALT03384,2026-05-08,R007,ANL06,58.0,15070.85,18,36,Close - False Positive,0,Cash Intensive Business,Cash,1,0,2026-05
ALT03385,2026-04-26,R006,ANL11,46.0,41815.9,5,28,Close - False Positive,0,P2P Funnel Activity,P2P,1,0,2026-04
ALT03386,2026-05-11,R001,ANL01,53.0,205277.47,10,35,Escalate to Case,1,Structuring / Cash Activity,Cash,0,1,2026-05
ALT03387,2026-08-05,R004,ANL02,65.0,32366.34,5,47,Escalate to Case,0,Unusual Volume Increase,All,0,1,2026-08
ALT03388,2026-07-05,R004,ANL10,49.0,106895.24,7,36,Close - Explained Activity,0,Unusual Volume Increase,All,0,0,2026-07
ALT03389,2026-03-08,R002,ANL08,53.0,12513.58,9,58,Close - False Positive,0,High-Risk Jurisdiction Wire,Wire,1,0,2026-03
ALT03390,2026-01-17,R007,ANL06,23.0,41820.17,4,35,Close - Explained Activity,0,Cash Intensive Business,Cash,0,0,2026-01
ALT03391,2026-07-03,R006,ANL09,45.0,42076.79,12,21,Close - False Positive,0,P2P Funnel Activity,P2P,1,0,2026-07
ALT03392,2026-08-12,R007,ANL10,36.0,12265.94,21,17,Close - False Positive,0,Cash Intensive Business,Cash,1,0,2026-08
ALT03393,2026-02-21,R003,ANL08,55.0,5424.51,1,35,Close - False Positive,0,Rapid Movement of Funds,ACH/P2P/Wire,1,0,2026-02
ALT03394,2026-03-19,R002,ANL04,60.0,53586.47,10,41,Escalate to Case,0,High-Risk Jurisdiction Wire,Wire,0,1,2026-03
ALT03395,2026-09-15,R004,ANL07,73.0,2164.78,6,47,Escalate to Case,0,Unusual Volume Increase,All,0,1,2026-09
ALT03396,2026-03-07,R001,ANL07,20.0,4576.51,3,48,Close - False Positive,0,Structuring / Cash Activity,Cash,1,0,2026-03
ALT03397,2026-01-31,R001,ANL11,61.0,11258.85,15,18,Close - False Positive,0,Structuring / Cash Activity,Cash,1,0,2026-01
ALT03398,2026-03-19,R001,ANL10,41.0,10203.21,13,40,Close - False Positive,0,Structuring / Cash Activity,Cash,1,0,2026-03
ALT03399,2026-08-02,R004,ANL03,64.0,12667.32,2,49,Close - False Positive,0,Unusual Volume Increase,All,1,0,2026-08
ALT03400,2026-09-17,R001,ANL08,74.0,4075.64,11,18,Close - False Positive,0,Structuring / Cash Activity,Cash,1,0,2026-09
ALT03401,2026-01-20,R006,ANL07,67.0,99456.45,12,29,Close - False Positive,0,P2P Funnel Activity,P2P,1,0,2026-01
ALT03402,2026-09-08,R007,ANL05,54.0,33904.56,8,23,Escalate to Case,0,Cash Intensive Business,Cash,0,1,2026-09
ALT03403,2026-06-21,R008,ANL01,40.0,12954.47,13,65,Close - False Positive,0,Dormant Account Reactivation,All,1,0,2026-06
ALT03404,2026-02-07,R005,ANL12,52.0,4178.51,2,36,Escalate to Case,0,High-Value Wire,Wire,0,1,2026-02
ALT03405,2026-06-02,R005,ANL07,55.0,86015.97,9,48,Close - False Positive,0,High-Value Wire,Wire,1,0,2026-06
ALT03406,2026-05-04,R004,ANL09,39.0,9270.4,17,20,Close - False Positive,0,Unusual Volume Increase,All,1,0,2026-05
ALT03407,2026-07-22,R002,ANL05,42.0,66044.63,4,45,Close - False Positive,0,High-Risk Jurisdiction Wire,Wire,1,0,2026-07
ALT03408,2026-08-27,R003,ANL07,100.0,48672.16,14,52,Close - False Positive,0,Rapid Movement of Funds,ACH/P2P/Wire,1,0,2026-08
ALT03409,2026-06-02,R002,ANL09,23.0,27856.73,4,43,Close - False Positive,0,High-Risk Jurisdiction Wire,Wire,1,0,2026-06
ALT03410,2026-02-25,R004,ANL03,70.0,2585.03,22,29,Close - False Positive,0,Unusual Volume Increase,All,1,0,2026-02
ALT03411,2026-03-02,R006,ANL07,42.0,28533.1,15,14,Close - Explained Activity,0,P2P Funnel Activity,P2P,0,0,2026-03
ALT03412,2026-05-24,R002,ANL04,71.0,15281.41,3,35,Escalate to Case,1,High-Risk Jurisdiction Wire,Wire,0,1,2026-05
ALT03413,2026-06-08,R003,ANL08,43.0,5781.24,10,8,Close - False Positive,0,Rapid Movement of Funds,ACH/P2P/Wire,1,0,2026-06
ALT03414,2026-09-20,R007,ANL02,58.0,2459.63,16,72,Close - False Positive,0,Cash Intensive Business,Cash,1,0,2026-09
ALT03415,2026-01-12,R008,ANL01,76.0,10274.87,10,27,Close - False Positive,0,Dormant Account Reactivation,All,1,0,2026-01
ALT03416,2026-02-13,R005,ANL02,90.0,20416.83,3,50,Close - Explained Activity,0,High-Value Wire,Wire,0,0,2026-02
ALT03417,2026-04-03,R003,ANL08,39.0,95135.5,29,69,Escalate to Case,0,Rapid Movement of Funds,ACH/P2P/Wire,0,1,2026-04
ALT03418,2026-09-21,R003,ANL01,63.0,14505.69,18,38,Close - Explained Activity,0,Rapid Movement of Funds,ACH/P2P/Wire,0,0,2026-09
ALT03419,2026-04-13,R005,ANL12,32.0,36772.09,5,10,Close - Explained Activity,0,High-Value Wire,Wire,0,0,2026-04
ALT03420,2026-08-30,R001,ANL03,92.0,30373.9,9,57,Close - Explained Activity,0,Structuring / Cash Activity,Cash,0,0,2026-08
ALT03421,2026-01-22,R003,ANL07,68.0,8556.71,16,57,Close - False Positive,0,Rapid Movement of Funds,ACH/P2P/Wire,1,0,2026-01
ALT03422,2026-05-30,R004,ANL04,43.0,11628.92,15,18,Close - False Positive,0,Unusual Volume Increase,All,1,0,2026-05
ALT03423,2026-05-25,R001,ANL03,37.0,107736.32,5,35,Close - False Positive,0,Structuring / Cash Activity,Cash,1,0,2026-05
ALT03424,2026-04-07,R004,ANL02,78.0,24638.45,5,44,Escalate to Case,0,Unusual Volume Increase,All,0,1,2026-04
ALT03425,2026-09-05,R004,ANL06,40.0,33465.27,4,32,Close - False Positive,0,Unusual Volume Increase,All,1,0,2026-09
ALT03426,2026-02-27,R006,ANL11,32.0,3022.82,1,68,Close - False Positive,0,P2P Funnel Activity,P2P,1,0,2026-02
ALT03427,2026-07-15,R006,ANL06,81.0,51362.53,2,57,Close - False Positive,0,P2P Funnel Activity,P2P,1,0,2026-07
ALT03428,2026-03-29,R001,ANL09,48.0,6000.98,9,40,Close - False Positive,0,Structuring / Cash Activity,Cash,1,0,2026-03
ALT03429,2026-08-15,R003,ANL04,24.0,41612.85,7,48,Close - False Positive,0,Rapid Movement of Funds,ACH/P2P/Wire,1,0,2026-08
ALT03430,2026-03-07,R001,ANL07,46.0,8600.59,5,29,Close - False Positive,0,Structuring / Cash Activity,Cash,1,0,2026-03
ALT03431,2026-06-12,R001,ANL03,24.0,8837.35,7,39,Close - False Positive,0,Structuring / Cash Activity,Cash,1,0,2026-06
ALT03432,2026-07-04,R001,ANL01,61.0,34398.5,6,59,Close - False Positive,0,Structuring / Cash Activity,Cash,1,0,2026-07
ALT03433,2026-07-24,R005,ANL01,43.0,28067.19,6,56,Escalate to Case,0,High-Value Wire,Wire,0,1,2026-07
ALT03434,2026-06-13,R008,ANL07,91.0,5537.18,8,52,Close - Explained Activity,0,Dormant Account Reactivation,All,0,0,2026-06
ALT03435,2026-06-30,R003,ANL07,26.0,48282.86,4,36,Escalate to Case,0,Rapid Movement of Funds,ACH/P2P/Wire,0,1,2026-06
ALT03436,2026-02-24,R004,ANL09,70.0,38070.52,9,48,Escalate to Case,0,Unusual Volume Increase,All,0,1,2026-02
ALT03437,2026-01-10,R003,ANL01,44.0,14434.67,9,26,Close - False Positive,0,Rapid Movement of Funds,ACH/P2P/Wire,1,0,2026-01
ALT03438,2026-02-01,R001,ANL12,43.0,13486.59,6,29,Close - False Positive,0,Structuring / Cash Activity,Cash,1,0,2026-02
ALT03439,2026-06-28,R006,ANL09,29.0,31115.76,7,52,Close - False Positive,0,P2P Funnel Activity,P2P,1,0,2026-06
ALT03440,2026-01-26,R003,ANL01,75.0,4769.71,3,23,Escalate to Case,0,Rapid Movement of Funds,ACH/P2P/Wire,0,1,2026-01
ALT03441,2026-01-28,R006,ANL09,31.0,13672.61,3,55,Close - False Positive,0,P2P Funnel Activity,P2P,1,0,2026-01
ALT03442,2026-07-01,R005,ANL05,60.0,42841.46,9,19,Close - False Positive,0,High-Value Wire,Wire,1,0,2026-07
ALT03443,2026-02-20,R004,ANL06,86.0,52620.88,2,65,Escalate to Case,0,Unusual Volume Increase,All,0,1,2026-02
ALT03444,2026-05-27,R003,ANL07,71.0,9331.12,26,37,Close - False Positive,0,Rapid Movement of Funds,ACH/P2P/Wire,1,0,2026-05
ALT03445,2026-01-31,R004,ANL10,72.0,16667.12,14,19,Escalate to Case,0,Unusual Volume Increase,All,0,1,2026-01
ALT03446,2026-03-12,R001,ANL02,51.0,7850.37,11,45,Close - False Positive,0,Structuring / Cash Activity,Cash,1,0,2026-03
ALT03447,2026-06-01,R008,ANL03,52.0,85871.87,8,34,Close - False Positive,0,Dormant Account Reactivation,All,1,0,2026-06
ALT03448,2026-03-27,R002,ANL03,53.0,5388.08,4,36,Close - False Positive,0,High-Risk Jurisdiction Wire,Wire,1,0,2026-03
ALT03449,2026-07-27,R001,ANL10,86.0,38792.16,5,58,Close - False Positive,0,Structuring / Cash Activity,Cash,1,0,2026-07
ALT03450,2026-08-19,R003,ANL03,29.0,14461.91,33,40,Close - False Positive,0,Rapid Movement of Funds,ACH/P2P/Wire,1,0,2026-08
ALT03451,2026-06-27,R007,ANL07,39.0,28032.73,6,15,Close - False Positive,0,Cash Intensive Business,Cash,1,0,2026-06
ALT03452,2026-05-02,R004,ANL05,56.0,25923.55,4,33,Escalate to Case,1,Unusual Volume Increase,All,0,1,2026-05
ALT03453,2026-07-14,R002,ANL11,62.0,55900.5,9,60,Close - False Positive,0,High-Risk Jurisdiction Wire,Wire,1,0,2026-07
ALT03454,2026-06-17,R004,ANL11,29.0,32803.79,6,23,Close - False Positive,0,Unusual Volume Increase,All,1,0,2026-06
ALT03455,2026-02-24,R007,ANL12,76.0,4607.9,4,37,Escalate to Case,0,Cash Intensive Business,Cash,0,1,2026-02
ALT03456,2026-02-08,R004,ANL06,68.0,6383.54,2,46,Close - Explained Activity,0,Unusual Volume Increase,All,0,0,2026-02
ALT03457,2026-03-03,R003,ANL12,51.0,5804.32,16,39,Close - Explained Activity,0,Rapid Movement of Funds,ACH/P2P/Wire,0,0,2026-03
ALT03458,2026-07-24,R001,ANL05,73.0,2420.88,14,71,Close - False Positive,0,Structuring / Cash Activity,Cash,1,0,2026-07
ALT03459,2026-06-19,R006,ANL10,59.0,4087.12,2,24,Close - False Positive,0,P2P Funnel Activity,P2P,1,0,2026-06
ALT03460,2026-07-15,R001,ANL01,36.0,583795.97,7,40,Close - False Positive,0,Structuring / Cash Activity,Cash,1,0,2026-07
ALT03461,2026-01-07,R001,ANL02,63.0,17069.34,5,27,Escalate to Case,0,Structuring / Cash Activity,Cash,0,1,2026-01
ALT03462,2026-05-05,R001,ANL10,98.0,75145.5,9,26,Escalate to Case,0,Structuring / Cash Activity,Cash,0,1,2026-05
ALT03463,2026-07-07,R004,ANL04,54.0,20686.11,11,43,Close - False Positive,0,Unusual Volume Increase,All,1,0,2026-07
ALT03464,2026-01-18,R004,ANL01,78.0,26851.24,10,55,Close - False Positive,0,Unusual Volume Increase,All,1,0,2026-01
ALT03465,2026-07-15,R006,ANL09,64.0,2769.1,27,48,Escalate to Case,0,P2P Funnel Activity,P2P,0,1,2026-07
ALT03466,2026-06-10,R004,ANL08,35.0,7429.41,15,51,Close - False Positive,0,Unusual Volume Increase,All,1,0,2026-06
ALT03467,2026-09-16,R001,ANL02,62.0,22754.34,7,40,Escalate to Case,0,Structuring / Cash Activity,Cash,0,1,2026-09
ALT03468,2026-04-23,R004,ANL09,54.0,11162.13,5,35,Close - Explained Activity,0,Unusual Volume Increase,All,0,0,2026-04
ALT03469,2026-02-24,R002,ANL12,47.0,6256.53,10,48,Escalate to Case,0,High-Risk Jurisdiction Wire,Wire,0,1,2026-02
ALT03470,2026-05-15,R004,ANL04,42.0,18728.98,1,26,Escalate to Case,0,Unusual Volume Increase,All,0,1,2026-05
ALT03471,2026-05-06,R001,ANL10,57.0,53967.99,2,42,Close - False Positive,0,Structuring / Cash Activity,Cash,1,0,2026-05
ALT03472,2026-04-09,R003,ANL02,85.0,3807.31,19,29,Close - False Positive,0,Rapid Movement of Funds,ACH/P2P/Wire,1,0,2026-04
ALT03473,2026-06-09,R002,ANL05,85.0,29383.05,13,31,Close - Explained Activity,0,High-Risk Jurisdiction Wire,Wire,0,0,2026-06
ALT03474,2026-06-16,R007,ANL11,76.0,6792.34,12,21,Close - False Positive,0,Cash Intensive Business,Cash,1,0,2026-06
ALT03475,2026-03-22,R003,ANL08,48.0,15454.45,10,64,Close - False Positive,0,Rapid Movement of Funds,ACH/P2P/Wire,1,0,2026-03
ALT03476,2026-09-16,R003,ANL01,53.0,50945.22,26,44,Close - False Positive,0,Rapid Movement of Funds,ACH/P2P/Wire,1,0,2026-09
ALT03477,2026-03-08,R004,ANL03,86.0,165753.33,10,32,Escalate to Case,0,Unusual Volume Increase,All,0,1,2026-03
ALT03478,2026-08-09,R002,ANL05,41.0,56145.29,2,25,Escalate to Case,0,High-Risk Jurisdiction Wire,Wire,0,1,2026-08
ALT03479,2026-04-10,R006,ANL08,55.0,74352.98,22,26,Close - False Positive,0,P2P Funnel Activity,P2P,1,0,2026-04
ALT03480,2026-02-05,R007,ANL06,45.0,280677.01,13,35,Close - False Positive,0,Cash Intensive Business,Cash,1,0,2026-02
ALT03481,2026-03-11,R004,ANL05,97.0,437165.4,11,45,Close - Explained Activity,0,Unusual Volume Increase,All,0,0,2026-03
ALT03482,2026-02-21,R002,ANL11,65.0,4644.67,9,40,Close - False Positive,0,High-Risk Jurisdiction Wire,Wire,1,0,2026-02
ALT03483,2026-04-13,R007,ANL01,47.0,130695.98,5,31,Close - False Positive,0,Cash Intensive Business,Cash,1,0,2026-04
ALT03484,2026-09-06,R007,ANL01,71.0,5999.65,11,16,Close - False Positive,0,Cash Intensive Business,Cash,1,0,2026-09
ALT03485,2026-06-15,R005,ANL10,26.0,6894.17,15,51,Escalate to Case,0,High-Value Wire,Wire,0,1,2026-06
ALT03486,2026-09-26,R004,ANL08,61.0,27351.51,17,35,Close - False Positive,0,Unusual Volume Increase,All,1,0,2026-09
ALT03487,2026-01-31,R001,ANL09,75.0,19467.9,6,77,Escalate to Case,0,Structuring / Cash Activity,Cash,0,1,2026-01
ALT03488,2026-02-06,R005,ANL07,32.0,42408.05,5,35,Close - Explained Activity,0,High-Value Wire,Wire,0,0,2026-02
ALT03489,2026-03-29,R001,ANL01,44.0,1480.57,6,49,Close - False Positive,0,Structuring / Cash Activity,Cash,1,0,2026-03
ALT03490,2026-09-01,R008,ANL07,71.0,12563.38,8,39,Close - False Positive,0,Dormant Account Reactivation,All,1,0,2026-09
ALT03491,2026-06-17,R002,ANL04,56.0,24558.24,7,23,Close - False Positive,0,High-Risk Jurisdiction Wire,Wire,1,0,2026-06
ALT03492,2026-05-11,R001,ANL03,44.0,24688.78,5,41,Close - Explained Activity,0,Structuring / Cash Activity,Cash,0,0,2026-05
ALT03493,2026-07-23,R002,ANL02,48.0,90069.06,8,32,Close - False Positive,0,High-Risk Jurisdiction Wire,Wire,1,0,2026-07
ALT03494,2026-06-20,R004,ANL01,34.0,20155.24,5,21,Close - False Positive,0,Unusual Volume Increase,All,1,0,2026-06
ALT03495,2026-04-11,R004,ANL07,54.0,2889.88,5,54,Close - False Positive,0,Unusual Volume Increase,All,1,0,2026-04
ALT03496,2026-01-01,R007,ANL03,71.0,19625.58,4,9,Close - False Positive,0,Cash Intensive Business,Cash,1,0,2026-01
ALT03497,2026-09-26,R001,ANL08,64.0,82302.79,10,49,Escalate to Case,0,Structuring / Cash Activity,Cash,0,1,2026-09
ALT03498,2026-03-03,R002,ANL06,51.0,38788.27,3,37,Escalate to Case,0,High-Risk Jurisdiction Wire,Wire,0,1,2026-03
ALT03499,2026-03-30,R001,ANL11,51.0,1330.91,4,42,Close - False Positive,0,Structuring / Cash Activity,Cash,1,0,2026-03
ALT03500,2026-08-21,R002,ANL07,56.0,145893.33,1,38,Escalate to Case,0,High-Risk Jurisdiction Wire,Wire,0,1,2026-08
ALT03501,2026-09-22,R005,ANL01,48.0,51792.41,5,35,Close - Explained Activity,0,High-Value Wire,Wire,0,0,2026-09
ALT03502,2026-05-23,R002,ANL06,54.0,6542.91,13,55,Escalate to Case,0,High-Risk Jurisdiction Wire,Wire,0,1,2026-05
ALT03503,2026-06-14,R002,ANL12,61.0,2624.23,8,37,Escalate to Case,0,High-Risk Jurisdiction Wire,Wire,0,1,2026-06
ALT03504,2026-05-20,R003,ANL05,56.0,19364.27,8,19,Close - False Positive,0,Rapid Movement of Funds,ACH/P2P/Wire,1,0,2026-05
ALT03505,2026-04-29,R002,ANL05,52.0,32262.99,5,51,Close - False Positive,0,High-Risk Jurisdiction Wire,Wire,1,0,2026-04
ALT03506,2026-04-17,R002,ANL08,60.0,25907.31,5,38,Close - False Positive,0,High-Risk Jurisdiction Wire,Wire,1,0,2026-04
ALT03507,2026-08-13,R004,ANL05,44.0,45395.54,17,8,Close - False Positive,0,Unusual Volume Increase,All,1,0,2026-08
ALT03508,2026-09-10,R001,ANL04,60.0,5604.79,5,39,Close - False Positive,0,Structuring / Cash Activity,Cash,1,0,2026-09
ALT03509,2026-06-13,R001,ANL01,56.0,130940.02,16,54,Escalate to Case,0,Structuring / Cash Activity,Cash,0,1,2026-06
ALT03510,2026-01-25,R004,ANL02,65.0,71735.87,11,25,Close - Explained Activity,0,Unusual Volume Increase,All,0,0,2026-01
ALT03511,2026-05-18,R003,ANL12,60.0,45008.6,4,11,Escalate to Case,0,Rapid Movement of Funds,ACH/P2P/Wire,0,1,2026-05
ALT03512,2026-07-13,R006,ANL12,34.0,95994.79,3,16,Close - False Positive,0,P2P Funnel Activity,P2P,1,0,2026-07
ALT03513,2026-04-22,R002,ANL07,77.0,8114.27,2,36,Escalate to Case,0,High-Risk Jurisdiction Wire,Wire,0,1,2026-04
ALT03514,2026-07-22,R003,ANL05,71.0,26543.21,11,20,Escalate to Case,0,Rapid Movement of Funds,ACH/P2P/Wire,0,1,2026-07
ALT03515,2026-03-19,R007,ANL04,69.0,10370.92,13,58,Close - False Positive,0,Cash Intensive Business,Cash,1,0,2026-03
ALT03516,2026-05-16,R002,ANL08,61.0,4547.78,12,29,Close - Explained Activity,0,High-Risk Jurisdiction Wire,Wire,0,0,2026-05
ALT03517,2026-01-26,R004,ANL09,49.0,56097.0,1,38,Close - False Positive,0,Unusual Volume Increase,All,1,0,2026-01
ALT03518,2026-05-25,R001,ANL09,97.0,14896.64,6,50,Escalate to Case,0,Structuring / Cash Activity,Cash,0,1,2026-05
ALT03519,2026-04-19,R008,ANL05,64.0,7593.46,12,31,Close - False Positive,0,Dormant Account Reactivation,All,1,0,2026-04
ALT03520,2026-05-30,R007,ANL09,77.0,233751.77,2,51,Close - Explained Activity,0,Cash Intensive Business,Cash,0,0,2026-05
ALT03521,2026-05-17,R002,ANL08,60.0,42431.12,8,50,Escalate to Case,0,High-Risk Jurisdiction Wire,Wire,0,1,2026-05
ALT03522,2026-09-22,R001,ANL09,47.0,13806.49,6,52,Close - False Positive,0,Structuring / Cash Activity,Cash,1,0,2026-09
ALT03523,2026-04-10,R002,ANL05,52.0,13663.32,17,25,Escalate to Case,1,High-Risk Jurisdiction Wire,Wire,0,1,2026-04
ALT03524,2026-08-12,R006,ANL09,86.0,5971.19,12,39,Escalate to Case,0,P2P Funnel Activity,P2P,0,1,2026-08
ALT03525,2026-03-02,R002,ANL08,74.0,26108.28,18,54,Close - False Positive,0,High-Risk Jurisdiction Wire,Wire,1,0,2026-03
ALT03526,2026-02-21,R007,ANL06,65.0,22615.29,3,41,Close - Explained Activity,0,Cash Intensive Business,Cash,0,0,2026-02
ALT03527,2026-04-05,R001,ANL09,86.0,35196.96,4,34,Escalate to Case,0,Structuring / Cash Activity,Cash,0,1,2026-04
ALT03528,2026-01-08,R004,ANL08,95.0,58504.21,14,23,Close - False Positive,0,Unusual Volume Increase,All,1,0,2026-01
ALT03529,2026-03-16,R001,ANL11,52.0,15769.75,9,27,Escalate to Case,0,Structuring / Cash Activity,Cash,0,1,2026-03
ALT03530,2026-06-02,R005,ANL02,64.0,3446.82,12,72,Close - Explained Activity,0,High-Value Wire,Wire,0,0,2026-06
ALT03531,2026-07-02,R007,ANL11,76.0,100758.67,12,24,Close - Explained Activity,0,Cash Intensive Business,Cash,0,0,2026-07
ALT03532,2026-09-17,R001,ANL02,81.0,49198.8,8,16,Close - False Positive,0,Structuring / Cash Activity,Cash,1,0,2026-09
ALT03533,2026-09-09,R002,ANL04,63.0,14336.33,1,36,Escalate to Case,0,High-Risk Jurisdiction Wire,Wire,0,1,2026-09
ALT03534,2026-06-11,R004,ANL09,38.0,58619.57,13,22,Escalate to Case,0,Unusual Volume Increase,All,0,1,2026-06
ALT03535,2026-09-26,R001,ANL04,63.0,39999.62,10,14,Close - False Positive,0,Structuring / Cash Activity,Cash,1,0,2026-09
ALT03536,2026-05-05,R002,ANL12,51.0,67131.71,4,41,Escalate to Case,0,High-Risk Jurisdiction Wire,Wire,0,1,2026-05
ALT03537,2026-06-15,R007,ANL09,57.0,438.24,13,25,Close - False Positive,0,Cash Intensive Business,Cash,1,0,2026-06
ALT03538,2026-09-21,R004,ANL11,38.0,37908.25,2,11,Close - False Positive,0,Unusual Volume Increase,All,1,0,2026-09
ALT03539,2026-01-14,R005,ANL02,69.0,2307.46,15,8,Close - False Positive,0,High-Value Wire,Wire,1,0,2026-01
ALT03540,2026-02-15,R001,ANL10,79.0,43239.94,21,43,Close - False Positive,0,Structuring / Cash Activity,Cash,1,0,2026-02
ALT03541,2026-03-02,R004,ANL10,55.0,80041.95,8,30,Close - False Positive,0,Unusual Volume Increase,All,1,0,2026-03
ALT03542,2026-04-20,R004,ANL07,79.0,8312.91,8,57,Escalate to Case,0,Unusual Volume Increase,All,0,1,2026-04
ALT03543,2026-05-17,R007,ANL07,60.0,2718.46,8,28,Escalate to Case,0,Cash Intensive Business,Cash,0,1,2026-05
ALT03544,2026-04-16,R008,ANL07,71.0,33041.5,3,31,Close - Explained Activity,0,Dormant Account Reactivation,All,0,0,2026-04
ALT03545,2026-08-07,R003,ANL06,92.0,118325.87,6,66,Close - False Positive,0,Rapid Movement of Funds,ACH/P2P/Wire,1,0,2026-08
ALT03546,2026-06-06,R006,ANL03,52.0,303634.61,19,42,Escalate to Case,0,P2P Funnel Activity,P2P,0,1,2026-06
ALT03547,2026-09-11,R005,ANL04,62.0,31149.28,9,40,Close - Explained Activity,0,High-Value Wire,Wire,0,0,2026-09
ALT03548,2026-04-17,R005,ANL01,28.0,32501.42,26,45,Close - False Positive,0,High-Value Wire,Wire,1,0,2026-04
ALT03549,2026-07-01,R008,ANL05,50.0,20719.37,4,56,Close - Explained Activity,0,Dormant Account Reactivation,All,0,0,2026-07
ALT03550,2026-08-02,R006,ANL04,48.0,7470.18,6,53,Escalate to Case,0,P2P Funnel Activity,P2P,0,1,2026-08
ALT03551,2026-02-14,R002,ANL02,50.0,133406.82,3,66,Close - False Positive,0,High-Risk Jurisdiction Wire,Wire,1,0,2026-02
ALT03552,2026-03-08,R004,ANL01,53.0,107121.95,3,30,Close - False Positive,0,Unusual Volume Increase,All,1,0,2026-03
ALT03553,2026-07-31,R005,ANL11,77.0,16820.3,12,55,Close - False Positive,0,High-Value Wire,Wire,1,0,2026-07
ALT03554,2026-09-01,R004,ANL10,59.0,7673.22,2,26,Close - False Positive,0,Unusual Volume Increase,All,1,0,2026-09
ALT03555,2026-03-05,R005,ANL04,46.0,2749.22,6,47,Escalate to Case,0,High-Value Wire,Wire,0,1,2026-03
ALT03556,2026-03-30,R005,ANL11,50.0,20988.87,2,54,Close - False Positive,0,High-Value Wire,Wire,1,0,2026-03
ALT03557,2026-04-03,R003,ANL10,72.0,41504.09,4,39,Escalate to Case,0,Rapid Movement of Funds,ACH/P2P/Wire,0,1,2026-04
ALT03558,2026-04-16,R002,ANL07,38.0,14371.74,6,45,Escalate to Case,0,High-Risk Jurisdiction Wire,Wire,0,1,2026-04
ALT03559,2026-01-20,R002,ANL12,43.0,250202.38,4,30,Close - Explained Activity,0,High-Risk Jurisdiction Wire,Wire,0,0,2026-01
ALT03560,2026-09-01,R004,ANL12,51.0,14097.17,7,36,Escalate to Case,0,Unusual Volume Increase,All,0,1,2026-09
ALT03561,2026-03-13,R004,ANL05,58.0,12844.6,14,20,Close - Explained Activity,0,Unusual Volume Increase,All,0,0,2026-03
ALT03562,2026-06-01,R006,ANL07,50.0,58032.86,8,39,Close - False Positive,0,P2P Funnel Activity,P2P,1,0,2026-06
ALT03563,2026-02-21,R002,ANL07,98.0,28622.02,2,12,Escalate to Case,0,High-Risk Jurisdiction Wire,Wire,0,1,2026-02
ALT03564,2026-04-26,R006,ANL09,75.0,15396.81,15,24,Close - False Positive,0,P2P Funnel Activity,P2P,1,0,2026-04
ALT03565,2026-03-02,R006,ANL09,60.0,166333.52,12,34,Escalate to Case,0,P2P Funnel Activity,P2P,0,1,2026-03
ALT03566,2026-06-13,R005,ANL10,43.0,81634.63,8,30,Close - Explained Activity,0,High-Value Wire,Wire,0,0,2026-06
ALT03567,2026-01-18,R008,ANL04,68.0,31098.02,10,56,Escalate to Case,0,Dormant Account Reactivation,All,0,1,2026-01
ALT03568,2026-04-30,R006,ANL10,54.0,12539.78,3,43,Close - False Positive,0,P2P Funnel Activity,P2P,1,0,2026-04
ALT03569,2026-01-11,R005,ANL02,67.0,16125.04,4,52,Escalate to Case,1,High-Value Wire,Wire,0,1,2026-01
ALT03570,2026-05-21,R007,ANL06,40.0,37023.69,4,56,Close - False Positive,0,Cash Intensive Business,Cash,1,0,2026-05
ALT03571,2026-07-22,R007,ANL01,55.0,23666.16,7,31,Close - False Positive,0,Cash Intensive Business,Cash,1,0,2026-07
ALT03572,2026-03-15,R002,ANL06,59.0,17104.94,13,37,Escalate to Case,0,High-Risk Jurisdiction Wire,Wire,0,1,2026-03
ALT03573,2026-01-11,R002,ANL06,49.0,136621.04,5,23,Close - Explained Activity,0,High-Risk Jurisdiction Wire,Wire,0,0,2026-01
ALT03574,2026-02-16,R001,ANL04,36.0,88237.31,8,32,Escalate to Case,0,Structuring / Cash Activity,Cash,0,1,2026-02
ALT03575,2026-06-23,R005,ANL04,54.0,13276.16,11,32,Close - Explained Activity,0,High-Value Wire,Wire,0,0,2026-06
ALT03576,2026-04-03,R008,ANL12,32.0,6806.38,5,27,Escalate to Case,0,Dormant Account Reactivation,All,0,1,2026-04
ALT03577,2026-01-27,R005,ANL05,15.0,16129.34,14,45,Escalate to Case,0,High-Value Wire,Wire,0,1,2026-01
ALT03578,2026-05-24,R007,ANL05,76.0,1785.26,18,59,Close - Explained Activity,0,Cash Intensive Business,Cash,0,0,2026-05
ALT03579,2026-08-22,R007,ANL08,66.0,8031.32,11,25,Close - False Positive,0,Cash Intensive Business,Cash,1,0,2026-08
ALT03580,2026-05-20,R001,ANL01,64.0,9459.75,5,45,Close - False Positive,0,Structuring / Cash Activity,Cash,1,0,2026-05
ALT03581,2026-08-19,R001,ANL07,81.0,16972.49,8,56,Close - False Positive,0,Structuring / Cash Activity,Cash,1,0,2026-08
ALT03582,2026-09-04,R001,ANL04,78.0,3809.63,6,39,Close - False Positive,0,Structuring / Cash Activity,Cash,1,0,2026-09
ALT03583,2026-09-22,R004,ANL08,51.0,98772.76,19,24,Close - Explained Activity,0,Unusual Volume Increase,All,0,0,2026-09
ALT03584,2026-06-15,R002,ANL11,70.0,185189.55,18,19,Close - False Positive,0,High-Risk Jurisdiction Wire,Wire,1,0,2026-06
ALT03585,2026-06-13,R005,ANL10,54.0,14040.35,19,39,Close - False Positive,0,High-Value Wire,Wire,1,0,2026-06
ALT03586,2026-01-20,R008,ANL07,44.0,87281.29,2,15,Escalate to Case,0,Dormant Account Reactivation,All,0,1,2026-01
ALT03587,2026-06-15,R006,ANL10,45.0,70240.43,7,44,Close - False Positive,0,P2P Funnel Activity,P2P,1,0,2026-06
ALT03588,2026-07-29,R004,ANL01,47.0,4821.87,19,8,Close - False Positive,0,Unusual Volume Increase,All,1,0,2026-07
ALT03589,2026-03-30,R002,ANL11,72.0,51755.2,6,42,Escalate to Case,1,High-Risk Jurisdiction Wire,Wire,0,1,2026-03
ALT03590,2026-01-29,R006,ANL09,83.0,58279.88,7,69,Close - Explained Activity,0,P2P Funnel Activity,P2P,0,0,2026-01
ALT03591,2026-03-29,R004,ANL04,97.0,6890.92,5,29,Close - False Positive,0,Unusual Volume Increase,All,1,0,2026-03
ALT03592,2026-04-13,R002,ANL04,58.0,47258.34,8,64,Escalate to Case,0,High-Risk Jurisdiction Wire,Wire,0,1,2026-04
ALT03593,2026-09-25,R007,ANL11,74.0,6518.86,16,61,Escalate to Case,0,Cash Intensive Business,Cash,0,1,2026-09
ALT03594,2026-08-28,R001,ANL02,57.0,20800.93,6,35,Escalate to Case,0,Structuring / Cash Activity,Cash,0,1,2026-08
ALT03595,2026-05-13,R006,ANL06,6.0,17997.07,5,42,Close - False Positive,0,P2P Funnel Activity,P2P,1,0,2026-05
ALT03596,2026-04-21,R002,ANL12,47.0,44546.06,18,36,Close - Explained Activity,0,High-Risk Jurisdiction Wire,Wire,0,0,2026-04
ALT03597,2026-07-08,R001,ANL04,44.0,59555.06,17,20,Close - False Positive,0,Structuring / Cash Activity,Cash,1,0,2026-07
ALT03598,2026-04-02,R003,ANL11,58.0,11002.68,25,15,Close - False Positive,0,Rapid Movement of Funds,ACH/P2P/Wire,1,0,2026-04
ALT03599,2026-01-11,R006,ANL02,65.0,13893.11,1,30,Close - False Positive,0,P2P Funnel Activity,P2P,1,0,2026-01
ALT03600,2026-09-24,R001,ANL02,43.0,27367.85,17,39,Close - False Positive,0,Structuring / Cash Activity,Cash,1,0,2026-09
